[04Mar2025 21:57:07.131] [main/INFO] [cpw.mods.modlauncher.Launcher/MODLAUNCHER]: ModLauncher running: args [--launchTarget, forgeserver, --fml.forgeVersion, 47.3.7, --fml.mcVersion, 1.20.1, --fml.forgeGroup, net.minecraftforge, --fml.mcpVersion, 20230612.114412, nogui]
[04Mar2025 21:57:07.139] [main/INFO] [cpw.mods.modlauncher.Launcher/MODLAUNCHER]: ModLauncher 10.0.9+10.0.9+main.dcd20f30 starting: java version 17.0.14 by Ubuntu; OS Linux arch amd64 version 6.5.0-1025-azure
[04Mar2025 21:57:17.781] [main/INFO] [net.minecraftforge.fml.loading.ImmediateWindowHandler/]: ImmediateWindowProvider not loading because launch target is forgeserver
[04Mar2025 21:57:17.880] [main/INFO] [mixin/]: SpongePowered MIXIN Subsystem Version=0.8.5 Source=union:/workspaces/mamahuevi/servidor_minecraft/libraries/org/spongepowered/mixin/0.8.5/mixin-0.8.5.jar%2365!/ Service=ModLauncher Env=SERVER
[04Mar2025 21:57:18.532] [main/WARN] [net.minecraftforge.fml.loading.moddiscovery.ModFileParser/LOADING]: Mod file /workspaces/mamahuevi/servidor_minecraft/libraries/net/minecraftforge/fmlcore/1.20.1-47.3.7/fmlcore-1.20.1-47.3.7.jar is missing mods.toml file
[04Mar2025 21:57:18.533] [main/WARN] [net.minecraftforge.fml.loading.moddiscovery.ModFileParser/LOADING]: Mod file /workspaces/mamahuevi/servidor_minecraft/libraries/net/minecraftforge/javafmllanguage/1.20.1-47.3.7/javafmllanguage-1.20.1-47.3.7.jar is missing mods.toml file
[04Mar2025 21:57:18.534] [main/WARN] [net.minecraftforge.fml.loading.moddiscovery.ModFileParser/LOADING]: Mod file /workspaces/mamahuevi/servidor_minecraft/libraries/net/minecraftforge/lowcodelanguage/1.20.1-47.3.7/lowcodelanguage-1.20.1-47.3.7.jar is missing mods.toml file
[04Mar2025 21:57:18.535] [main/WARN] [net.minecraftforge.fml.loading.moddiscovery.ModFileParser/LOADING]: Mod file /workspaces/mamahuevi/servidor_minecraft/libraries/net/minecraftforge/mclanguage/1.20.1-47.3.7/mclanguage-1.20.1-47.3.7.jar is missing mods.toml file
[04Mar2025 21:57:19.206] [main/WARN] [net.minecraftforge.jarjar.selection.JarSelector/]: Attempted to select two dependency jars from JarJar which have the same identification: Mod File:  and Mod File: . Using Mod File: 
[04Mar2025 21:57:19.208] [main/INFO] [net.minecraftforge.fml.loading.moddiscovery.JarInJarDependencyLocator/]: Found 20 dependencies adding them to mods collection
[04Mar2025 21:57:24.097] [main/INFO] [mixin/]: Compatibility level set to JAVA_17
[04Mar2025 21:57:24.350] [main/ERROR] [mixin/]: Mixin config mixins.delightfulsandwich.json does not specify "minVersion" property
[04Mar2025 21:57:24.574] [main/INFO] [cpw.mods.modlauncher.LaunchServiceHandler/MODLAUNCHER]: Launching target 'forgeserver' with arguments [nogui]
[04Mar2025 21:57:24.951] [main/INFO] [ModernFix/]: Loaded configuration file for ModernFix 5.20.2+mc1.20.1: 87 options available, 0 override(s) found
[04Mar2025 21:57:24.952] [main/INFO] [ModernFix/]: Applying Nashorn fix
[04Mar2025 21:57:24.971] [main/INFO] [ModernFix/]: Applied Forge config corruption patch
[04Mar2025 21:57:25.110] [main/WARN] [mixin/]: Reference map 'farmersplus.refmap.json' for farmersplus.mixins.json could not be read. If this is a development environment you can ignore this message
[04Mar2025 21:57:25.398] [main/WARN] [mixin/]: Reference map 'EpheroLib-refmap.json' for epherolib.mixins.json could not be read. If this is a development environment you can ignore this message
[04Mar2025 21:57:25.413] [main/WARN] [mixin/]: Reference map 'mixins.betterstacking.refmap.json' for mixins.delightfulsandwich.json could not be read. If this is a development environment you can ignore this message
[04Mar2025 21:57:25.461] [main/WARN] [mixin/]: Reference map 'farmersrespite.refmap.json' for farmersrespite.mixins.json could not be read. If this is a development environment you can ignore this message
[04Mar2025 21:57:25.596] [main/WARN] [mixin/]: Reference map 'packetfixer-forge-forge-refmap.json' for packetfixer.forge.mixins.json could not be read. If this is a development environment you can ignore this message
[04Mar2025 21:57:25.599] [main/WARN] [mixin/]: Reference map '${mod_id}.refmap.json' for medievalorigins.mixins.json could not be read. If this is a development environment you can ignore this message
[04Mar2025 21:57:25.619] [main/WARN] [mixin/]: Reference map 'cristellib-forge-refmap.json' for cristellib.mixins.json could not be read. If this is a development environment you can ignore this message
[04Mar2025 21:57:29.043] [main/WARN] [mixin/]: Error loading class: dev/shadowsoffire/apotheosis/ench/table/ApothEnchantmentMenu (java.lang.ClassNotFoundException: dev.shadowsoffire.apotheosis.ench.table.ApothEnchantmentMenu)
[04Mar2025 21:57:29.044] [main/WARN] [mixin/]: @Mixin target dev.shadowsoffire.apotheosis.ench.table.ApothEnchantmentMenu was not found origins_classes.mixins.json:common.apotheosis.ApotheosisEnchantmentMenuMixin
[04Mar2025 21:57:29.067] [main/WARN] [mixin/]: Error loading class: se/mickelus/tetra/blocks/workbench/WorkbenchTile (java.lang.ClassNotFoundException: se.mickelus.tetra.blocks.workbench.WorkbenchTile)
[04Mar2025 21:57:29.067] [main/WARN] [mixin/]: @Mixin target se.mickelus.tetra.blocks.workbench.WorkbenchTile was not found origins_classes.mixins.json:common.tetra.WorkbenchTileMixin
[04Mar2025 21:57:29.354] [main/WARN] [mixin/]: Error loading class: noobanidus/mods/lootr/block/entities/TileTicker (java.lang.ClassNotFoundException: noobanidus.mods.lootr.block.entities.TileTicker)
[04Mar2025 21:57:30.078] [main/WARN] [mixin/]: Error loading class: tfar/davespotioneering/blockentity/AdvancedBrewingStandBlockEntity (java.lang.ClassNotFoundException: tfar.davespotioneering.blockentity.AdvancedBrewingStandBlockEntity)
[04Mar2025 21:57:30.078] [main/WARN] [mixin/]: @Mixin target tfar.davespotioneering.blockentity.AdvancedBrewingStandBlockEntity was not found itemproductionlib.mixins.json:davespotioneering/AdvancedBrewingStandBlockEntityMixin
[04Mar2025 21:57:30.083] [main/WARN] [mixin/]: Error loading class: fuzs/visualworkbench/world/inventory/ModCraftingMenu (java.lang.ClassNotFoundException: fuzs.visualworkbench.world.inventory.ModCraftingMenu)
[04Mar2025 21:57:30.084] [main/WARN] [mixin/]: @Mixin target fuzs.visualworkbench.world.inventory.ModCraftingMenu was not found itemproductionlib.mixins.json:visualworkbench/ModCraftingMenuMixin
[04Mar2025 21:57:30.099] [main/WARN] [mixin/]: Error loading class: fuzs/easymagic/world/inventory/ModEnchantmentMenu (java.lang.ClassNotFoundException: fuzs.easymagic.world.inventory.ModEnchantmentMenu)
[04Mar2025 21:57:30.099] [main/WARN] [mixin/]: @Mixin target fuzs.easymagic.world.inventory.ModEnchantmentMenu was not found skilltree.mixins.json:easymagic/ModEnchantmentMenuMixin
[04Mar2025 21:57:30.103] [main/WARN] [mixin/]: Error loading class: dev/shadowsoffire/apotheosis/ench/table/ApothEnchantmentMenu (java.lang.ClassNotFoundException: dev.shadowsoffire.apotheosis.ench.table.ApothEnchantmentMenu)
[04Mar2025 21:57:30.103] [main/WARN] [mixin/]: @Mixin target dev.shadowsoffire.apotheosis.ench.table.ApothEnchantmentMenu was not found skilltree.mixins.json:apotheosis/ApothEnchantContainerMixin
[04Mar2025 21:57:30.106] [main/WARN] [mixin/]: Error loading class: dev/shadowsoffire/apotheosis/adventure/socket/SocketingRecipe (java.lang.ClassNotFoundException: dev.shadowsoffire.apotheosis.adventure.socket.SocketingRecipe)
[04Mar2025 21:57:30.107] [main/WARN] [mixin/]: @Mixin target dev.shadowsoffire.apotheosis.adventure.socket.SocketingRecipe was not found skilltree.mixins.json:apotheosis/SocketingRecipeMixin
[04Mar2025 21:57:30.109] [main/WARN] [mixin/]: Error loading class: dev/shadowsoffire/apotheosis/adventure/socket/gem/bonus/AttributeBonus (java.lang.ClassNotFoundException: dev.shadowsoffire.apotheosis.adventure.socket.gem.bonus.AttributeBonus)
[04Mar2025 21:57:30.110] [main/WARN] [mixin/]: @Mixin target dev.shadowsoffire.apotheosis.adventure.socket.gem.bonus.AttributeBonus was not found skilltree.mixins.json:apotheosis/AttributeBonusMixin
[04Mar2025 21:57:30.113] [main/WARN] [mixin/]: Error loading class: dev/shadowsoffire/apotheosis/adventure/socket/gem/bonus/EnchantmentBonus (java.lang.ClassNotFoundException: dev.shadowsoffire.apotheosis.adventure.socket.gem.bonus.EnchantmentBonus)
[04Mar2025 21:57:30.113] [main/WARN] [mixin/]: @Mixin target dev.shadowsoffire.apotheosis.adventure.socket.gem.bonus.EnchantmentBonus was not found skilltree.mixins.json:apotheosis/EnchantmentBonusMixin
[04Mar2025 21:57:30.179] [main/WARN] [mixin/]: Error loading class: net/mehvahdjukaar/amendments/events/behaviors/InteractEvents (java.lang.ClassNotFoundException: net.mehvahdjukaar.amendments.events.behaviors.InteractEvents)
[04Mar2025 21:57:30.179] [main/WARN] [mixin/]: @Mixin target net.mehvahdjukaar.amendments.events.behaviors.InteractEvents was not found mynethersdelight.mixins.json:amendments.InteractEventsMixin
[04Mar2025 21:57:30.595] [main/INFO] [MixinExtras|Service/]: Initializing MixinExtras via com.llamalad7.mixinextras.service.MixinExtrasServiceImpl(version=0.4.1).
[04Mar2025 21:57:31.391] [main/INFO] [net.minecraft.server.Bootstrap/]: ModernFix reached bootstrap stage (30.94 s after launch)
[04Mar2025 21:57:31.623] [main/WARN] [mixin/]: @Final field delegatesByName:Ljava/util/Map; in modernfix-forge.mixins.json:perf.forge_registry_alloc.ForgeRegistryMixin should be final
[04Mar2025 21:57:31.623] [main/WARN] [mixin/]: @Final field delegatesByValue:Ljava/util/Map; in modernfix-forge.mixins.json:perf.forge_registry_alloc.ForgeRegistryMixin should be final
[04Mar2025 21:57:35.332] [main/INFO] [net.minecraft.server.Bootstrap/]: Vanilla bootstrap took 3938 milliseconds
[04Mar2025 21:57:38.921] [main/WARN] [mixin/]: Mixin alexscaves.mixins.json:SwampHutPieceMixin has multiple constructors, (Lnet/minecraft/world/level/levelgen/structure/pieces/StructurePieceType;IIIIIILnet/minecraft/core/Direction;)V was selected

[04Mar2025 21:57:39.581] [modloading-worker-0/INFO] [Easy NPC/]: Initializing Easy NPC (Forge) ...
[04Mar2025 21:57:39.582] [modloading-worker-0/INFO] [Easy NPC/]: 🗣 Register Easy NPC Debug Manager ...
[04Mar2025 21:57:39.586] [modloading-worker-0/WARN] [Easy NPC/]: [Debug Manager] Detected debug log level for Easy NPC with ALL!
[04Mar2025 21:57:39.587] [modloading-worker-0/WARN] [Easy NPC/]: [Debug Manager] Adjusting log level for Easy NPC from ALL to INFO, for performance reasons!
[04Mar2025 21:57:39.588] [modloading-worker-0/INFO] [Easy NPC/]: [Debug Manager] Add new logger config for Easy NPC with level INFO ...
[04Mar2025 21:57:39.589] [modloading-worker-0/INFO] [Easy NPC/]: 🗣 Register Easy NPC Constants ...
[04Mar2025 21:57:39.593] [modloading-worker-0/INFO] [Easy NPC/]: 🗣 Register Easy NPC Configuration ...
[04Mar2025 21:57:39.595] [modloading-worker-0/INFO] [Easy NPC/]: [Config] Updated configuration path to /workspaces/mamahuevi/servidor_minecraft/config/easy_npc
[04Mar2025 21:57:39.596] [modloading-worker-0/INFO] [Easy NPC/]: [Config] Registering common configuration ...
[04Mar2025 21:57:39.600] [modloading-worker-0/INFO] [Easy NPC/]: [Config] Render Entity Type Support Configuration

 Please note that this configuration file only includes confirmed entity types.
 If an entity type is not listed here, it doesn't mean it's automatically supported or unsupported!
 is up to date: {minecraft:giant=true, dannys_expansion:mundane_slime=false, botania:pool_minecart=false, botania:ender_air=false, minecraft:end_crystal=false, simple_mobs:rumble=false, minecraft:experience_bottle=false, minecraft:glow_squid=true, minecraft:trader_llama=true, orcz:decaystrikecustom=false, simple_mobs:staff_usage=false, minecraft:horse=true, the_bumblezone:purple_spike_entity=false, minecraft:llama=true, minecraft:husk=true, minecraft:cave_spider=true, minecraft:enderman=true, minecraft:dolphin=true, frostiful:freezing_wind=false, minecraft:shulker_bullet=false, simple_mobs:projecttest=false, minecraft:donkey=true, minecraft:area_effect_cloud=false, minecraft:ghast=false, frostiful:packed_snowball=false, twigs:pebble=false, handcrafted:fancy_painting=false, moretotems:summoned_zombie=false, minecraft:piglin_brute=true, minecraft:creeper=true, minecraft:glow_item_frame=false, minecraft:bee=true, botania:mana_storm=false, minecraft:illusioner=true, minecraft:player=false, minecraft:wither_skull=false, minecraft:mooshroom=true, smallships:galley=false, create:stationary_contraption=false, minecraft:eye_of_ender=false, minecraft:villager=true, ad_astra:tier_1_rocket=false, botania:magic_landmine=false, minecraft:stray=true, smallships:cog=false, minecraft:falling_block=false, minecraft:drowned=true, minecraft:axolotl=true, botania:doppleganger=false, botania:flame_ring=false, botania:ender_air_bottle=false, minecraft:tnt=false, ae2:tiny_tnt_primed=false, botania:magic_missile=false, create:crafting_blueprint=false, create:contraption=false, minecraft:strider=true, smallships:brigg=false, minecraft:guardian=true, minecraft:parrot=true, minecraft:arrow=false, lootr:lootr_minecart=false, the_bumblezone:pollen_puff=false, minecraft:chest_minecart=false, minecraft:wither=true, minecraft:ender_pearl=false, create:super_glue=false, minecraft:wandering_trader=true, handcrafted:seat=false, simple_mobs:dragon_smoke=false, minecraft:wither_skeleton=true, botania:thorn_chakram=false, minecraft:iron_golem=true, botania:pixie=false, dummmmmmy:target_dummy=false, minecraft:elder_guardian=true, graveyard:skull=false, minecraft:mule=true, the_bumblezone:bee_stinger=false, the_bumblezone:thrown_stinger_spear=false, minecraft:armor_stand=false, aquamirae:pillagers_patrol=false, minecraft:vindicator=true, botania:mana_burst=false, minecraft:evoker=true, minecraft:slime=false, minecraft:leash_knot=false, botania:babylon_weapon=false, minecraft:pufferfish=true, terraform:boat=false, swampier_swamps:swamp_gas=false, minecraft:experience_orb=false, ad_astra:tier_3_rocket=false, minecraft:fox=true, botania:thrown_item=false, the_bumblezone:cosmic_crystal_entity=false, graveyard:ghouling=false, botania:player_mover=false, minecraft:silverfish=true, minecraft:endermite=true, minecraft:firework_rocket=false, minecraft:chicken=true, minecraft:zombie=true, the_bumblezone:sentry_watcher=false, minecraft:spawner_minecart=false, botania:spark=false, botania:falling_star=false, minecraft:hoglin=true, minecraft:boat=false, minecraft:trident=false, friendsandfoes:player_illusion=false, minecraft:polar_bear=true, minecraft:phantom=false, ad_astra:tier_4_rocket=false, minecraft:zombified_piglin=true, minecraft:witch=true, ad_astra:tier_2_rocket=false, minecraft:pig=true, minecraft:turtle=true, moretotems:summoned_bee=false, minecraft:sheep=true, minecraft:ender_dragon=false, minecraft:goat=true, minecraft:item_frame=false, create:carriage_contraption=false, minecraft:vex=true, minecraft:minecart=false, minecraft:item=false, minecraft:dragon_fireball=false, minecraft:cod=true, minecraft:skeleton=true, ad_astra:space_painting=false, create:seat=false, simple_mobs:staff_interact=false, minecraft:ravager=true, minecraft:squid=true, minecraft:skeleton_horse=true, minecraft:cow=true, minecraft:potion=false, ad_astra:lander=false, minecraft:salmon=true, minecraft:snow_golem=true, minecraft:shulker=true, friendsandfoes:ice_chunk=false, minecraft:hopper_minecart=false, the_bumblezone:honey_crystal_shard=false, simple_mobs:lightning_spear=false, minecraft:rabbit=true, minecraft:painting=false, minecraft:pillager=true, the_bumblezone:electric_ring_entity=false, minecraft:zoglin=true, minecraft:lightning_bolt=false, frostiful:frost_spell=false, minecraft:fishing_bobber=false, minecraft:tnt_minecart=false, simple_mobs:ground_spike=false, minecraft:command_block_minecart=false, minecraft:bat=false, the_bumblezone:dirt_pellet=false, minecraft:fireball=false, minecraft:llama_spit=false, minecraft:furnace_minecart=false, minecraft:evoker_fangs=false, minecraft:piglin=true, minecraft:snowball=false, minecraft:spectral_arrow=false, orcz:wither_strikeringcustom=false, simple_mobs:elemental_chain=false, minecraft:blaze=true, ad_astra:ice_spit=false, techreborn:nuke=false, minecraft:egg=false, minecraft:zombie_horse=true, minecraft:magma_cube=false, minecraft:small_fireball=false, frostiful:thrown_icicle=false, minecraft:spider=true, ad_astra:tier_1_rover=false, minecraft:marker=false, majruszsdifficulty:cursed_armor=false, minecraft:text_display=false, farmersdelight:rotten_tomato=false, minecraft:cat=true, armourers_workshop:mannequin=false, create:gantry_contraption=false, minecraft:tropical_fish=true, botania:corporea_spark=false, minecraft:ocelot=true, minecraft:wolf=true, minecraft:panda=true, minecraft:zombie_villager=true}
[04Mar2025 21:57:39.606] [modloading-worker-0/INFO] [Easy NPC/]: [Config] Registering server configuration ...
[04Mar2025 21:57:39.606] [modloading-worker-0/INFO] [Easy NPC/]: 🗣 Register Easy NPC Common Data Files ...
[04Mar2025 21:57:39.615] [modloading-worker-0/INFO] [Easy NPC/]: 🗣 Register Easy NPC Common data folders ...
[04Mar2025 21:57:39.616] [modloading-worker-0/INFO] [Easy NPC/]: 🗣 Register Easy NPC Entity Data Serializers ...
[04Mar2025 21:57:39.741] [modloading-worker-0/INFO] [Easy NPC/]: Registered entity data serializer ActionEventSet with id 28
[04Mar2025 21:57:39.741] [modloading-worker-0/INFO] [Easy NPC/]: Registered entity data serializer CustomAttributes with id 29
[04Mar2025 21:57:39.742] [modloading-worker-0/INFO] [Easy NPC/]: Registered entity data serializer DialogDataSet with id 30
[04Mar2025 21:57:39.742] [modloading-worker-0/INFO] [Easy NPC/]: Registered entity data serializer DisplayAttributeSet with id 31
[04Mar2025 21:57:39.742] [modloading-worker-0/INFO] [Easy NPC/]: Registered entity data serializer EntityAttributes with id 32
[04Mar2025 21:57:39.742] [modloading-worker-0/INFO] [Easy NPC/]: Registered entity data serializer MerchantOffers with id 33
[04Mar2025 21:57:39.742] [modloading-worker-0/INFO] [Easy NPC/]: Registered entity data serializer ModelPose with id 34
[04Mar2025 21:57:39.743] [modloading-worker-0/INFO] [Easy NPC/]: Registered entity data serializer ObjectiveDataSet with id 35
[04Mar2025 21:57:39.743] [modloading-worker-0/INFO] [Easy NPC/]: Registered entity data serializer CustomPosition with id 36
[04Mar2025 21:57:39.743] [modloading-worker-0/INFO] [Easy NPC/]: Registered entity data serializer Profession with id 37
[04Mar2025 21:57:39.743] [modloading-worker-0/INFO] [Easy NPC/]: Registered entity data serializer RenderDataSet with id 38
[04Mar2025 21:57:39.743] [modloading-worker-0/INFO] [Easy NPC/]: Registered entity data serializer CustomRotation with id 39
[04Mar2025 21:57:39.743] [modloading-worker-0/INFO] [Easy NPC/]: Registered entity data serializer CustomScale with id 40
[04Mar2025 21:57:39.743] [modloading-worker-0/INFO] [Easy NPC/]: Registered entity data serializer SkinDataEntry with id 41
[04Mar2025 21:57:39.743] [modloading-worker-0/INFO] [Easy NPC/]: Registered entity data serializer SoundDataSet with id 42
[04Mar2025 21:57:39.744] [modloading-worker-0/INFO] [Easy NPC/]: Registered entity data serializer HashSet:UUID with id 43
[04Mar2025 21:57:39.744] [modloading-worker-0/INFO] [Easy NPC/]: Registered entity data serializer HashSet:String with id 44
[04Mar2025 21:57:39.744] [modloading-worker-0/INFO] [Easy NPC/]: Registered entity data serializer TradingDataSet with id 45
[04Mar2025 21:57:39.744] [modloading-worker-0/INFO] [Easy NPC/]: Registered entity data serializer UUID with id 46
[04Mar2025 21:57:39.744] [modloading-worker-0/INFO] [Easy NPC/]: 🗣 Register Easy NPC Compatibility Handler ...
[04Mar2025 21:57:39.745] [modloading-worker-0/INFO] [Easy NPC/]: 🗣 Register Easy NPC Compat Handler ...
[04Mar2025 21:57:39.746] [modloading-worker-0/INFO] [Easy NPC/]: [Compat Manager] Epic Fight mod with id 'epicfight' loaded: false
[04Mar2025 21:57:39.746] [modloading-worker-0/INFO] [Easy NPC/]: [Compat Manager] Cobblemon mod with id 'cobblemon' loaded: false
[04Mar2025 21:57:39.746] [modloading-worker-0/INFO] [Easy NPC/]: 🗣 Register Easy NPC Command Argument Types ...
[04Mar2025 21:57:39.748] [modloading-worker-0/INFO] [Easy NPC/]: 🗣 Register Easy NPC Entity Types ...
[04Mar2025 21:57:39.759] [modloading-worker-0/INFO] [Easy NPC/]: 🗣 Register Easy NPC Blocks ...
[04Mar2025 21:57:39.762] [modloading-worker-0/INFO] [Easy NPC/]: 🗣 Register Easy NPC Blocks Entity Types ...
[04Mar2025 21:57:39.762] [modloading-worker-0/INFO] [Easy NPC/]: 🗣 Register Easy NPC Items ...
[04Mar2025 21:57:39.774] [modloading-worker-0/INFO] [Easy NPC/]: 🗣 Register Easy NPC Menu Types ...
[04Mar2025 21:57:39.785] [modloading-worker-0/INFO] [Easy NPC/]: 🗣 Register Easy NPC Menu Handler ...
[04Mar2025 21:57:39.790] [modloading-worker-0/INFO] [Easy NPC/]: 🗣 Register Easy NPC Network Handler ...
[04Mar2025 21:57:39.792] [modloading-worker-0/INFO] [Easy NPC/]: Registering server network handler for Server -> Client messages.
[04Mar2025 21:57:39.793] [modloading-worker-0/INFO] [Easy NPC/]: 🗣 Register Easy NPC Client Network Message Handler ...
[04Mar2025 21:57:39.844] [modloading-worker-0/INFO] [plus.dragons.createdragonlib.DragonLib/]: Create: Dragon Lib 1.4.3 has initialized, ready to support your Create add-ons!
[04Mar2025 21:57:40.275] [modloading-worker-0/INFO] [io.github.apace100.apoli.Apoli/]: Apoli 1.20.1-2.9.0.8 has initialized. Ready to power up your game!
[04Mar2025 21:57:40.575] [modloading-worker-0/INFO] [me.wesley1808.servercore.common.ServerCore/]: [ServerCore] Loaded V1.5.2+1.20.1!
[04Mar2025 21:57:40.885] [modloading-worker-0/INFO] [io.github.apace100.origins.Origins/]: Origins 1.20.1-1.10.0.9 is initializing. Have fun!
[04Mar2025 21:57:40.895] [modloading-worker-0/INFO] [Collective/]: Loading Collective version 7.92.
[04Mar2025 21:57:40.997] [modloading-worker-0/INFO] [dev.limonblaze.originsclasses.OriginsClasses/]: Origins:Classes 1.2.1 has initialized. Time for work!
[04Mar2025 21:57:41.207] [modloading-worker-0/INFO] [dev.architectury.networking.forge.NetworkManagerImpl/]: Registering C2S receiver with id architectury:sync_ids
[04Mar2025 21:57:41.231] [modloading-worker-0/INFO] [com.cupboard.Cupboard/]: Loaded config for: cupboard.json
[04Mar2025 21:57:41.664] [modloading-worker-0/INFO] [net.minecraftforge.common.ForgeMod/FORGEMOD]: Forge mod loading, version 47.3.7, for MC 1.20.1 with MCP 20230612.114412
[04Mar2025 21:57:41.665] [modloading-worker-0/INFO] [net.minecraftforge.common.MinecraftForge/FORGE]: MinecraftForge v47.3.7 Initialized
[04Mar2025 21:57:41.862] [modloading-worker-0/INFO] [net.pixeldreamstudios.passiveskilltreeadditions.PassiveSkillTreeAdditions/]: Hello from Passive Skill Tree Additions!
[04Mar2025 21:57:41.874] [modloading-worker-0/INFO] [Calio/]: Calio 1.20.1-1.11.0.5 initializing...
[04Mar2025 21:57:41.980] [modloading-worker-0/INFO] [Spartan Shields/]: Constructing Mod: Spartan Shields
[04Mar2025 21:57:42.056] [modloading-worker-0/INFO] [Apugli/]: Apugli 2.10.2 has initialized. Powering up your powered up game.
[04Mar2025 21:57:42.632] [modloading-worker-0/INFO] [Eco Stack Manager/]: Initializing Eco Stack Manager (Forge) with /workspaces/mamahuevi/servidor_minecraft ...
[04Mar2025 21:57:42.632] [modloading-worker-0/INFO] [Eco Stack Manager/]: 🌐 Register Eco Stack Manager  Configuration ...
[04Mar2025 21:57:42.634] [modloading-worker-0/INFO] [Eco Stack Manager/]: [Config] Updated configuration path to /workspaces/mamahuevi/servidor_minecraft/config/eco_stack_manager
[04Mar2025 21:57:42.636] [modloading-worker-0/INFO] [Eco Stack Manager/]: [Config] Experience Orb Configuration is up to date: {move_position_to_last_drop=false, collect_radius=4}
[04Mar2025 21:57:42.639] [modloading-worker-0/INFO] [Eco Stack Manager/]: [Config] Item Entity Configuration is up to date: {max_number_of_items_per_type=32, max_number_of_items_per_world=128, move_position_to_last_drop=false, deny_list=minecraft:diamond_block,minecraft:diamond, allow_list=, max_stack_size=64, collect_radius=3, verification_cycle=64}
[04Mar2025 21:57:42.640] [modloading-worker-0/INFO] [Eco Stack Manager/]: 🌐 Register Eco Stack Manager  Debug Manager ...
[04Mar2025 21:57:42.642] [modloading-worker-0/WARN] [Eco Stack Manager/]: [Debug Manager] Detected debug log level for Eco Stack Manager with ALL!
[04Mar2025 21:57:42.642] [modloading-worker-0/WARN] [Eco Stack Manager/]: [Debug Manager] Adjusting log level for Eco Stack Manager from ALL to INFO, for performance reasons!
[04Mar2025 21:57:42.642] [modloading-worker-0/INFO] [Eco Stack Manager/]: [Debug Manager] Add new logger config for Eco Stack Manager with level INFO ...
[04Mar2025 21:57:42.644] [modloading-worker-0/INFO] [Eco Stack Manager/]: 🌐 Register Eco Stack Manager  additional mod support ...
[04Mar2025 21:57:42.645] [modloading-worker-0/INFO] [Eco Stack Manager/]: Checking for additional mods for avoiding incompatibility ...
[04Mar2025 21:57:42.646] [modloading-worker-0/WARN] [Eco Stack Manager/]: WARNING: Create items will be automatically exclude from optimizations!
[04Mar2025 21:57:42.692] [modloading-worker-0/INFO] [dev.tonimatas.packetfixer.PacketFixer/]: Packet Fixer has been initialized successfully
[04Mar2025 21:57:42.699] [modloading-worker-0/INFO] [Medieval Origins Revival/]: Loading Medieval Origins
[04Mar2025 21:57:42.835] [modloading-worker-0/INFO] [ModernFix/]: Bypassed Mojang DFU
[04Mar2025 21:57:42.835] [modloading-worker-0/INFO] [ModernFix/]: Instantiating Mojang DFU
[04Mar2025 21:57:45.168] [main/WARN] [net.minecraftforge.registries.ForgeRegistry/REGISTRIES]: Registry minecraft:sound_event: The object net.minecraft.sounds.SoundEvent@595713fd has been registered twice for the same name treechop:chop_wood.
[04Mar2025 21:57:46.802] [main/INFO] [Moonlight/]: Initialized block sets in 26ms
[04Mar2025 21:57:49.891] [main/WARN] [net.minecraftforge.registries.ForgeRegistry/REGISTRIES]: Registry forge:global_loot_modifier_serializers: The object RecordCodec[UnitDecoder[vectorwing.farmersdelight.common.loot.modifier.AddItemModifier$$Lambda$22715/0x00007d3d367d06c0@6b843121] * Field[conditions: passthrough[flatXmapped]] * Field[item: net.minecraftforge.registries.ForgeRegistry$RegistryCodec@4e2269a9] * OptionalFieldCodec[count: Int][xmapped]] has been registered twice for the same name farmersdelight:add_item.
[04Mar2025 21:57:49.891] [main/WARN] [net.minecraftforge.registries.ForgeRegistry/REGISTRIES]: Registry forge:global_loot_modifier_serializers: The object RecordCodec[UnitDecoder[vectorwing.farmersdelight.common.loot.modifier.ReplaceItemModifier$$Lambda$22720/0x00007d3d367d1200@3feaab12] * Field[conditions: passthrough[flatXmapped]] * Field[removed_item: net.minecraftforge.registries.ForgeRegistry$RegistryCodec@4e2269a9] * Field[added_item: net.minecraftforge.registries.ForgeRegistry$RegistryCodec@4e2269a9] * OptionalFieldCodec[count: Int][xmapped]] has been registered twice for the same name farmersdelight:replace_item.
[04Mar2025 21:57:49.891] [main/WARN] [net.minecraftforge.registries.ForgeRegistry/REGISTRIES]: Registry forge:global_loot_modifier_serializers: The object RecordCodec[UnitDecoder[vectorwing.farmersdelight.common.loot.modifier.AddLootTableModifier$$Lambda$22723/0x00007d3d367d18d0@2b7fa4d6] * Field[conditions: passthrough[flatXmapped]] * Field[lootTable: String[comapFlatMapped]]] has been registered twice for the same name farmersdelight:add_loot_table.
[04Mar2025 21:57:49.891] [main/WARN] [net.minecraftforge.registries.ForgeRegistry/REGISTRIES]: Registry forge:global_loot_modifier_serializers: The object RecordCodec[UnitDecoder[vectorwing.farmersdelight.common.loot.modifier.PastrySlicingModifier$$Lambda$22726/0x00007d3d367d1f80@61b895a1] * Field[conditions: passthrough[flatXmapped]] * Field[slice: net.minecraftforge.registries.ForgeRegistry$RegistryCodec@4e2269a9]] has been registered twice for the same name farmersdelight:pastry_slicing.
[04Mar2025 21:57:49.973] [main/INFO] [Easy NPC/]: - Registering Synched Attack Data for EasyNPCBaseEntity.
[04Mar2025 21:57:49.973] [main/WARN] [net.minecraft.network.syncher.SynchedEntityData/]: defineId called for: class de.markusbordihn.easynpc.entity.EasyNPCBaseEntity from interface de.markusbordihn.easynpc.entity.easynpc.data.AttackData
[04Mar2025 21:57:49.974] [main/INFO] [Easy NPC/]: - Registering Synched Attribute Data for EasyNPCBaseEntity.
[04Mar2025 21:57:49.974] [main/WARN] [net.minecraft.network.syncher.SynchedEntityData/]: defineId called for: class de.markusbordihn.easynpc.entity.EasyNPCBaseEntity from interface de.markusbordihn.easynpc.entity.easynpc.data.AttributeData
[04Mar2025 21:57:49.974] [main/INFO] [Easy NPC/]: - Registering Synched Custom Attribute Data for EasyNPCBaseEntity.
[04Mar2025 21:57:49.974] [main/WARN] [net.minecraft.network.syncher.SynchedEntityData/]: defineId called for: class de.markusbordihn.easynpc.entity.EasyNPCBaseEntity from interface de.markusbordihn.easynpc.entity.easynpc.data.CustomAttributeData
[04Mar2025 21:57:49.974] [main/INFO] [Easy NPC/]: - Registering Synched Display Attribute Data for EasyNPCBaseEntity.
[04Mar2025 21:57:49.974] [main/WARN] [net.minecraft.network.syncher.SynchedEntityData/]: defineId called for: class de.markusbordihn.easynpc.entity.EasyNPCBaseEntity from interface de.markusbordihn.easynpc.entity.easynpc.data.DisplayAttributeData
[04Mar2025 21:57:49.974] [main/INFO] [Easy NPC/]: - Registering Synched Navigation Data for EasyNPCBaseEntity.
[04Mar2025 21:57:49.975] [main/WARN] [net.minecraft.network.syncher.SynchedEntityData/]: defineId called for: class de.markusbordihn.easynpc.entity.EasyNPCBaseEntity from interface de.markusbordihn.easynpc.entity.easynpc.data.NavigationData
[04Mar2025 21:57:49.975] [main/INFO] [Easy NPC/]: - Registering Synched Owner Data for EasyNPCBaseEntity.
[04Mar2025 21:57:49.975] [main/WARN] [net.minecraft.network.syncher.SynchedEntityData/]: defineId called for: class de.markusbordihn.easynpc.entity.EasyNPCBaseEntity from interface de.markusbordihn.easynpc.entity.easynpc.data.OwnerData
[04Mar2025 21:57:49.975] [main/INFO] [Easy NPC/]: - Registering Synched Profession Data for EasyNPCBaseEntity.
[04Mar2025 21:57:49.975] [main/WARN] [net.minecraft.network.syncher.SynchedEntityData/]: defineId called for: class de.markusbordihn.easynpc.entity.EasyNPCBaseEntity from interface de.markusbordihn.easynpc.entity.easynpc.data.ProfessionData
[04Mar2025 21:57:49.975] [main/INFO] [Easy NPC/]: - Registering Synched Render Data for EasyNPCBaseEntity.
[04Mar2025 21:57:49.975] [main/WARN] [net.minecraft.network.syncher.SynchedEntityData/]: defineId called for: class de.markusbordihn.easynpc.entity.EasyNPCBaseEntity from interface de.markusbordihn.easynpc.entity.easynpc.data.RenderData
[04Mar2025 21:57:49.975] [main/INFO] [Easy NPC/]: - Registering Synched Skin Data for EasyNPCBaseEntity.
[04Mar2025 21:57:49.976] [main/WARN] [net.minecraft.network.syncher.SynchedEntityData/]: defineId called for: class de.markusbordihn.easynpc.entity.EasyNPCBaseEntity from interface de.markusbordihn.easynpc.entity.easynpc.data.SkinData
[04Mar2025 21:57:49.976] [main/INFO] [Easy NPC/]: - Registering Synched Sound Data for EasyNPCBaseEntity.
[04Mar2025 21:57:49.976] [main/WARN] [net.minecraft.network.syncher.SynchedEntityData/]: defineId called for: class de.markusbordihn.easynpc.entity.EasyNPCBaseEntity from interface de.markusbordihn.easynpc.entity.easynpc.data.SoundData
[04Mar2025 21:57:49.976] [main/INFO] [Easy NPC/]: - Registering Synched Trading Data for EasyNPCBaseEntity.
[04Mar2025 21:57:49.976] [main/WARN] [net.minecraft.network.syncher.SynchedEntityData/]: defineId called for: class de.markusbordihn.easynpc.entity.EasyNPCBaseEntity from interface de.markusbordihn.easynpc.entity.easynpc.data.TradingData
[04Mar2025 21:57:49.976] [main/WARN] [net.minecraft.network.syncher.SynchedEntityData/]: defineId called for: class de.markusbordihn.easynpc.entity.EasyNPCBaseEntity from interface de.markusbordihn.easynpc.entity.easynpc.data.TradingData
[04Mar2025 21:57:49.977] [main/WARN] [net.minecraft.network.syncher.SynchedEntityData/]: defineId called for: class de.markusbordihn.easynpc.entity.EasyNPCBaseEntity from interface de.markusbordihn.easynpc.entity.easynpc.data.TradingData
[04Mar2025 21:57:49.977] [main/INFO] [Easy NPC/]: - Registering Synched Variant Data for EasyNPCBaseEntity.
[04Mar2025 21:57:49.977] [main/WARN] [net.minecraft.network.syncher.SynchedEntityData/]: defineId called for: class de.markusbordihn.easynpc.entity.EasyNPCBaseEntity from interface de.markusbordihn.easynpc.entity.easynpc.data.VariantData
[04Mar2025 21:57:49.977] [main/INFO] [Easy NPC/]: - Registering Synched Model Data for EasyNPCBaseModelEntity.
[04Mar2025 21:57:49.977] [main/WARN] [net.minecraft.network.syncher.SynchedEntityData/]: defineId called for: class de.markusbordihn.easynpc.entity.EasyNPCBaseModelEntity from interface de.markusbordihn.easynpc.entity.easynpc.data.ModelData
[04Mar2025 21:57:49.977] [main/WARN] [net.minecraft.network.syncher.SynchedEntityData/]: defineId called for: class de.markusbordihn.easynpc.entity.EasyNPCBaseModelEntity from interface de.markusbordihn.easynpc.entity.easynpc.data.ModelData
[04Mar2025 21:57:49.978] [main/WARN] [net.minecraft.network.syncher.SynchedEntityData/]: defineId called for: class de.markusbordihn.easynpc.entity.EasyNPCBaseModelEntity from interface de.markusbordihn.easynpc.entity.easynpc.data.ModelData
[04Mar2025 21:57:49.978] [main/WARN] [net.minecraft.network.syncher.SynchedEntityData/]: defineId called for: class de.markusbordihn.easynpc.entity.EasyNPCBaseModelEntity from interface de.markusbordihn.easynpc.entity.easynpc.data.ModelData
[04Mar2025 21:57:49.978] [main/WARN] [net.minecraft.network.syncher.SynchedEntityData/]: defineId called for: class de.markusbordihn.easynpc.entity.EasyNPCBaseModelEntity from interface de.markusbordihn.easynpc.entity.easynpc.data.ModelData
[04Mar2025 21:57:49.978] [main/WARN] [net.minecraft.network.syncher.SynchedEntityData/]: defineId called for: class de.markusbordihn.easynpc.entity.EasyNPCBaseModelEntity from interface de.markusbordihn.easynpc.entity.easynpc.data.ModelData
[04Mar2025 21:57:49.978] [main/WARN] [net.minecraft.network.syncher.SynchedEntityData/]: defineId called for: class de.markusbordihn.easynpc.entity.EasyNPCBaseModelEntity from interface de.markusbordihn.easynpc.entity.easynpc.data.ModelData
[04Mar2025 21:57:49.978] [main/WARN] [net.minecraft.network.syncher.SynchedEntityData/]: defineId called for: class de.markusbordihn.easynpc.entity.EasyNPCBaseModelEntity from interface de.markusbordihn.easynpc.entity.easynpc.data.ModelData
[04Mar2025 21:57:49.978] [main/WARN] [net.minecraft.network.syncher.SynchedEntityData/]: defineId called for: class de.markusbordihn.easynpc.entity.EasyNPCBaseModelEntity from interface de.markusbordihn.easynpc.entity.easynpc.data.ModelData
[04Mar2025 21:57:49.979] [main/WARN] [net.minecraft.network.syncher.SynchedEntityData/]: defineId called for: class de.markusbordihn.easynpc.entity.EasyNPCBaseModelEntity from interface de.markusbordihn.easynpc.entity.easynpc.data.ModelData
[04Mar2025 21:57:49.979] [main/INFO] [Easy NPC/]: - Registering Synched Model Position Data for EasyNPCBaseModelEntity.
[04Mar2025 21:57:49.979] [main/WARN] [net.minecraft.network.syncher.SynchedEntityData/]: defineId called for: class de.markusbordihn.easynpc.entity.EasyNPCBaseModelEntity from interface de.markusbordihn.easynpc.entity.easynpc.data.ModelPositionData
[04Mar2025 21:57:49.979] [main/WARN] [net.minecraft.network.syncher.SynchedEntityData/]: defineId called for: class de.markusbordihn.easynpc.entity.EasyNPCBaseModelEntity from interface de.markusbordihn.easynpc.entity.easynpc.data.ModelPositionData
[04Mar2025 21:57:49.979] [main/WARN] [net.minecraft.network.syncher.SynchedEntityData/]: defineId called for: class de.markusbordihn.easynpc.entity.EasyNPCBaseModelEntity from interface de.markusbordihn.easynpc.entity.easynpc.data.ModelPositionData
[04Mar2025 21:57:49.979] [main/WARN] [net.minecraft.network.syncher.SynchedEntityData/]: defineId called for: class de.markusbordihn.easynpc.entity.EasyNPCBaseModelEntity from interface de.markusbordihn.easynpc.entity.easynpc.data.ModelPositionData
[04Mar2025 21:57:49.979] [main/WARN] [net.minecraft.network.syncher.SynchedEntityData/]: defineId called for: class de.markusbordihn.easynpc.entity.EasyNPCBaseModelEntity from interface de.markusbordihn.easynpc.entity.easynpc.data.ModelPositionData
[04Mar2025 21:57:49.980] [main/WARN] [net.minecraft.network.syncher.SynchedEntityData/]: defineId called for: class de.markusbordihn.easynpc.entity.EasyNPCBaseModelEntity from interface de.markusbordihn.easynpc.entity.easynpc.data.ModelPositionData
[04Mar2025 21:57:49.980] [main/WARN] [net.minecraft.network.syncher.SynchedEntityData/]: defineId called for: class de.markusbordihn.easynpc.entity.EasyNPCBaseModelEntity from interface de.markusbordihn.easynpc.entity.easynpc.data.ModelPositionData
[04Mar2025 21:57:49.980] [main/INFO] [Easy NPC/]: - Registering Synched Model Rotation Data for EasyNPCBaseModelEntity.
[04Mar2025 21:57:49.980] [main/WARN] [net.minecraft.network.syncher.SynchedEntityData/]: defineId called for: class de.markusbordihn.easynpc.entity.EasyNPCBaseModelEntity from interface de.markusbordihn.easynpc.entity.easynpc.data.ModelRotationData
[04Mar2025 21:57:49.980] [main/WARN] [net.minecraft.network.syncher.SynchedEntityData/]: defineId called for: class de.markusbordihn.easynpc.entity.EasyNPCBaseModelEntity from interface de.markusbordihn.easynpc.entity.easynpc.data.ModelRotationData
[04Mar2025 21:57:49.980] [main/WARN] [net.minecraft.network.syncher.SynchedEntityData/]: defineId called for: class de.markusbordihn.easynpc.entity.EasyNPCBaseModelEntity from interface de.markusbordihn.easynpc.entity.easynpc.data.ModelRotationData
[04Mar2025 21:57:49.981] [main/WARN] [net.minecraft.network.syncher.SynchedEntityData/]: defineId called for: class de.markusbordihn.easynpc.entity.EasyNPCBaseModelEntity from interface de.markusbordihn.easynpc.entity.easynpc.data.ModelRotationData
[04Mar2025 21:57:49.981] [main/WARN] [net.minecraft.network.syncher.SynchedEntityData/]: defineId called for: class de.markusbordihn.easynpc.entity.EasyNPCBaseModelEntity from interface de.markusbordihn.easynpc.entity.easynpc.data.ModelRotationData
[04Mar2025 21:57:49.981] [main/WARN] [net.minecraft.network.syncher.SynchedEntityData/]: defineId called for: class de.markusbordihn.easynpc.entity.EasyNPCBaseModelEntity from interface de.markusbordihn.easynpc.entity.easynpc.data.ModelRotationData
[04Mar2025 21:57:49.981] [main/WARN] [net.minecraft.network.syncher.SynchedEntityData/]: defineId called for: class de.markusbordihn.easynpc.entity.EasyNPCBaseModelEntity from interface de.markusbordihn.easynpc.entity.easynpc.data.ModelRotationData
[04Mar2025 21:57:49.981] [main/WARN] [net.minecraft.network.syncher.SynchedEntityData/]: defineId called for: class de.markusbordihn.easynpc.entity.EasyNPCBaseModelEntity from interface de.markusbordihn.easynpc.entity.easynpc.data.ModelRotationData
[04Mar2025 21:57:49.981] [main/WARN] [net.minecraft.network.syncher.SynchedEntityData/]: defineId called for: class de.markusbordihn.easynpc.entity.EasyNPCBaseModelEntity from interface de.markusbordihn.easynpc.entity.easynpc.data.ModelRotationData
[04Mar2025 21:57:49.981] [main/INFO] [Easy NPC/]: - Registering Synched Model Visibility Data for EasyNPCBaseModelEntity.
[04Mar2025 21:57:49.982] [main/WARN] [net.minecraft.network.syncher.SynchedEntityData/]: defineId called for: class de.markusbordihn.easynpc.entity.EasyNPCBaseModelEntity from interface de.markusbordihn.easynpc.entity.easynpc.data.ModelVisibilityData
[04Mar2025 21:57:49.982] [main/WARN] [net.minecraft.network.syncher.SynchedEntityData/]: defineId called for: class de.markusbordihn.easynpc.entity.EasyNPCBaseModelEntity from interface de.markusbordihn.easynpc.entity.easynpc.data.ModelVisibilityData
[04Mar2025 21:57:49.982] [main/WARN] [net.minecraft.network.syncher.SynchedEntityData/]: defineId called for: class de.markusbordihn.easynpc.entity.EasyNPCBaseModelEntity from interface de.markusbordihn.easynpc.entity.easynpc.data.ModelVisibilityData
[04Mar2025 21:57:49.982] [main/WARN] [net.minecraft.network.syncher.SynchedEntityData/]: defineId called for: class de.markusbordihn.easynpc.entity.EasyNPCBaseModelEntity from interface de.markusbordihn.easynpc.entity.easynpc.data.ModelVisibilityData
[04Mar2025 21:57:49.982] [main/WARN] [net.minecraft.network.syncher.SynchedEntityData/]: defineId called for: class de.markusbordihn.easynpc.entity.EasyNPCBaseModelEntity from interface de.markusbordihn.easynpc.entity.easynpc.data.ModelVisibilityData
[04Mar2025 21:57:49.982] [main/WARN] [net.minecraft.network.syncher.SynchedEntityData/]: defineId called for: class de.markusbordihn.easynpc.entity.EasyNPCBaseModelEntity from interface de.markusbordihn.easynpc.entity.easynpc.data.ModelVisibilityData
[04Mar2025 21:57:49.983] [main/WARN] [net.minecraft.network.syncher.SynchedEntityData/]: defineId called for: class de.markusbordihn.easynpc.entity.EasyNPCBaseModelEntity from interface de.markusbordihn.easynpc.entity.easynpc.data.ModelVisibilityData
[04Mar2025 21:57:49.983] [main/WARN] [net.minecraft.network.syncher.SynchedEntityData/]: defineId called for: class de.markusbordihn.easynpc.entity.EasyNPCBaseModelEntity from interface de.markusbordihn.easynpc.entity.easynpc.data.ModelVisibilityData
[04Mar2025 21:57:49.983] [main/WARN] [net.minecraft.network.syncher.SynchedEntityData/]: defineId called for: class de.markusbordihn.easynpc.entity.EasyNPCBaseModelEntity from interface de.markusbordihn.easynpc.entity.easynpc.data.ModelVisibilityData
[04Mar2025 21:57:49.983] [main/WARN] [net.minecraft.network.syncher.SynchedEntityData/]: defineId called for: class de.markusbordihn.easynpc.entity.EasyNPCBaseModelEntity from interface de.markusbordihn.easynpc.entity.easynpc.data.ModelVisibilityData
[04Mar2025 21:57:49.983] [main/WARN] [net.minecraft.network.syncher.SynchedEntityData/]: defineId called for: class de.markusbordihn.easynpc.entity.EasyNPCBaseModelEntity from interface de.markusbordihn.easynpc.entity.easynpc.data.ModelVisibilityData
[04Mar2025 21:57:49.983] [main/INFO] [Easy NPC/]: - Registering Synched Scale Data for EasyNPCBaseModelEntity.
[04Mar2025 21:57:49.983] [main/WARN] [net.minecraft.network.syncher.SynchedEntityData/]: defineId called for: class de.markusbordihn.easynpc.entity.EasyNPCBaseModelEntity from interface de.markusbordihn.easynpc.entity.easynpc.data.ScaleData
[04Mar2025 21:57:49.984] [main/WARN] [net.minecraft.network.syncher.SynchedEntityData/]: defineId called for: class de.markusbordihn.easynpc.entity.EasyNPCBaseModelEntity from interface de.markusbordihn.easynpc.entity.easynpc.data.ScaleData
[04Mar2025 21:57:49.984] [main/WARN] [net.minecraft.network.syncher.SynchedEntityData/]: defineId called for: class de.markusbordihn.easynpc.entity.EasyNPCBaseModelEntity from interface de.markusbordihn.easynpc.entity.easynpc.data.ScaleData
[04Mar2025 21:57:50.244] [main/WARN] [net.minecraft.network.syncher.SynchedEntityData/]: defineId called for: class com.github.alexmodguy.alexscaves.server.entity.living.TremorzillaEntity from class com.github.alexmodguy.alexscaves.server.entity.living.LicowitchEntity
[04Mar2025 21:57:50.685] [main/INFO] [Spartan Shields/]: Loading config spartanshields-common.toml
[04Mar2025 21:57:50.689] [main/INFO] [zeta/]: 'zeta' is enabling Zeta's piston structure resolver.
[04Mar2025 21:57:50.853] [modloading-worker-0/INFO] [xaero.pac.OpenPartiesAndClaims/]: Loading Open Parties and Claims!
[04Mar2025 21:57:50.935] [modloading-worker-0/INFO] [com.axedgaming.endersdelight.EndersDelight/]: HELLO FROM PREINIT
[04Mar2025 21:57:50.936] [modloading-worker-0/INFO] [com.axedgaming.endersdelight.EndersDelight/]: DIRT BLOCK >> translation{key='block.minecraft.dirt', args=[]}
[04Mar2025 21:57:51.051] [modloading-worker-0/INFO] [net.tejty.lemoned.Lemoned/]: HELLO FROM COMMON SETUP
[04Mar2025 21:57:51.051] [modloading-worker-0/INFO] [net.tejty.lemoned.Lemoned/]: DIRT BLOCK >> minecraft:dirt
[04Mar2025 21:57:51.135] [modloading-worker-0/INFO] [CPM/]: Customizable Player Models Initialized
[04Mar2025 21:57:51.149] [modloading-worker-0/INFO] [cn.mcmod_mmf.mmlib.Main/]: Presented by Zaia
[04Mar2025 21:57:51.165] [modloading-worker-0/INFO] [com.jkvin114.displaydelight.DisplayDelight/]: HELLO FROM COMMON SETUP
[04Mar2025 21:57:51.179] [modloading-worker-0/INFO] [net.pixeldreamstudios.passiveskilltreeadditions.PassiveSkillTreeAdditions/]: Setting up Passive Skill Tree Additions!
[04Mar2025 21:57:51.193] [modloading-worker-0/INFO] [Spartan Shields/]: Setting up Spartan Shields!
[04Mar2025 21:57:51.370] [Forge Version Check/INFO] [net.minecraftforge.fml.VersionChecker/]: [farmersdelightcompat] Starting version check at https://api.modrinth.com/updates/bVyGNtz1/forge_updates.json
[04Mar2025 21:57:51.598] [Thread-0/INFO] [ModernFix/]: Please use /mfsrc to reload any changed mod config files
[04Mar2025 21:57:51.707] [modloading-worker-0/INFO] [com.sk89q.worldedit.extension.platform.PlatformManager/]: Got request to register class com.sk89q.worldedit.forge.ForgePlatform with WorldEdit [com.sk89q.worldedit.extension.platform.PlatformManager@4980d3bf]
[04Mar2025 21:57:51.712] [modloading-worker-0/INFO] [com.sk89q.worldedit.forge.ForgeWorldEdit/]: WorldEdit for Forge (version 7.2.15+6463-5ca4dff) is loaded
[04Mar2025 21:57:51.724] [main/INFO] [Easy NPC/]: 🗣 Register Easy NPC Network Handler for net.minecraftforge.network.simple.SimpleChannel@11516b2a with version 23
[04Mar2025 21:57:51.726] [main/INFO] [Easy NPC/]: 🗣 Register Easy NPC Network Handler ...
[04Mar2025 21:57:51.726] [main/INFO] [Easy NPC/]: Registering network messages for BOTH side ...
[04Mar2025 21:57:51.727] [main/INFO] [Easy NPC/]: [NetworkHandler] Registering client network message ExportClientPresetMessage with easy_npc:preset_export_client (0)
[04Mar2025 21:57:51.728] [main/INFO] [Easy NPC/]: [NetworkHandler] Registering client network message OpenMenuCallbackMessage with easy_npc:open_menu_callback_message (1)
[04Mar2025 21:57:51.729] [main/INFO] [Easy NPC/]: [NetworkHandler] Registering client network message SyncDataMessage with easy_npc:sync_data (2)
[04Mar2025 21:57:51.730] [main/INFO] [Easy NPC/]: [NetworkHandler] Registering server network message AddOrUpdateObjectiveMessage with easy_npc:add_objective (3)
[04Mar2025 21:57:51.731] [main/INFO] [Easy NPC/]: [NetworkHandler] Registering server network message ChangeActionEventMessage with easy_npc:change_action_event (4)
[04Mar2025 21:57:51.733] [main/INFO] [Easy NPC/]: [NetworkHandler] Registering server network message ChangeAdvancedTradingMessage with easy_npc:change_advanced_trading (5)
[04Mar2025 21:57:51.734] [main/INFO] [Easy NPC/]: [NetworkHandler] Registering server network message ChangeBasicTradingMessage with easy_npc:change_basic_trading (6)
[04Mar2025 21:57:51.735] [main/INFO] [Easy NPC/]: [NetworkHandler] Registering server network message ChangeCombatAttributeMessage with easy_npc:change_combat_attribute (7)
[04Mar2025 21:57:51.737] [main/INFO] [Easy NPC/]: [NetworkHandler] Registering server network message ChangeDisplayAttributeMessage with easy_npc:change_display_attribute (8)
[04Mar2025 21:57:51.738] [main/INFO] [Easy NPC/]: [NetworkHandler] Registering server network message ChangeEntityAttributeMessage with easy_npc:change_entity_attribute (9)
[04Mar2025 21:57:51.738] [main/INFO] [Easy NPC/]: [NetworkHandler] Registering server network message ChangeEntityBaseAttributeMessage with easy_npc:change_entity_base_attribute (10)
[04Mar2025 21:57:51.739] [main/INFO] [Easy NPC/]: [NetworkHandler] Registering server network message ChangeEnvironmentalAttributeMessage with easy_npc:change_environmental_attribute (11)
[04Mar2025 21:57:51.740] [main/INFO] [Easy NPC/]: [NetworkHandler] Registering server network message ChangeInteractionAttributeMessage with easy_npc:change_interaction_attribute (12)
[04Mar2025 21:57:51.741] [main/INFO] [Easy NPC/]: [NetworkHandler] Registering server network message ChangeModelEquipmentVisibilityMessage with easy_npc:change_model_equipment_visibility (13)
[04Mar2025 21:57:51.742] [main/INFO] [Easy NPC/]: [NetworkHandler] Registering server network message ChangeModelLockRotationMessage with easy_npc:change_model_lock_rotation (14)
[04Mar2025 21:57:51.743] [main/INFO] [Easy NPC/]: [NetworkHandler] Registering server network message ChangeModelPoseMessage with easy_npc:change_model_pose (15)
[04Mar2025 21:57:51.744] [main/INFO] [Easy NPC/]: [NetworkHandler] Registering server network message ChangeModelPositionMessage with easy_npc:change_model_position (16)
[04Mar2025 21:57:51.745] [main/INFO] [Easy NPC/]: [NetworkHandler] Registering server network message ChangeModelRotationMessage with easy_npc:change_model_rotation (17)
[04Mar2025 21:57:51.745] [main/INFO] [Easy NPC/]: [NetworkHandler] Registering server network message ChangeModelVisibilityMessage with easy_npc:change_model_visibility (18)
[04Mar2025 21:57:51.746] [main/INFO] [Easy NPC/]: [NetworkHandler] Registering server network message ChangeMovementAttributeMessage with easy_npc:change_movement_attribute (19)
[04Mar2025 21:57:51.747] [main/INFO] [Easy NPC/]: [NetworkHandler] Registering server network message ChangeNameMessage with easy_npc:change_name (20)
[04Mar2025 21:57:51.748] [main/INFO] [Easy NPC/]: [NetworkHandler] Registering server network message ChangePoseMessage with easy_npc:change_pose (21)
[04Mar2025 21:57:51.749] [main/INFO] [Easy NPC/]: [NetworkHandler] Registering server network message ChangePositionMessage with easy_npc:change_position (22)
[04Mar2025 21:57:51.749] [main/INFO] [Easy NPC/]: [NetworkHandler] Registering server network message ChangeProfessionMessage with easy_npc:change_profession (23)
[04Mar2025 21:57:51.751] [main/INFO] [Easy NPC/]: [NetworkHandler] Registering server network message ChangeRendererMessage with easy_npc:change_renderer (24)
[04Mar2025 21:57:51.752] [main/INFO] [Easy NPC/]: [NetworkHandler] Registering server network message ChangeScaleMessage with easy_npc:change_scale (25)
[04Mar2025 21:57:51.753] [main/INFO] [Easy NPC/]: [NetworkHandler] Registering server network message ChangeSkinMessage with easy_npc:change_skin (26)
[04Mar2025 21:57:51.754] [main/INFO] [Easy NPC/]: [NetworkHandler] Registering server network message ChangeSpawnerSettingMessage with easy_npc:change_spawner_settings (27)
[04Mar2025 21:57:51.755] [main/INFO] [Easy NPC/]: [NetworkHandler] Registering server network message ChangeTradingTypeMessage with easy_npc:change_trading_type (28)
[04Mar2025 21:57:51.755] [main/INFO] [Easy NPC/]: [NetworkHandler] Registering server network message ExecuteActionEventMessage with easy_npc:trigger_action_event (29)
[04Mar2025 21:57:51.756] [main/INFO] [Easy NPC/]: [NetworkHandler] Registering server network message ExecuteDialogButtonActionMessage with easy_npc:dialog_button_action (30)
[04Mar2025 21:57:51.756] [main/INFO] [Easy NPC/]: [NetworkHandler] Registering server network message ExportPresetMessage with easy_npc:export_preset (31)
[04Mar2025 21:57:51.757] [main/INFO] [Easy NPC/]: [NetworkHandler] Registering server network message ExportWorldPresetMessage with easy_npc:export_world_preset (32)
[04Mar2025 21:57:51.758] [main/INFO] [Easy NPC/]: [NetworkHandler] Registering server network message ImportPresetMessage with easy_npc:import_preset (33)
[04Mar2025 21:57:51.759] [main/INFO] [Easy NPC/]: [NetworkHandler] Registering server network message OpenActionDataEditorMessage with easy_npc:open_action_data_editor (34)
[04Mar2025 21:57:51.760] [main/INFO] [Easy NPC/]: [NetworkHandler] Registering server network message OpenActionDataEntryEditorMessage with easy_npc:open_action_data_entry_editor (35)
[04Mar2025 21:57:51.760] [main/INFO] [Easy NPC/]: [NetworkHandler] Registering server network message OpenConfigurationMessage with easy_npc:open_configuration_screen (36)
[04Mar2025 21:57:51.761] [main/INFO] [Easy NPC/]: [NetworkHandler] Registering server network message OpenDialogButtonEditorMessage with easy_npc:open_dialog_button_editor (37)
[04Mar2025 21:57:51.762] [main/INFO] [Easy NPC/]: [NetworkHandler] Registering server network message OpenDialogEditorMessage with easy_npc:open_dialog_editor (38)
[04Mar2025 21:57:51.763] [main/INFO] [Easy NPC/]: [NetworkHandler] Registering server network message OpenMenuMessage with easy_npc:open_menu_message (39)
[04Mar2025 21:57:51.763] [main/INFO] [Easy NPC/]: [NetworkHandler] Registering server network message OpenDialogTextEditorMessage with easy_npc:open_dialog_text_editor (40)
[04Mar2025 21:57:51.764] [main/INFO] [Easy NPC/]: [NetworkHandler] Registering server network message RemoveDialogButtonMessage with easy_npc:remove_dialog_button (41)
[04Mar2025 21:57:51.765] [main/INFO] [Easy NPC/]: [NetworkHandler] Registering server network message RemoveDialogMessage with easy_npc:remove_dialog (42)
[04Mar2025 21:57:51.765] [main/INFO] [Easy NPC/]: [NetworkHandler] Registering server network message RemoveNPCMessage with easy_npc:remove_npc (43)
[04Mar2025 21:57:51.766] [main/INFO] [Easy NPC/]: [NetworkHandler] Registering server network message RemoveObjectiveMessage with easy_npc:remove_objective (44)
[04Mar2025 21:57:51.767] [main/INFO] [Easy NPC/]: [NetworkHandler] Registering server network message RequestDataSyncMessage with easy_npc:request_data_sync (45)
[04Mar2025 21:57:51.767] [main/INFO] [Easy NPC/]: [NetworkHandler] Registering server network message RespawnNPCMessage with easy_npc:respawn_npc (46)
[04Mar2025 21:57:51.768] [main/INFO] [Easy NPC/]: [NetworkHandler] Registering server network message SaveDialogButtonMessage with easy_npc:save_dialog_button (47)
[04Mar2025 21:57:51.769] [main/INFO] [Easy NPC/]: [NetworkHandler] Registering server network message SaveDialogMessage with easy_npc:save_dialog (48)
[04Mar2025 21:57:51.770] [main/INFO] [Easy NPC/]: [NetworkHandler] Registering server network message SaveDialogSetMessage with easy_npc:save_dialog_set (49)
[04Mar2025 21:57:51.924] [main/INFO] [Moonlight/]: Initialized color sets in 59ms
[04Mar2025 21:57:52.118] [modloading-worker-0/INFO] [xaero.map.server.WorldMapServer/]: Loading Xaero's World Map - Stage 1/2 (Server)
[04Mar2025 21:57:52.120] [modloading-worker-0/INFO] [xaero.minimap.XaeroMinimap/]: Loading Xaero's Minimap - Stage 1/2 (Server)
[04Mar2025 21:57:52.144] [main/INFO] [xaero.map.server.WorldMapServer/]: Loading Xaero's World Map - Stage 2/2 (Server)
[04Mar2025 21:57:52.144] [main/INFO] [xaero.minimap.XaeroMinimap/]: Loading Xaero's Minimap - Stage 2/2 (Server)
[04Mar2025 21:57:52.178] [Forge Version Check/WARN] [net.minecraftforge.fml.VersionChecker/]: Failed to process update information
java.lang.NullPointerException: Cannot invoke "java.util.Map.get(Object)" because "promos" is null
	at net.minecraftforge.fml.VersionChecker$1.process(VersionChecker.java:189) ~[fmlcore-1.20.1-47.3.7.jar%23358!/:?]
	at java.lang.Iterable.forEach(Iterable.java:75) ~[?:?]
	at net.minecraftforge.fml.VersionChecker$1.run(VersionChecker.java:114) ~[fmlcore-1.20.1-47.3.7.jar%23358!/:?]
[04Mar2025 21:57:52.179] [Forge Version Check/INFO] [net.minecraftforge.fml.VersionChecker/]: [ctov] Starting version check at https://api.modrinth.com/updates/fgmhI8kH/forge_updates.json
[04Mar2025 21:57:52.326] [modloading-worker-0/INFO] [CPM/]: Customizable Player Models API initialized: Loaded plugins: (0)

[04Mar2025 21:57:52.327] [modloading-worker-0/INFO] [io.redspace.ironsspellbooks.IronsSpellbooks/]: Got IMC []
[04Mar2025 21:57:52.422] [Forge Version Check/INFO] [net.minecraftforge.fml.VersionChecker/]: [ctov] Found status: OUTDATED Current: 3.4.11 Target: 3.4.12
[04Mar2025 21:57:52.422] [Forge Version Check/INFO] [net.minecraftforge.fml.VersionChecker/]: [twilightforest] Starting version check at https://gh.tamaized.com/TeamTwilight/twilightforest/update.json
[04Mar2025 21:57:52.430] [modloading-worker-0/INFO] [AttributeFix/]: Loaded values for 71 compatible attributes.
[04Mar2025 21:57:52.435] [modloading-worker-0/INFO] [AttributeFix/]: Loaded 71 values from config.
[04Mar2025 21:57:52.453] [modloading-worker-0/INFO] [AttributeFix/]: Saving config file. 71 entries.
[04Mar2025 21:57:52.456] [modloading-worker-0/INFO] [AttributeFix/]: Applying changes for 71 attributes.
[04Mar2025 21:57:52.469] [modloading-worker-0/INFO] [Jade/]: Start loading plugin at ht.treechop.compat.Jade
[04Mar2025 21:57:52.477] [modloading-worker-0/INFO] [Jade/]: Start loading plugin at net.blay09.mods.balm.forge.compat.hudinfo.ForgeJadeModCompat
[04Mar2025 21:57:52.478] [modloading-worker-0/INFO] [Jade/]: Start loading plugin at twilightforest.compat.jade.JadeCompat
[04Mar2025 21:57:52.478] [modloading-worker-0/INFO] [Jade/]: Start loading plugin at net.blay09.mods.waystones.compat.JadeIntegration
[04Mar2025 21:57:52.479] [modloading-worker-0/INFO] [Jade/]: Start loading plugin at snownee.jade.addon.vanilla.VanillaPlugin
[04Mar2025 21:57:52.490] [modloading-worker-0/INFO] [Jade/]: Start loading plugin at snownee.jade.addon.universal.UniversalPlugin
[04Mar2025 21:57:52.494] [modloading-worker-0/INFO] [Jade/]: Start loading plugin at snownee.jade.addon.core.CorePlugin
[04Mar2025 21:57:52.496] [modloading-worker-0/INFO] [Jade/]: Start loading plugin at com.mao.barbequesdelight.compat.jade.JadeCompat
[04Mar2025 21:57:52.496] [modloading-worker-0/INFO] [Jade/]: Start loading plugin at net.brnbrd.delightful.compat.jade.DelightfulJadePlugin
[04Mar2025 21:57:52.765] [Forge Version Check/INFO] [net.minecraftforge.fml.VersionChecker/]: [twilightforest] Found status: AHEAD Current: 4.3.2508 Target: null
[04Mar2025 21:57:52.765] [Forge Version Check/INFO] [net.minecraftforge.fml.VersionChecker/]: [attributefix] Starting version check at https://updates.blamejared.com/get?n=attributefix&gv=1.20.1
[04Mar2025 21:57:52.894] [Forge Version Check/INFO] [net.minecraftforge.fml.VersionChecker/]: [attributefix] Found status: BETA Current: 21.0.4 Target: 21.0.4
[04Mar2025 21:57:52.894] [Forge Version Check/INFO] [net.minecraftforge.fml.VersionChecker/]: [cpm] Starting version check at https://raw.githubusercontent.com/tom5454/CustomPlayerModels/master/version-check.json
[04Mar2025 21:57:52.937] [Forge Version Check/INFO] [net.minecraftforge.fml.VersionChecker/]: [cpm] Found status: BETA Current: 0.6.21a Target: 0.6.21a
[04Mar2025 21:57:52.937] [Forge Version Check/INFO] [net.minecraftforge.fml.VersionChecker/]: [forge] Starting version check at https://files.minecraftforge.net/net/minecraftforge/forge/promotions_slim.json
[04Mar2025 21:57:53.075] [Forge Version Check/INFO] [net.minecraftforge.fml.VersionChecker/]: [forge] Found status: OUTDATED Current: 47.3.7 Target: 47.3.38
[04Mar2025 21:57:53.075] [Forge Version Check/INFO] [net.minecraftforge.fml.VersionChecker/]: [simpletomb] Starting version check at https://raw.githubusercontent.com/Lothrazar/SimpleTomb/trunk/1.20/update.json
[04Mar2025 21:57:53.079] [Forge Version Check/INFO] [net.minecraftforge.fml.VersionChecker/]: [simpletomb] Found status: BETA Current: 1.20.1-1.3.0 Target: 1.3.0
[04Mar2025 21:57:53.080] [Forge Version Check/INFO] [net.minecraftforge.fml.VersionChecker/]: [moonlight] Starting version check at https://raw.githubusercontent.com/MehVahdJukaar/Moonlight/multi-loader/forge/update.json
[04Mar2025 21:57:53.083] [Forge Version Check/INFO] [net.minecraftforge.fml.VersionChecker/]: [moonlight] Found status: BETA Current: 1.20-2.13.68 Target: null
[04Mar2025 21:57:53.083] [Forge Version Check/INFO] [net.minecraftforge.fml.VersionChecker/]: [flywheel] Starting version check at https://api.modrinth.com/updates/flywheel/forge_updates.json
[04Mar2025 21:57:53.205] [main/INFO] [com.mojang.authlib.yggdrasil.YggdrasilAuthenticationService/]: Environment: authHost='https://authserver.mojang.com', accountsHost='https://api.mojang.com', sessionHost='https://sessionserver.mojang.com', servicesHost='https://api.minecraftservices.com', name='PROD'
[04Mar2025 21:57:53.543] [Forge Version Check/INFO] [net.minecraftforge.fml.VersionChecker/]: [flywheel] Found status: BETA Current: 0.6.11-13 Target: null
[04Mar2025 21:57:53.544] [Forge Version Check/INFO] [net.minecraftforge.fml.VersionChecker/]: [packetfixer] Starting version check at https://api.modrinth.com/updates/packet-fixer/forge_updates.json
[04Mar2025 21:57:53.797] [Forge Version Check/INFO] [net.minecraftforge.fml.VersionChecker/]: [packetfixer] Found status: UP_TO_DATE Current: 2.0.0 Target: null
[04Mar2025 21:57:53.797] [Forge Version Check/INFO] [net.minecraftforge.fml.VersionChecker/]: [delightful] Starting version check at https://raw.githubusercontent.com/brnbrd/Delightful/1.20.1/update/update.json
[04Mar2025 21:57:53.802] [Forge Version Check/INFO] [net.minecraftforge.fml.VersionChecker/]: [delightful] Found status: OUTDATED Current: 3.7 Target: 3.7.1
[04Mar2025 21:57:53.817] [main/WARN] [net.minecraft.server.packs.VanillaPackResourcesBuilder/]: Assets URL 'union:/workspaces/mamahuevi/servidor_minecraft/libraries/net/minecraft/server/1.20.1-20230612.114412/server-1.20.1-20230612.114412-srg.jar%23357!/assets/.mcassetsroot' uses unexpected schema
[04Mar2025 21:57:53.817] [main/WARN] [net.minecraft.server.packs.VanillaPackResourcesBuilder/]: Assets URL 'union:/workspaces/mamahuevi/servidor_minecraft/libraries/net/minecraft/server/1.20.1-20230612.114412/server-1.20.1-20230612.114412-srg.jar%23357!/data/.mcassetsroot' uses unexpected schema
[04Mar2025 21:57:57.048] [main/INFO] [Easy NPC/]: 🗣 Register Easy NPC /easy_npc commands for Easy NPC ...
[04Mar2025 21:57:57.180] [main/INFO] [com.sk89q.worldedit.extension.platform.PlatformCommandManager/]: Registering commands with com.sk89q.worldedit.forge.ForgePlatform
[04Mar2025 21:57:57.255] [main/INFO] [Eco Stack Manager/]: 🌐 Register Eco Stack Manager  Commands ...
[04Mar2025 21:57:57.256] [main/INFO] [Eco Stack Manager/]: 🌐 Register Eco Stack Manager  /eco_stack_manager commands for Eco Stack Manager ...
[04Mar2025 21:57:57.382] [main/INFO] [com.github.alexthe666.alexsmobs.AlexsMobs/]: Adding datapack listener capsid_recipes
[04Mar2025 21:57:57.409] [main/INFO] [Calio/]: CDRM Initialized with 16 registries
[04Mar2025 21:57:57.770] [Worker-Main-3/ERROR] [net.minecraft.tags.TagLoader/]: Not a JSON object: null
[04Mar2025 21:57:57.776] [Worker-Main-1/ERROR] [net.minecraft.tags.TagLoader/]: Couldn't load tag vminus:banned as it is missing following references: vminus:default_entity (from vminus-forge-1.20.1-3.2.7.jar)
[04Mar2025 21:57:57.777] [Worker-Main-3/ERROR] [net.minecraft.tags.TagLoader/]: Couldn't read tag list minecraft:mineable/hoe from minecraft:tags/blocks/mineable/hoe.json in data pack lemoned-1.0.1-1.20.jar
java.lang.RuntimeException: Not a JSON object: null
	at com.mojang.serialization.DataResult.lambda$getOrThrow$5(DataResult.java:101) ~[datafixerupper-6.0.8.jar%2377!/:?]
	at com.mojang.datafixers.util.Either$Right.map(Either.java:99) ~[datafixerupper-6.0.8.jar%2377!/:?]
	at com.mojang.serialization.DataResult.getOrThrow(DataResult.java:93) ~[datafixerupper-6.0.8.jar%2377!/:?]
	at net.minecraft.tags.TagLoader.m_144495_(TagLoader.java:53) ~[server-1.20.1-20230612.114412-srg.jar%23357!/:?]
	at net.minecraft.tags.TagLoader.m_203900_(TagLoader.java:114) ~[server-1.20.1-20230612.114412-srg.jar%23357!/:?]
	at net.minecraft.tags.TagManager.m_203920_(TagManager.java:55) ~[server-1.20.1-20230612.114412-srg.jar%23357!/:?]
	at java.util.concurrent.CompletableFuture$AsyncSupply.run(CompletableFuture.java:1768) ~[?:?]
	at java.util.concurrent.CompletableFuture$AsyncSupply.exec(CompletableFuture.java:1760) ~[?:?]
	at java.util.concurrent.ForkJoinTask.doExec(ForkJoinTask.java:373) ~[?:?]
	at java.util.concurrent.ForkJoinPool$WorkQueue.topLevelExec(ForkJoinPool.java:1182) ~[?:?]
	at java.util.concurrent.ForkJoinPool.scan(ForkJoinPool.java:1655) ~[?:?]
	at java.util.concurrent.ForkJoinPool.runWorker(ForkJoinPool.java:1622) ~[?:?]
	at java.util.concurrent.ForkJoinWorkerThread.run(ForkJoinWorkerThread.java:165) ~[?:?]
[04Mar2025 21:57:57.780] [Worker-Main-1/ERROR] [net.minecraft.tags.TagLoader/]: Couldn't load tag vminus:invincible as it is missing following references: vminus:default_entity (from vminus-forge-1.20.1-3.2.7.jar)
[04Mar2025 21:57:57.784] [Worker-Main-3/ERROR] [net.minecraft.tags.TagLoader/]: Not a JSON object: null
[04Mar2025 21:57:57.784] [Worker-Main-3/ERROR] [net.minecraft.tags.TagLoader/]: Couldn't read tag list minecraft:mineable/pickaxe from minecraft:tags/blocks/mineable/pickaxe.json in data pack lemoned-1.0.1-1.20.jar
java.lang.RuntimeException: Not a JSON object: null
	at com.mojang.serialization.DataResult.lambda$getOrThrow$5(DataResult.java:101) ~[datafixerupper-6.0.8.jar%2377!/:?]
	at com.mojang.datafixers.util.Either$Right.map(Either.java:99) ~[datafixerupper-6.0.8.jar%2377!/:?]
	at com.mojang.serialization.DataResult.getOrThrow(DataResult.java:93) ~[datafixerupper-6.0.8.jar%2377!/:?]
	at net.minecraft.tags.TagLoader.m_144495_(TagLoader.java:53) ~[server-1.20.1-20230612.114412-srg.jar%23357!/:?]
	at net.minecraft.tags.TagLoader.m_203900_(TagLoader.java:114) ~[server-1.20.1-20230612.114412-srg.jar%23357!/:?]
	at net.minecraft.tags.TagManager.m_203920_(TagManager.java:55) ~[server-1.20.1-20230612.114412-srg.jar%23357!/:?]
	at java.util.concurrent.CompletableFuture$AsyncSupply.run(CompletableFuture.java:1768) ~[?:?]
	at java.util.concurrent.CompletableFuture$AsyncSupply.exec(CompletableFuture.java:1760) ~[?:?]
	at java.util.concurrent.ForkJoinTask.doExec(ForkJoinTask.java:373) ~[?:?]
	at java.util.concurrent.ForkJoinPool$WorkQueue.topLevelExec(ForkJoinPool.java:1182) ~[?:?]
	at java.util.concurrent.ForkJoinPool.scan(ForkJoinPool.java:1655) ~[?:?]
	at java.util.concurrent.ForkJoinPool.runWorker(ForkJoinPool.java:1622) ~[?:?]
	at java.util.concurrent.ForkJoinWorkerThread.run(ForkJoinWorkerThread.java:165) ~[?:?]
[04Mar2025 21:57:57.788] [Worker-Main-3/ERROR] [net.minecraft.tags.TagLoader/]: Not a JSON object: null
[04Mar2025 21:57:57.801] [Worker-Main-3/ERROR] [net.minecraft.tags.TagLoader/]: Couldn't read tag list minecraft:mineable/shovel from minecraft:tags/blocks/mineable/shovel.json in data pack lemoned-1.0.1-1.20.jar
java.lang.RuntimeException: Not a JSON object: null
	at com.mojang.serialization.DataResult.lambda$getOrThrow$5(DataResult.java:101) ~[datafixerupper-6.0.8.jar%2377!/:?]
	at com.mojang.datafixers.util.Either$Right.map(Either.java:99) ~[datafixerupper-6.0.8.jar%2377!/:?]
	at com.mojang.serialization.DataResult.getOrThrow(DataResult.java:93) ~[datafixerupper-6.0.8.jar%2377!/:?]
	at net.minecraft.tags.TagLoader.m_144495_(TagLoader.java:53) ~[server-1.20.1-20230612.114412-srg.jar%23357!/:?]
	at net.minecraft.tags.TagLoader.m_203900_(TagLoader.java:114) ~[server-1.20.1-20230612.114412-srg.jar%23357!/:?]
	at net.minecraft.tags.TagManager.m_203920_(TagManager.java:55) ~[server-1.20.1-20230612.114412-srg.jar%23357!/:?]
	at java.util.concurrent.CompletableFuture$AsyncSupply.run(CompletableFuture.java:1768) ~[?:?]
	at java.util.concurrent.CompletableFuture$AsyncSupply.exec(CompletableFuture.java:1760) ~[?:?]
	at java.util.concurrent.ForkJoinTask.doExec(ForkJoinTask.java:373) ~[?:?]
	at java.util.concurrent.ForkJoinPool$WorkQueue.topLevelExec(ForkJoinPool.java:1182) ~[?:?]
	at java.util.concurrent.ForkJoinPool.scan(ForkJoinPool.java:1655) ~[?:?]
	at java.util.concurrent.ForkJoinPool.runWorker(ForkJoinPool.java:1622) ~[?:?]
	at java.util.concurrent.ForkJoinWorkerThread.run(ForkJoinWorkerThread.java:165) ~[?:?]
[04Mar2025 21:57:57.811] [Worker-Main-3/ERROR] [net.minecraft.tags.TagLoader/]: Not a JSON object: null
[04Mar2025 21:57:57.812] [Worker-Main-3/ERROR] [net.minecraft.tags.TagLoader/]: Couldn't read tag list minecraft:needs_diamond_tool from minecraft:tags/blocks/needs_diamond_tool.json in data pack lemoned-1.0.1-1.20.jar
java.lang.RuntimeException: Not a JSON object: null
	at com.mojang.serialization.DataResult.lambda$getOrThrow$5(DataResult.java:101) ~[datafixerupper-6.0.8.jar%2377!/:?]
	at com.mojang.datafixers.util.Either$Right.map(Either.java:99) ~[datafixerupper-6.0.8.jar%2377!/:?]
	at com.mojang.serialization.DataResult.getOrThrow(DataResult.java:93) ~[datafixerupper-6.0.8.jar%2377!/:?]
	at net.minecraft.tags.TagLoader.m_144495_(TagLoader.java:53) ~[server-1.20.1-20230612.114412-srg.jar%23357!/:?]
	at net.minecraft.tags.TagLoader.m_203900_(TagLoader.java:114) ~[server-1.20.1-20230612.114412-srg.jar%23357!/:?]
	at net.minecraft.tags.TagManager.m_203920_(TagManager.java:55) ~[server-1.20.1-20230612.114412-srg.jar%23357!/:?]
	at java.util.concurrent.CompletableFuture$AsyncSupply.run(CompletableFuture.java:1768) ~[?:?]
	at java.util.concurrent.CompletableFuture$AsyncSupply.exec(CompletableFuture.java:1760) ~[?:?]
	at java.util.concurrent.ForkJoinTask.doExec(ForkJoinTask.java:373) ~[?:?]
	at java.util.concurrent.ForkJoinPool$WorkQueue.topLevelExec(ForkJoinPool.java:1182) ~[?:?]
	at java.util.concurrent.ForkJoinPool.scan(ForkJoinPool.java:1655) ~[?:?]
	at java.util.concurrent.ForkJoinPool.runWorker(ForkJoinPool.java:1622) ~[?:?]
	at java.util.concurrent.ForkJoinWorkerThread.run(ForkJoinWorkerThread.java:165) ~[?:?]
[04Mar2025 21:57:57.813] [Worker-Main-3/ERROR] [net.minecraft.tags.TagLoader/]: Not a JSON object: null
[04Mar2025 21:57:57.813] [Worker-Main-3/ERROR] [net.minecraft.tags.TagLoader/]: Couldn't read tag list minecraft:needs_iron_tool from minecraft:tags/blocks/needs_iron_tool.json in data pack lemoned-1.0.1-1.20.jar
java.lang.RuntimeException: Not a JSON object: null
	at com.mojang.serialization.DataResult.lambda$getOrThrow$5(DataResult.java:101) ~[datafixerupper-6.0.8.jar%2377!/:?]
	at com.mojang.datafixers.util.Either$Right.map(Either.java:99) ~[datafixerupper-6.0.8.jar%2377!/:?]
	at com.mojang.serialization.DataResult.getOrThrow(DataResult.java:93) ~[datafixerupper-6.0.8.jar%2377!/:?]
	at net.minecraft.tags.TagLoader.m_144495_(TagLoader.java:53) ~[server-1.20.1-20230612.114412-srg.jar%23357!/:?]
	at net.minecraft.tags.TagLoader.m_203900_(TagLoader.java:114) ~[server-1.20.1-20230612.114412-srg.jar%23357!/:?]
	at net.minecraft.tags.TagManager.m_203920_(TagManager.java:55) ~[server-1.20.1-20230612.114412-srg.jar%23357!/:?]
	at java.util.concurrent.CompletableFuture$AsyncSupply.run(CompletableFuture.java:1768) ~[?:?]
	at java.util.concurrent.CompletableFuture$AsyncSupply.exec(CompletableFuture.java:1760) ~[?:?]
	at java.util.concurrent.ForkJoinTask.doExec(ForkJoinTask.java:373) ~[?:?]
	at java.util.concurrent.ForkJoinPool$WorkQueue.topLevelExec(ForkJoinPool.java:1182) ~[?:?]
	at java.util.concurrent.ForkJoinPool.scan(ForkJoinPool.java:1655) ~[?:?]
	at java.util.concurrent.ForkJoinPool.runWorker(ForkJoinPool.java:1622) ~[?:?]
	at java.util.concurrent.ForkJoinWorkerThread.run(ForkJoinWorkerThread.java:165) ~[?:?]
[04Mar2025 21:57:57.815] [Worker-Main-3/ERROR] [net.minecraft.tags.TagLoader/]: Not a JSON object: null
[04Mar2025 21:57:57.815] [Worker-Main-3/ERROR] [net.minecraft.tags.TagLoader/]: Couldn't read tag list minecraft:needs_stone_tool from minecraft:tags/blocks/needs_stone_tool.json in data pack lemoned-1.0.1-1.20.jar
java.lang.RuntimeException: Not a JSON object: null
	at com.mojang.serialization.DataResult.lambda$getOrThrow$5(DataResult.java:101) ~[datafixerupper-6.0.8.jar%2377!/:?]
	at com.mojang.datafixers.util.Either$Right.map(Either.java:99) ~[datafixerupper-6.0.8.jar%2377!/:?]
	at com.mojang.serialization.DataResult.getOrThrow(DataResult.java:93) ~[datafixerupper-6.0.8.jar%2377!/:?]
	at net.minecraft.tags.TagLoader.m_144495_(TagLoader.java:53) ~[server-1.20.1-20230612.114412-srg.jar%23357!/:?]
	at net.minecraft.tags.TagLoader.m_203900_(TagLoader.java:114) ~[server-1.20.1-20230612.114412-srg.jar%23357!/:?]
	at net.minecraft.tags.TagManager.m_203920_(TagManager.java:55) ~[server-1.20.1-20230612.114412-srg.jar%23357!/:?]
	at java.util.concurrent.CompletableFuture$AsyncSupply.run(CompletableFuture.java:1768) ~[?:?]
	at java.util.concurrent.CompletableFuture$AsyncSupply.exec(CompletableFuture.java:1760) ~[?:?]
	at java.util.concurrent.ForkJoinTask.doExec(ForkJoinTask.java:373) ~[?:?]
	at java.util.concurrent.ForkJoinPool$WorkQueue.topLevelExec(ForkJoinPool.java:1182) ~[?:?]
	at java.util.concurrent.ForkJoinPool.scan(ForkJoinPool.java:1655) ~[?:?]
	at java.util.concurrent.ForkJoinPool.runWorker(ForkJoinPool.java:1622) ~[?:?]
	at java.util.concurrent.ForkJoinWorkerThread.run(ForkJoinWorkerThread.java:165) ~[?:?]
[04Mar2025 21:57:57.867] [Worker-Main-3/ERROR] [net.minecraft.tags.TagLoader/]: Couldn't load tag minecraft:mineable/hoe as it is missing following references: #vminus:froglights (from vminus-forge-1.20.1-3.2.7.jar)
[04Mar2025 21:57:57.871] [Worker-Main-3/ERROR] [net.minecraft.tags.TagLoader/]: Couldn't load tag gobber2:paxel_mineable as it is missing following references: #minecraft:mineable/hoe (from Gobber2-Forge-1.20.1-2.8.9.jar)
[04Mar2025 21:57:57.871] [Worker-Main-3/ERROR] [net.minecraft.tags.TagLoader/]: Couldn't load tag vminus:banned as it is missing following references: vminus:default_block (from vminus-forge-1.20.1-3.2.7.jar)
[04Mar2025 21:57:57.879] [Worker-Main-3/ERROR] [net.minecraft.tags.TagLoader/]: Couldn't load tag forge:couch as it is missing following references: cozy_home:couch_oak_white_middle (from cozy_home-3.0.4-forge-1.20.1.jar), 
	cozy_home:couch_oak_white_right (from cozy_home-3.0.4-forge-1.20.1.jar), 
	cozy_home:couch_oak_white (from cozy_home-3.0.4-forge-1.20.1.jar), 
	cozy_home:couch_oak_white_left (from cozy_home-3.0.4-forge-1.20.1.jar)
[04Mar2025 21:57:57.882] [Worker-Main-3/ERROR] [net.minecraft.tags.TagLoader/]: Couldn't load tag fabric:needs_tool_level_0 as it is missing following references: cozy_home:oak_planked_wall (from cozy_home-3.0.4-forge-1.20.1.jar), 
	cozy_home:spruce_planked_wall (from cozy_home-3.0.4-forge-1.20.1.jar), 
	cozy_home:birch_planked_wall (from cozy_home-3.0.4-forge-1.20.1.jar), 
	cozy_home:acacia_planked_wall (from cozy_home-3.0.4-forge-1.20.1.jar), 
	cozy_home:dark_oak_planked_wall (from cozy_home-3.0.4-forge-1.20.1.jar), 
	cozy_home:jungle_planked_wall (from cozy_home-3.0.4-forge-1.20.1.jar), 
	cozy_home:mangrove_planked_wall (from cozy_home-3.0.4-forge-1.20.1.jar), 
	cozy_home:crimson_planked_wall (from cozy_home-3.0.4-forge-1.20.1.jar), 
	cozy_home:warped_planked_wall (from cozy_home-3.0.4-forge-1.20.1.jar), 
	cozy_home:table_oak_single (from cozy_home-3.0.4-forge-1.20.1.jar), 
	cozy_home:table_spruce_single (from cozy_home-3.0.4-forge-1.20.1.jar), 
	cozy_home:table_birch_single (from cozy_home-3.0.4-forge-1.20.1.jar), 
	cozy_home:table_jungle_single (from cozy_home-3.0.4-forge-1.20.1.jar), 
	cozy_home:table_acacia_single (from cozy_home-3.0.4-forge-1.20.1.jar), 
	cozy_home:table_dark_oak_single (from cozy_home-3.0.4-forge-1.20.1.jar), 
	cozy_home:table_mangrove_single (from cozy_home-3.0.4-forge-1.20.1.jar), 
	cozy_home:table_cherry_single (from cozy_home-3.0.4-forge-1.20.1.jar), 
	cozy_home:desk_crimson (from cozy_home-3.0.4-forge-1.20.1.jar), 
	cozy_home:desk_warped (from cozy_home-3.0.4-forge-1.20.1.jar), 
	cozy_home:table_bamboo_single (from cozy_home-3.0.4-forge-1.20.1.jar), 
	cozy_home:table_stump_oak_single (from cozy_home-3.0.4-forge-1.20.1.jar), 
	cozy_home:table_stump_spruce_single (from cozy_home-3.0.4-forge-1.20.1.jar), 
	cozy_home:table_stump_birch_single (from cozy_home-3.0.4-forge-1.20.1.jar), 
	cozy_home:table_stump_jungle_single (from cozy_home-3.0.4-forge-1.20.1.jar), 
	cozy_home:table_stump_acacia_single (from cozy_home-3.0.4-forge-1.20.1.jar), 
	cozy_home:table_stump_dark_oak_single (from cozy_home-3.0.4-forge-1.20.1.jar), 
	cozy_home:table_stump_mangrove_single (from cozy_home-3.0.4-forge-1.20.1.jar), 
	cozy_home:table_stump_cherry_single (from cozy_home-3.0.4-forge-1.20.1.jar), 
	cozy_home:table_stump_crimson_single (from cozy_home-3.0.4-forge-1.20.1.jar), 
	cozy_home:table_stump_warped_single (from cozy_home-3.0.4-forge-1.20.1.jar), 
	cozy_home:lamp_white (from cozy_home-3.0.4-forge-1.20.1.jar), 
	cozy_home:lamp_orange (from cozy_home-3.0.4-forge-1.20.1.jar), 
	cozy_home:lamp_magenta (from cozy_home-3.0.4-forge-1.20.1.jar), 
	cozy_home:lamp_light_blue (from cozy_home-3.0.4-forge-1.20.1.jar), 
	cozy_home:lamp_yellow (from cozy_home-3.0.4-forge-1.20.1.jar), 
	cozy_home:lamp_lime (from cozy_home-3.0.4-forge-1.20.1.jar), 
	cozy_home:lamp_pink (from cozy_home-3.0.4-forge-1.20.1.jar), 
	cozy_home:lamp_gray (from cozy_home-3.0.4-forge-1.20.1.jar), 
	cozy_home:lamp_light_gray (from cozy_home-3.0.4-forge-1.20.1.jar), 
	cozy_home:lamp_cyan (from cozy_home-3.0.4-forge-1.20.1.jar), 
	cozy_home:lamp_purple (from cozy_home-3.0.4-forge-1.20.1.jar), 
	cozy_home:lamp_blue (from cozy_home-3.0.4-forge-1.20.1.jar), 
	cozy_home:lamp_brown (from cozy_home-3.0.4-forge-1.20.1.jar), 
	cozy_home:lamp_green (from cozy_home-3.0.4-forge-1.20.1.jar), 
	cozy_home:lamp_red (from cozy_home-3.0.4-forge-1.20.1.jar), 
	cozy_home:lamp_black (from cozy_home-3.0.4-forge-1.20.1.jar), 
	cozy_home:counter_quartz (from cozy_home-3.0.4-forge-1.20.1.jar), 
	cozy_home:counter_quartz_storage (from cozy_home-3.0.4-forge-1.20.1.jar), 
	cozy_home:counter_quartz_sink (from cozy_home-3.0.4-forge-1.20.1.jar), 
	cozy_home:drawer_oak (from cozy_home-3.0.4-forge-1.20.1.jar), 
	cozy_home:drawer_spruce (from cozy_home-3.0.4-forge-1.20.1.jar), 
	cozy_home:drawer_birch (from cozy_home-3.0.4-forge-1.20.1.jar), 
	cozy_home:drawer_jungle (from cozy_home-3.0.4-forge-1.20.1.jar), 
	cozy_home:drawer_acacia (from cozy_home-3.0.4-forge-1.20.1.jar), 
	cozy_home:drawer_dark_oak (from cozy_home-3.0.4-forge-1.20.1.jar), 
	cozy_home:drawer_mangrove (from cozy_home-3.0.4-forge-1.20.1.jar), 
	cozy_home:drawer_cherry (from cozy_home-3.0.4-forge-1.20.1.jar), 
	cozy_home:drawer_crimson (from cozy_home-3.0.4-forge-1.20.1.jar), 
	cozy_home:drawer_warped (from cozy_home-3.0.4-forge-1.20.1.jar), 
	cozy_home:plank_oak_0 (from cozy_home-3.0.4-forge-1.20.1.jar), 
	cozy_home:plank_birch_0 (from cozy_home-3.0.4-forge-1.20.1.jar), 
	cozy_home:plank_jungle_0 (from cozy_home-3.0.4-forge-1.20.1.jar), 
	cozy_home:plank_dark_oak_0 (from cozy_home-3.0.4-forge-1.20.1.jar), 
	cozy_home:plank_mangrove_0 (from cozy_home-3.0.4-forge-1.20.1.jar), 
	cozy_home:plank_cherry_0 (from cozy_home-3.0.4-forge-1.20.1.jar), 
	cozy_home:plank_bamboo_0 (from cozy_home-3.0.4-forge-1.20.1.jar), 
	cozy_home:plank_crimson_0 (from cozy_home-3.0.4-forge-1.20.1.jar), 
	cozy_home:plank_warped_0 (from cozy_home-3.0.4-forge-1.20.1.jar), 
	cozy_home:plank_spruce_0 (from cozy_home-3.0.4-forge-1.20.1.jar), 
	cozy_home:plank_acacia_0 (from cozy_home-3.0.4-forge-1.20.1.jar), 
	cozy_home:desk_oak (from cozy_home-3.0.4-forge-1.20.1.jar), 
	cozy_home:desk_spruce (from cozy_home-3.0.4-forge-1.20.1.jar), 
	cozy_home:desk_birch (from cozy_home-3.0.4-forge-1.20.1.jar), 
	cozy_home:desk_jungle (from cozy_home-3.0.4-forge-1.20.1.jar), 
	cozy_home:desk_acacia (from cozy_home-3.0.4-forge-1.20.1.jar), 
	cozy_home:desk_dark_oak (from cozy_home-3.0.4-forge-1.20.1.jar), 
	cozy_home:desk_mangrove (from cozy_home-3.0.4-forge-1.20.1.jar), 
	cozy_home:desk_cherry (from cozy_home-3.0.4-forge-1.20.1.jar), 
	cozy_home:desk_quartz (from cozy_home-3.0.4-forge-1.20.1.jar), 
	cozy_home:table_crimson_single (from cozy_home-3.0.4-forge-1.20.1.jar), 
	cozy_home:table_warped_single (from cozy_home-3.0.4-forge-1.20.1.jar), 
	cozy_home:tent (from cozy_home-3.0.4-forge-1.20.1.jar), 
	cozy_home:chandelier_golden (from cozy_home-3.0.4-forge-1.20.1.jar), 
	cozy_home:glass_chair (from cozy_home-3.0.4-forge-1.20.1.jar), 
	cozy_home:rug_trader_single (from cozy_home-3.0.4-forge-1.20.1.jar), 
	cozy_home:oak_chair_tucked (from cozy_home-3.0.4-forge-1.20.1.jar), 
	cozy_home:oak_mirror_top (from cozy_home-3.0.4-forge-1.20.1.jar), 
	cozy_home:oak_mirror_bottom (from cozy_home-3.0.4-forge-1.20.1.jar), 
	cozy_home:oak_mirror_middle (from cozy_home-3.0.4-forge-1.20.1.jar), 
	cozy_home:spruce_chair_tucked (from cozy_home-3.0.4-forge-1.20.1.jar), 
	cozy_home:birch_chair_tucked (from cozy_home-3.0.4-forge-1.20.1.jar), 
	cozy_home:jungle_chair_tucked (from cozy_home-3.0.4-forge-1.20.1.jar), 
	cozy_home:spruce_mirror_top (from cozy_home-3.0.4-forge-1.20.1.jar), 
	cozy_home:spruce_mirror_middle (from cozy_home-3.0.4-forge-1.20.1.jar), 
	cozy_home:spruce_mirror_bottom (from cozy_home-3.0.4-forge-1.20.1.jar), 
	cozy_home:birch_mirror_top (from cozy_home-3.0.4-forge-1.20.1.jar), 
	cozy_home:birch_mirror_middle (from cozy_home-3.0.4-forge-1.20.1.jar), 
	cozy_home:birch_mirror_bottom (from cozy_home-3.0.4-forge-1.20.1.jar), 
	cozy_home:jungle_mirror_top (from cozy_home-3.0.4-forge-1.20.1.jar), 
	cozy_home:jungle_mirror_middle (from cozy_home-3.0.4-forge-1.20.1.jar), 
	cozy_home:jungle_mirror_bottom (from cozy_home-3.0.4-forge-1.20.1.jar), 
	cozy_home:acacia_mirror_top (from cozy_home-3.0.4-forge-1.20.1.jar), 
	cozy_home:acacia_mirror_middle (from cozy_home-3.0.4-forge-1.20.1.jar), 
	cozy_home:acacia_mirror_bottom (from cozy_home-3.0.4-forge-1.20.1.jar), 
	cozy_home:dark_oak_mirror_top (from cozy_home-3.0.4-forge-1.20.1.jar), 
	cozy_home:dark_oak_mirror_middle (from cozy_home-3.0.4-forge-1.20.1.jar), 
	cozy_home:dark_oak_mirror_bottom (from cozy_home-3.0.4-forge-1.20.1.jar), 
	cozy_home:mangrove_mirror_top (from cozy_home-3.0.4-forge-1.20.1.jar), 
	cozy_home:mangrove_mirror_middle (from cozy_home-3.0.4-forge-1.20.1.jar), 
	cozy_home:mangrove_mirror_bottom (from cozy_home-3.0.4-forge-1.20.1.jar), 
	cozy_home:crimson_mirror_top (from cozy_home-3.0.4-forge-1.20.1.jar), 
	cozy_home:crimson_mirror_middle (from cozy_home-3.0.4-forge-1.20.1.jar), 
	cozy_home:crimson_mirror_bottom (from cozy_home-3.0.4-forge-1.20.1.jar), 
	cozy_home:warped_mirror_top (from cozy_home-3.0.4-forge-1.20.1.jar), 
	cozy_home:warped_mirror_middle (from cozy_home-3.0.4-forge-1.20.1.jar), 
	cozy_home:warped_mirror_bottom (from cozy_home-3.0.4-forge-1.20.1.jar), 
	cozy_home:acacia_chair_tucked (from cozy_home-3.0.4-forge-1.20.1.jar), 
	cozy_home:dark_oak_chair_tucked (from cozy_home-3.0.4-forge-1.20.1.jar), 
	cozy_home:mangrove_chair_tucked (from cozy_home-3.0.4-forge-1.20.1.jar), 
	cozy_home:crimson_chair_tucked (from cozy_home-3.0.4-forge-1.20.1.jar), 
	cozy_home:warped_chair_tucked (from cozy_home-3.0.4-forge-1.20.1.jar), 
	cozy_home:lamp_white_off (from cozy_home-3.0.4-forge-1.20.1.jar), 
	cozy_home:lamp_orange_off (from cozy_home-3.0.4-forge-1.20.1.jar), 
	cozy_home:lamp_magenta_off (from cozy_home-3.0.4-forge-1.20.1.jar), 
	cozy_home:lamp_light_blue_off (from cozy_home-3.0.4-forge-1.20.1.jar), 
	cozy_home:lamp_yellow_off (from cozy_home-3.0.4-forge-1.20.1.jar), 
	cozy_home:lamp_lime_off (from cozy_home-3.0.4-forge-1.20.1.jar), 
	cozy_home:lamp_pink_off (from cozy_home-3.0.4-forge-1.20.1.jar), 
	cozy_home:lamp_gray_off (from cozy_home-3.0.4-forge-1.20.1.jar), 
	cozy_home:lamp_light_gray_off (from cozy_home-3.0.4-forge-1.20.1.jar), 
	cozy_home:lamp_cyan_off (from cozy_home-3.0.4-forge-1.20.1.jar), 
	cozy_home:lamp_purple_off (from cozy_home-3.0.4-forge-1.20.1.jar), 
	cozy_home:lamp_blue_off (from cozy_home-3.0.4-forge-1.20.1.jar), 
	cozy_home:lamp_brown_off (from cozy_home-3.0.4-forge-1.20.1.jar), 
	cozy_home:lamp_green_off (from cozy_home-3.0.4-forge-1.20.1.jar), 
	cozy_home:lamp_red_off (from cozy_home-3.0.4-forge-1.20.1.jar), 
	cozy_home:lamp_black_off (from cozy_home-3.0.4-forge-1.20.1.jar), 
	cozy_home:drawer_oak_left (from cozy_home-3.0.4-forge-1.20.1.jar), 
	cozy_home:drawer_oak_right (from cozy_home-3.0.4-forge-1.20.1.jar), 
	cozy_home:drawer_oak_middle (from cozy_home-3.0.4-forge-1.20.1.jar), 
	cozy_home:drawer_spruce_left (from cozy_home-3.0.4-forge-1.20.1.jar), 
	cozy_home:drawer_spruce_middle (from cozy_home-3.0.4-forge-1.20.1.jar), 
	cozy_home:drawer_spruce_right (from cozy_home-3.0.4-forge-1.20.1.jar), 
	cozy_home:drawer_birch_left (from cozy_home-3.0.4-forge-1.20.1.jar), 
	cozy_home:drawer_birch_middle (from cozy_home-3.0.4-forge-1.20.1.jar), 
	cozy_home:drawer_birch_right (from cozy_home-3.0.4-forge-1.20.1.jar), 
	cozy_home:drawer_jungle_left (from cozy_home-3.0.4-forge-1.20.1.jar), 
	cozy_home:drawer_jungle_middle (from cozy_home-3.0.4-forge-1.20.1.jar), 
	cozy_home:drawer_jungle_right (from cozy_home-3.0.4-forge-1.20.1.jar), 
	cozy_home:drawer_acacia_left (from cozy_home-3.0.4-forge-1.20.1.jar), 
	cozy_home:drawer_acacia_middle (from cozy_home-3.0.4-forge-1.20.1.jar), 
	cozy_home:drawer_acacia_right (from cozy_home-3.0.4-forge-1.20.1.jar), 
	cozy_home:drawer_dark_oak_left (from cozy_home-3.0.4-forge-1.20.1.jar), 
	cozy_home:drawer_dark_oak_middle (from cozy_home-3.0.4-forge-1.20.1.jar), 
	cozy_home:drawer_dark_oak_right (from cozy_home-3.0.4-forge-1.20.1.jar), 
	cozy_home:drawer_mangrove_left (from cozy_home-3.0.4-forge-1.20.1.jar), 
	cozy_home:drawer_mangrove_middle (from cozy_home-3.0.4-forge-1.20.1.jar), 
	cozy_home:drawer_mangrove_right (from cozy_home-3.0.4-forge-1.20.1.jar), 
	cozy_home:drawer_crimson_left (from cozy_home-3.0.4-forge-1.20.1.jar), 
	cozy_home:drawer_crimson_middle (from cozy_home-3.0.4-forge-1.20.1.jar), 
	cozy_home:drawer_crimson_right (from cozy_home-3.0.4-forge-1.20.1.jar), 
	cozy_home:drawer_warped_left (from cozy_home-3.0.4-forge-1.20.1.jar), 
	cozy_home:drawer_warped_middle (from cozy_home-3.0.4-forge-1.20.1.jar), 
	cozy_home:drawer_warped_right (from cozy_home-3.0.4-forge-1.20.1.jar), 
	cozy_home:oak_planked_wall_bottom (from cozy_home-3.0.4-forge-1.20.1.jar), 
	cozy_home:oak_planked_wall_middle (from cozy_home-3.0.4-forge-1.20.1.jar), 
	cozy_home:oak_planked_wall_top (from cozy_home-3.0.4-forge-1.20.1.jar), 
	cozy_home:spruce_planked_wall_bottom (from cozy_home-3.0.4-forge-1.20.1.jar), 
	cozy_home:spruce_planked_wall_middle (from cozy_home-3.0.4-forge-1.20.1.jar), 
	cozy_home:spruce_planked_wall_top (from cozy_home-3.0.4-forge-1.20.1.jar), 
	cozy_home:birch_planked_wall_bottom (from cozy_home-3.0.4-forge-1.20.1.jar), 
	cozy_home:birch_planked_wall_middle (from cozy_home-3.0.4-forge-1.20.1.jar), 
	cozy_home:birch_planked_wall_top (from cozy_home-3.0.4-forge-1.20.1.jar), 
	cozy_home:acacia_planked_wall_bottom (from cozy_home-3.0.4-forge-1.20.1.jar), 
	cozy_home:acacia_planked_wall_middle (from cozy_home-3.0.4-forge-1.20.1.jar), 
	cozy_home:acacia_planked_wall_top (from cozy_home-3.0.4-forge-1.20.1.jar), 
	cozy_home:dark_oak_planked_wall_bottom (from cozy_home-3.0.4-forge-1.20.1.jar), 
	cozy_home:dark_oak_planked_wall_middle (from cozy_home-3.0.4-forge-1.20.1.jar), 
	cozy_home:dark_oak_planked_wall_top (from cozy_home-3.0.4-forge-1.20.1.jar), 
	cozy_home:jungle_planked_wall_bottom (from cozy_home-3.0.4-forge-1.20.1.jar), 
	cozy_home:jungle_planked_wall_middle (from cozy_home-3.0.4-forge-1.20.1.jar), 
	cozy_home:jungle_planked_wall_top (from cozy_home-3.0.4-forge-1.20.1.jar), 
	cozy_home:mangrove_planked_wall_bottom (from cozy_home-3.0.4-forge-1.20.1.jar), 
	cozy_home:mangrove_planked_wall_middle (from cozy_home-3.0.4-forge-1.20.1.jar), 
	cozy_home:mangrove_planked_wall_top (from cozy_home-3.0.4-forge-1.20.1.jar), 
	cozy_home:crimson_planked_wall_bottom (from cozy_home-3.0.4-forge-1.20.1.jar), 
	cozy_home:crimson_planked_wall_middle (from cozy_home-3.0.4-forge-1.20.1.jar), 
	cozy_home:crimson_planked_wall_top (from cozy_home-3.0.4-forge-1.20.1.jar), 
	cozy_home:warped_planked_wall_bottom (from cozy_home-3.0.4-forge-1.20.1.jar), 
	cozy_home:warped_planked_wall_middle (from cozy_home-3.0.4-forge-1.20.1.jar), 
	cozy_home:warped_planked_wall_top (from cozy_home-3.0.4-forge-1.20.1.jar), 
	cozy_home:tent_open (from cozy_home-3.0.4-forge-1.20.1.jar), 
	cozy_home:bamboo_chair_tucked (from cozy_home-3.0.4-forge-1.20.1.jar), 
	cozy_home:table_stump_oak_corner (from cozy_home-3.0.4-forge-1.20.1.jar), 
	cozy_home:table_stump_oak_double (from cozy_home-3.0.4-forge-1.20.1.jar), 
	cozy_home:table_stump_oak_side (from cozy_home-3.0.4-forge-1.20.1.jar), 
	cozy_home:table_stump_oak_straight (from cozy_home-3.0.4-forge-1.20.1.jar), 
	cozy_home:table_stump_oak_middle (from cozy_home-3.0.4-forge-1.20.1.jar), 
	cozy_home:table_stump_birch_middle (from cozy_home-3.0.4-forge-1.20.1.jar), 
	cozy_home:table_stump_birch_straight (from cozy_home-3.0.4-forge-1.20.1.jar), 
	cozy_home:table_stump_birch_side (from cozy_home-3.0.4-forge-1.20.1.jar), 
	cozy_home:table_stump_birch_double (from cozy_home-3.0.4-forge-1.20.1.jar), 
	cozy_home:table_stump_birch_corner (from cozy_home-3.0.4-forge-1.20.1.jar), 
	cozy_home:table_stump_acacia_middle (from cozy_home-3.0.4-forge-1.20.1.jar), 
	cozy_home:table_stump_acacia_straight (from cozy_home-3.0.4-forge-1.20.1.jar), 
	cozy_home:table_stump_acacia_side (from cozy_home-3.0.4-forge-1.20.1.jar), 
	cozy_home:table_stump_acacia_double (from cozy_home-3.0.4-forge-1.20.1.jar), 
	cozy_home:table_stump_acacia_corner (from cozy_home-3.0.4-forge-1.20.1.jar), 
	cozy_home:table_stump_dark_oak_middle (from cozy_home-3.0.4-forge-1.20.1.jar), 
	cozy_home:table_stump_dark_oak_straight (from cozy_home-3.0.4-forge-1.20.1.jar), 
	cozy_home:table_stump_dark_oak_side (from cozy_home-3.0.4-forge-1.20.1.jar), 
	cozy_home:table_stump_dark_oak_double (from cozy_home-3.0.4-forge-1.20.1.jar), 
	cozy_home:table_stump_dark_oak_corner (from cozy_home-3.0.4-forge-1.20.1.jar), 
	cozy_home:table_stump_spruce_middle (from cozy_home-3.0.4-forge-1.20.1.jar), 
	cozy_home:table_stump_spruce_straight (from cozy_home-3.0.4-forge-1.20.1.jar), 
	cozy_home:table_stump_spruce_side (from cozy_home-3.0.4-forge-1.20.1.jar), 
	cozy_home:table_stump_spruce_double (from cozy_home-3.0.4-forge-1.20.1.jar), 
	cozy_home:table_stump_spruce_corner (from cozy_home-3.0.4-forge-1.20.1.jar), 
	cozy_home:table_stump_jungle_middle (from cozy_home-3.0.4-forge-1.20.1.jar), 
	cozy_home:table_stump_jungle_straight (from cozy_home-3.0.4-forge-1.20.1.jar), 
	cozy_home:table_strump_jungle_side (from cozy_home-3.0.4-forge-1.20.1.jar), 
	cozy_home:table_stump_jungle_double (from cozy_home-3.0.4-forge-1.20.1.jar), 
	cozy_home:table_stump_jungle_corner (from cozy_home-3.0.4-forge-1.20.1.jar), 
	cozy_home:table_stump_mangrove_straight (from cozy_home-3.0.4-forge-1.20.1.jar), 
	cozy_home:table_stump_mangrove_side (from cozy_home-3.0.4-forge-1.20.1.jar), 
	cozy_home:table_stump_mangrove_double (from cozy_home-3.0.4-forge-1.20.1.jar), 
	cozy_home:table_stump_mangrove_corner (from cozy_home-3.0.4-forge-1.20.1.jar), 
	cozy_home:table_stump_mangrove_middle (from cozy_home-3.0.4-forge-1.20.1.jar), 
	cozy_home:table_stump_crimson_straight (from cozy_home-3.0.4-forge-1.20.1.jar), 
	cozy_home:table_stump_crimson_side (from cozy_home-3.0.4-forge-1.20.1.jar), 
	cozy_home:table_stump_crimson_double (from cozy_home-3.0.4-forge-1.20.1.jar), 
	cozy_home:table_stump_crimson_corner (from cozy_home-3.0.4-forge-1.20.1.jar), 
	cozy_home:table_stump_crimson_middle (from cozy_home-3.0.4-forge-1.20.1.jar), 
	cozy_home:table_stump_warped_straight (from cozy_home-3.0.4-forge-1.20.1.jar), 
	cozy_home:table_stump_warped_side (from cozy_home-3.0.4-forge-1.20.1.jar), 
	cozy_home:table_stump_warped_double (from cozy_home-3.0.4-forge-1.20.1.jar), 
	cozy_home:table_stump_warped_corner (from cozy_home-3.0.4-forge-1.20.1.jar), 
	cozy_home:table_stump_warped_middle (from cozy_home-3.0.4-forge-1.20.1.jar), 
	cozy_home:plank_oak_1 (from cozy_home-3.0.4-forge-1.20.1.jar), 
	cozy_home:plank_oak_2 (from cozy_home-3.0.4-forge-1.20.1.jar), 
	cozy_home:plank_oak_3 (from cozy_home-3.0.4-forge-1.20.1.jar), 
	cozy_home:plank_birch_1 (from cozy_home-3.0.4-forge-1.20.1.jar), 
	cozy_home:plank_birch_2 (from cozy_home-3.0.4-forge-1.20.1.jar), 
	cozy_home:plank_birch_3 (from cozy_home-3.0.4-forge-1.20.1.jar), 
	cozy_home:plank_jungle_1 (from cozy_home-3.0.4-forge-1.20.1.jar), 
	cozy_home:plank_jungle_2 (from cozy_home-3.0.4-forge-1.20.1.jar), 
	cozy_home:plank_jungle_3 (from cozy_home-3.0.4-forge-1.20.1.jar), 
	cozy_home:plank_dark_oak_1 (from cozy_home-3.0.4-forge-1.20.1.jar), 
	cozy_home:plank_dark_oak_2 (from cozy_home-3.0.4-forge-1.20.1.jar), 
	cozy_home:plank_dark_oak_3 (from cozy_home-3.0.4-forge-1.20.1.jar), 
	cozy_home:plank_mangrove_1 (from cozy_home-3.0.4-forge-1.20.1.jar), 
	cozy_home:plank_mangrove_2 (from cozy_home-3.0.4-forge-1.20.1.jar), 
	cozy_home:plank_mangrove_3 (from cozy_home-3.0.4-forge-1.20.1.jar), 
	cozy_home:plank_bamboo_1 (from cozy_home-3.0.4-forge-1.20.1.jar), 
	cozy_home:plank_bamboo_2 (from cozy_home-3.0.4-forge-1.20.1.jar), 
	cozy_home:plank_bamboo_3 (from cozy_home-3.0.4-forge-1.20.1.jar), 
	cozy_home:plank_crimson_1 (from cozy_home-3.0.4-forge-1.20.1.jar), 
	cozy_home:plank_crimson_2 (from cozy_home-3.0.4-forge-1.20.1.jar), 
	cozy_home:plank_crimson_3 (from cozy_home-3.0.4-forge-1.20.1.jar), 
	cozy_home:plank_warped_1 (from cozy_home-3.0.4-forge-1.20.1.jar), 
	cozy_home:plank_warped_2 (from cozy_home-3.0.4-forge-1.20.1.jar), 
	cozy_home:plank_warped_3 (from cozy_home-3.0.4-forge-1.20.1.jar), 
	cozy_home:plank_spruce_1 (from cozy_home-3.0.4-forge-1.20.1.jar), 
	cozy_home:plank_spruce_2 (from cozy_home-3.0.4-forge-1.20.1.jar), 
	cozy_home:plank_spruce_3 (from cozy_home-3.0.4-forge-1.20.1.jar), 
	cozy_home:plank_acacia_1 (from cozy_home-3.0.4-forge-1.20.1.jar), 
	cozy_home:plank_acacia_2 (from cozy_home-3.0.4-forge-1.20.1.jar), 
	cozy_home:plank_acacia_3 (from cozy_home-3.0.4-forge-1.20.1.jar), 
	cozy_home:desk_oak_left (from cozy_home-3.0.4-forge-1.20.1.jar), 
	cozy_home:desk_oak_right (from cozy_home-3.0.4-forge-1.20.1.jar), 
	cozy_home:desk_oak_middle (from cozy_home-3.0.4-forge-1.20.1.jar), 
	cozy_home:desk_spruce_left (from cozy_home-3.0.4-forge-1.20.1.jar), 
	cozy_home:desk_spruce_right (from cozy_home-3.0.4-forge-1.20.1.jar), 
	cozy_home:desk_spruce_middle (from cozy_home-3.0.4-forge-1.20.1.jar), 
	cozy_home:desk_birch_left (from cozy_home-3.0.4-forge-1.20.1.jar), 
	cozy_home:desk_birch_right (from cozy_home-3.0.4-forge-1.20.1.jar), 
	cozy_home:desk_birch_middle (from cozy_home-3.0.4-forge-1.20.1.jar), 
	cozy_home:desk_jungle_left (from cozy_home-3.0.4-forge-1.20.1.jar), 
	cozy_home:desk_jungle_right (from cozy_home-3.0.4-forge-1.20.1.jar), 
	cozy_home:desk_jungle_middle (from cozy_home-3.0.4-forge-1.20.1.jar), 
	cozy_home:desk_acacia_left (from cozy_home-3.0.4-forge-1.20.1.jar), 
	cozy_home:desk_acacia_right (from cozy_home-3.0.4-forge-1.20.1.jar), 
	cozy_home:desk_acacia_middle (from cozy_home-3.0.4-forge-1.20.1.jar), 
	cozy_home:desk_dark_oak_left (from cozy_home-3.0.4-forge-1.20.1.jar), 
	cozy_home:desk_dark_oak_right (from cozy_home-3.0.4-forge-1.20.1.jar), 
	cozy_home:desk_dark_oak_middle (from cozy_home-3.0.4-forge-1.20.1.jar), 
	cozy_home:desk_mangrove_left (from cozy_home-3.0.4-forge-1.20.1.jar), 
	cozy_home:desk_mangrove_right (from cozy_home-3.0.4-forge-1.20.1.jar), 
	cozy_home:desk_mangrove_middle (from cozy_home-3.0.4-forge-1.20.1.jar), 
	cozy_home:desk_crimson_left (from cozy_home-3.0.4-forge-1.20.1.jar), 
	cozy_home:desk_crimson_right (from cozy_home-3.0.4-forge-1.20.1.jar), 
	cozy_home:desk_crimson_middle (from cozy_home-3.0.4-forge-1.20.1.jar), 
	cozy_home:desk_warped_left (from cozy_home-3.0.4-forge-1.20.1.jar), 
	cozy_home:desk_warped_right (from cozy_home-3.0.4-forge-1.20.1.jar), 
	cozy_home:desk_warped_middle (from cozy_home-3.0.4-forge-1.20.1.jar), 
	cozy_home:table_oak_corner (from cozy_home-3.0.4-forge-1.20.1.jar), 
	cozy_home:table_oak_double (from cozy_home-3.0.4-forge-1.20.1.jar), 
	cozy_home:table_oak_side (from cozy_home-3.0.4-forge-1.20.1.jar), 
	cozy_home:table_oak_straight (from cozy_home-3.0.4-forge-1.20.1.jar), 
	cozy_home:table_oak_middle (from cozy_home-3.0.4-forge-1.20.1.jar), 
	cozy_home:table_spruce_middle (from cozy_home-3.0.4-forge-1.20.1.jar), 
	cozy_home:table_spruce_straight (from cozy_home-3.0.4-forge-1.20.1.jar), 
	cozy_home:table_spruce_side (from cozy_home-3.0.4-forge-1.20.1.jar), 
	cozy_home:table_spruce_double (from cozy_home-3.0.4-forge-1.20.1.jar), 
	cozy_home:table_spruce_corner (from cozy_home-3.0.4-forge-1.20.1.jar), 
	cozy_home:table_birch_middle (from cozy_home-3.0.4-forge-1.20.1.jar), 
	cozy_home:table_birch_straight (from cozy_home-3.0.4-forge-1.20.1.jar), 
	cozy_home:table_birch_side (from cozy_home-3.0.4-forge-1.20.1.jar), 
	cozy_home:table_birch_double (from cozy_home-3.0.4-forge-1.20.1.jar), 
	cozy_home:table_birch_corner (from cozy_home-3.0.4-forge-1.20.1.jar), 
	cozy_home:table_jungle_middle (from cozy_home-3.0.4-forge-1.20.1.jar), 
	cozy_home:table_jungle_straight (from cozy_home-3.0.4-forge-1.20.1.jar), 
	cozy_home:table_jungle_side (from cozy_home-3.0.4-forge-1.20.1.jar), 
	cozy_home:table_jungle_double (from cozy_home-3.0.4-forge-1.20.1.jar), 
	cozy_home:table_jungle_corner (from cozy_home-3.0.4-forge-1.20.1.jar), 
	cozy_home:quartz_mirror_top (from cozy_home-3.0.4-forge-1.20.1.jar), 
	cozy_home:quartz_mirror_middle (from cozy_home-3.0.4-forge-1.20.1.jar), 
	cozy_home:quartz_mirror_bottom (from cozy_home-3.0.4-forge-1.20.1.jar), 
	cozy_home:desk_quartz_left (from cozy_home-3.0.4-forge-1.20.1.jar), 
	cozy_home:desk_quartz_right (from cozy_home-3.0.4-forge-1.20.1.jar), 
	cozy_home:desk_quartz_middle (from cozy_home-3.0.4-forge-1.20.1.jar), 
	cozy_home:bamboo_mirror_top (from cozy_home-3.0.4-forge-1.20.1.jar), 
	cozy_home:bamboo_mirror_bottom (from cozy_home-3.0.4-forge-1.20.1.jar), 
	cozy_home:bamboo_mirror_middle (from cozy_home-3.0.4-forge-1.20.1.jar), 
	cozy_home:chimney_brick_long (from cozy_home-3.0.4-forge-1.20.1.jar), 
	cozy_home:chimney_netherbrick_long (from cozy_home-3.0.4-forge-1.20.1.jar), 
	cozy_home:chimney_stonebrick_long (from cozy_home-3.0.4-forge-1.20.1.jar), 
	cozy_home:chimney_brick_intake (from cozy_home-3.0.4-forge-1.20.1.jar), 
	cozy_home:chimney_stonebrick_intake (from cozy_home-3.0.4-forge-1.20.1.jar), 
	cozy_home:chimney_netherbrick_intake (from cozy_home-3.0.4-forge-1.20.1.jar), 
	cozy_home:chimney_brick_solid (from cozy_home-3.0.4-forge-1.20.1.jar), 
	cozy_home:chimney_stonebrick_solid (from cozy_home-3.0.4-forge-1.20.1.jar), 
	cozy_home:chimney_netherbrick_solid (from cozy_home-3.0.4-forge-1.20.1.jar), 
	cozy_home:chimney_cobblestone_long (from cozy_home-3.0.4-forge-1.20.1.jar), 
	cozy_home:chimney_cobblestone_intake (from cozy_home-3.0.4-forge-1.20.1.jar), 
	cozy_home:chimney_cobblestone_solid (from cozy_home-3.0.4-forge-1.20.1.jar), 
	cozy_home:counter_quartz_outer_corner_left (from cozy_home-3.0.4-forge-1.20.1.jar), 
	cozy_home:counter_quartz_inner_corner_left (from cozy_home-3.0.4-forge-1.20.1.jar), 
	cozy_home:counter_quartz_inner_corner_right (from cozy_home-3.0.4-forge-1.20.1.jar), 
	cozy_home:counter_quartz_outer_corner_right (from cozy_home-3.0.4-forge-1.20.1.jar), 
	cozy_home:rug_trader_corner (from cozy_home-3.0.4-forge-1.20.1.jar), 
	cozy_home:rug_trader_double (from cozy_home-3.0.4-forge-1.20.1.jar), 
	cozy_home:rug_trader_side (from cozy_home-3.0.4-forge-1.20.1.jar), 
	cozy_home:rug_trader_straight (from cozy_home-3.0.4-forge-1.20.1.jar), 
	cozy_home:rug_trader_middle (from cozy_home-3.0.4-forge-1.20.1.jar), 
	cozy_home:table_acacia_middle (from cozy_home-3.0.4-forge-1.20.1.jar), 
	cozy_home:table_acacia_straight (from cozy_home-3.0.4-forge-1.20.1.jar), 
	cozy_home:table_acacia_side (from cozy_home-3.0.4-forge-1.20.1.jar), 
	cozy_home:table_acacia_double (from cozy_home-3.0.4-forge-1.20.1.jar), 
	cozy_home:table_acacia_corner (from cozy_home-3.0.4-forge-1.20.1.jar), 
	cozy_home:table_bamboo_middle (from cozy_home-3.0.4-forge-1.20.1.jar), 
	cozy_home:table_bamboo_straight (from cozy_home-3.0.4-forge-1.20.1.jar), 
	cozy_home:table_bamboo_side (from cozy_home-3.0.4-forge-1.20.1.jar), 
	cozy_home:table_bamboo_double (from cozy_home-3.0.4-forge-1.20.1.jar), 
	cozy_home:table_bamboo_corner (from cozy_home-3.0.4-forge-1.20.1.jar), 
	cozy_home:table_dark_oak_middle (from cozy_home-3.0.4-forge-1.20.1.jar), 
	cozy_home:table_dark_oak_straight (from cozy_home-3.0.4-forge-1.20.1.jar), 
	cozy_home:table_dark_oak_side (from cozy_home-3.0.4-forge-1.20.1.jar), 
	cozy_home:table_dark_oak_double (from cozy_home-3.0.4-forge-1.20.1.jar), 
	cozy_home:table_dark_oak_corner (from cozy_home-3.0.4-forge-1.20.1.jar), 
	cozy_home:table_mangrove_middle (from cozy_home-3.0.4-forge-1.20.1.jar), 
	cozy_home:table_mangrove_straight (from cozy_home-3.0.4-forge-1.20.1.jar), 
	cozy_home:table_mangrove_side (from cozy_home-3.0.4-forge-1.20.1.jar), 
	cozy_home:table_mangrove_double (from cozy_home-3.0.4-forge-1.20.1.jar), 
	cozy_home:table_mangrove_corner (from cozy_home-3.0.4-forge-1.20.1.jar), 
	cozy_home:table_crimson_middle (from cozy_home-3.0.4-forge-1.20.1.jar), 
	cozy_home:table_crimson_straight (from cozy_home-3.0.4-forge-1.20.1.jar), 
	cozy_home:table_crimson_side (from cozy_home-3.0.4-forge-1.20.1.jar), 
	cozy_home:table_crimson_double (from cozy_home-3.0.4-forge-1.20.1.jar), 
	cozy_home:table_crimson_corner (from cozy_home-3.0.4-forge-1.20.1.jar), 
	cozy_home:table_warped_middle (from cozy_home-3.0.4-forge-1.20.1.jar), 
	cozy_home:table_warped_straight (from cozy_home-3.0.4-forge-1.20.1.jar), 
	cozy_home:table_warped_side (from cozy_home-3.0.4-forge-1.20.1.jar), 
	cozy_home:table_warped_double (from cozy_home-3.0.4-forge-1.20.1.jar), 
	cozy_home:table_warped_corner (from cozy_home-3.0.4-forge-1.20.1.jar), 
	cozy_home:cherry_chair_tucked (from cozy_home-3.0.4-forge-1.20.1.jar), 
	cozy_home:plank_cherry_1 (from cozy_home-3.0.4-forge-1.20.1.jar), 
	cozy_home:plank_cherry_2 (from cozy_home-3.0.4-forge-1.20.1.jar), 
	cozy_home:plank_cherry_3 (from cozy_home-3.0.4-forge-1.20.1.jar), 
	cozy_home:drawer_cherry_left (from cozy_home-3.0.4-forge-1.20.1.jar), 
	cozy_home:drawer_cherry_right (from cozy_home-3.0.4-forge-1.20.1.jar), 
	cozy_home:drawer_cherry_middle (from cozy_home-3.0.4-forge-1.20.1.jar), 
	cozy_home:desk_cherry_left (from cozy_home-3.0.4-forge-1.20.1.jar), 
	cozy_home:desk_cherry_right (from cozy_home-3.0.4-forge-1.20.1.jar), 
	cozy_home:desk_cherry_middle (from cozy_home-3.0.4-forge-1.20.1.jar), 
	cozy_home:cherry_mirror_top (from cozy_home-3.0.4-forge-1.20.1.jar), 
	cozy_home:cherry_mirror_bottom (from cozy_home-3.0.4-forge-1.20.1.jar), 
	cozy_home:cherry_mirror_middle (from cozy_home-3.0.4-forge-1.20.1.jar), 
	cozy_home:table_cherry_corner (from cozy_home-3.0.4-forge-1.20.1.jar), 
	cozy_home:table_cherry_double (from cozy_home-3.0.4-forge-1.20.1.jar), 
	cozy_home:table_cherry_side (from cozy_home-3.0.4-forge-1.20.1.jar), 
	cozy_home:table_cherry_straight (from cozy_home-3.0.4-forge-1.20.1.jar), 
	cozy_home:table_cherry_middle (from cozy_home-3.0.4-forge-1.20.1.jar), 
	cozy_home:table_stump_cherry_corner (from cozy_home-3.0.4-forge-1.20.1.jar), 
	cozy_home:table_stump_cherry_double (from cozy_home-3.0.4-forge-1.20.1.jar), 
	cozy_home:table_stump_cherry_side (from cozy_home-3.0.4-forge-1.20.1.jar), 
	cozy_home:table_stump_cherry_straight (from cozy_home-3.0.4-forge-1.20.1.jar), 
	cozy_home:table_stump_cherry_middle (from cozy_home-3.0.4-forge-1.20.1.jar), 
	cozy_home:oak_bench_left (from cozy_home-3.0.4-forge-1.20.1.jar), 
	cozy_home:oak_bench_middle (from cozy_home-3.0.4-forge-1.20.1.jar), 
	cozy_home:oak_bench_right (from cozy_home-3.0.4-forge-1.20.1.jar), 
	cozy_home:spruce_bench_left (from cozy_home-3.0.4-forge-1.20.1.jar), 
	cozy_home:spruce_bench_middle (from cozy_home-3.0.4-forge-1.20.1.jar), 
	cozy_home:spruce_bench_right (from cozy_home-3.0.4-forge-1.20.1.jar), 
	cozy_home:birch_bench_left (from cozy_home-3.0.4-forge-1.20.1.jar), 
	cozy_home:birch_bench_middle (from cozy_home-3.0.4-forge-1.20.1.jar), 
	cozy_home:birch_bench_right (from cozy_home-3.0.4-forge-1.20.1.jar), 
	cozy_home:jungle_bench_left (from cozy_home-3.0.4-forge-1.20.1.jar), 
	cozy_home:jungle_bench_middle (from cozy_home-3.0.4-forge-1.20.1.jar), 
	cozy_home:jungle_bench_right (from cozy_home-3.0.4-forge-1.20.1.jar), 
	cozy_home:acacia_bench_left (from cozy_home-3.0.4-forge-1.20.1.jar), 
	cozy_home:acacia_bench_middle (from cozy_home-3.0.4-forge-1.20.1.jar), 
	cozy_home:acacia_bench_right (from cozy_home-3.0.4-forge-1.20.1.jar), 
	cozy_home:bamboo_bench_left (from cozy_home-3.0.4-forge-1.20.1.jar), 
	cozy_home:bamboo_bench_middle (from cozy_home-3.0.4-forge-1.20.1.jar), 
	cozy_home:bamboo_bench_right (from cozy_home-3.0.4-forge-1.20.1.jar), 
	cozy_home:cherry_bench_left (from cozy_home-3.0.4-forge-1.20.1.jar), 
	cozy_home:cherry_bench_middle (from cozy_home-3.0.4-forge-1.20.1.jar), 
	cozy_home:cherry_bench_right (from cozy_home-3.0.4-forge-1.20.1.jar), 
	cozy_home:dark_oak_bench_left (from cozy_home-3.0.4-forge-1.20.1.jar), 
	cozy_home:dark_oak_bench_middle (from cozy_home-3.0.4-forge-1.20.1.jar), 
	cozy_home:dark_oak_bench_right (from cozy_home-3.0.4-forge-1.20.1.jar), 
	cozy_home:crimson_bench_left (from cozy_home-3.0.4-forge-1.20.1.jar), 
	cozy_home:crimson_bench_middle (from cozy_home-3.0.4-forge-1.20.1.jar), 
	cozy_home:crimson_bench_right (from cozy_home-3.0.4-forge-1.20.1.jar), 
	cozy_home:mangrove_bench_left (from cozy_home-3.0.4-forge-1.20.1.jar), 
	cozy_home:mangrove_bench_middle (from cozy_home-3.0.4-forge-1.20.1.jar), 
	cozy_home:mangrove_bench_right (from cozy_home-3.0.4-forge-1.20.1.jar), 
	cozy_home:quartz_bench_left (from cozy_home-3.0.4-forge-1.20.1.jar), 
	cozy_home:quartz_bench_middle (from cozy_home-3.0.4-forge-1.20.1.jar), 
	cozy_home:quartz_bench_right (from cozy_home-3.0.4-forge-1.20.1.jar), 
	cozy_home:warped_bench_left (from cozy_home-3.0.4-forge-1.20.1.jar), 
	cozy_home:warped_bench_middle (from cozy_home-3.0.4-forge-1.20.1.jar), 
	cozy_home:warped_bench_right (from cozy_home-3.0.4-forge-1.20.1.jar)
[04Mar2025 21:57:57.896] [Worker-Main-3/ERROR] [net.minecraft.tags.TagLoader/]: Couldn't load tag fabric:needs_tool_level_1 as it is missing following references: cozy_home:counter_oak (from cozy_home-3.0.4-forge-1.20.1.jar), 
	cozy_home:counter_oak_storage (from cozy_home-3.0.4-forge-1.20.1.jar), 
	cozy_home:counter_oak_sink (from cozy_home-3.0.4-forge-1.20.1.jar), 
	cozy_home:counter_spruce (from cozy_home-3.0.4-forge-1.20.1.jar), 
	cozy_home:counter_spruce_storage (from cozy_home-3.0.4-forge-1.20.1.jar), 
	cozy_home:counter_spruce_sink (from cozy_home-3.0.4-forge-1.20.1.jar), 
	cozy_home:counter_birch (from cozy_home-3.0.4-forge-1.20.1.jar), 
	cozy_home:counter_birch_storage (from cozy_home-3.0.4-forge-1.20.1.jar), 
	cozy_home:counter_birch_sink (from cozy_home-3.0.4-forge-1.20.1.jar), 
	cozy_home:counter_jungle (from cozy_home-3.0.4-forge-1.20.1.jar), 
	cozy_home:counter_jungle_storage (from cozy_home-3.0.4-forge-1.20.1.jar), 
	cozy_home:counter_jungle_sink (from cozy_home-3.0.4-forge-1.20.1.jar), 
	cozy_home:counter_acacia (from cozy_home-3.0.4-forge-1.20.1.jar), 
	cozy_home:counter_acacia_storage (from cozy_home-3.0.4-forge-1.20.1.jar), 
	cozy_home:counter_acacia_sink (from cozy_home-3.0.4-forge-1.20.1.jar), 
	cozy_home:counter_dark_oak (from cozy_home-3.0.4-forge-1.20.1.jar), 
	cozy_home:counter_dark_oak_storage (from cozy_home-3.0.4-forge-1.20.1.jar), 
	cozy_home:counter_dark_oak_sink (from cozy_home-3.0.4-forge-1.20.1.jar), 
	cozy_home:counter_mangrove (from cozy_home-3.0.4-forge-1.20.1.jar), 
	cozy_home:counter_mangrove_storage (from cozy_home-3.0.4-forge-1.20.1.jar), 
	cozy_home:counter_mangrove_sink (from cozy_home-3.0.4-forge-1.20.1.jar), 
	cozy_home:counter_cherry (from cozy_home-3.0.4-forge-1.20.1.jar), 
	cozy_home:counter_cherry_storage (from cozy_home-3.0.4-forge-1.20.1.jar), 
	cozy_home:counter_cherry_sink (from cozy_home-3.0.4-forge-1.20.1.jar), 
	cozy_home:counter_crimson (from cozy_home-3.0.4-forge-1.20.1.jar), 
	cozy_home:counter_crimson_storage (from cozy_home-3.0.4-forge-1.20.1.jar), 
	cozy_home:counter_crimson_sink (from cozy_home-3.0.4-forge-1.20.1.jar), 
	cozy_home:counter_warped (from cozy_home-3.0.4-forge-1.20.1.jar), 
	cozy_home:counter_warped_storage (from cozy_home-3.0.4-forge-1.20.1.jar), 
	cozy_home:counter_warped_sink (from cozy_home-3.0.4-forge-1.20.1.jar), 
	cozy_home:drawer_quartz (from cozy_home-3.0.4-forge-1.20.1.jar), 
	cozy_home:grandfather_clock_oak_bottom (from cozy_home-3.0.4-forge-1.20.1.jar), 
	cozy_home:grandfather_clock_spruce_bottom (from cozy_home-3.0.4-forge-1.20.1.jar), 
	cozy_home:grandfather_clock_birch_bottom (from cozy_home-3.0.4-forge-1.20.1.jar), 
	cozy_home:grandfather_clock_jungle_bottom (from cozy_home-3.0.4-forge-1.20.1.jar), 
	cozy_home:grandfather_clock_acacia_bottom (from cozy_home-3.0.4-forge-1.20.1.jar), 
	cozy_home:grandfather_clock_dark_oak_bottom (from cozy_home-3.0.4-forge-1.20.1.jar), 
	cozy_home:grandfather_clock_mangrove_bottom (from cozy_home-3.0.4-forge-1.20.1.jar), 
	cozy_home:grandfather_clock_cherry_bottom (from cozy_home-3.0.4-forge-1.20.1.jar), 
	cozy_home:grandfather_clock_crimson_bottom (from cozy_home-3.0.4-forge-1.20.1.jar), 
	cozy_home:grandfather_clock_warped_bottom (from cozy_home-3.0.4-forge-1.20.1.jar), 
	cozy_home:grandfather_clock_bamboo_bottom (from cozy_home-3.0.4-forge-1.20.1.jar), 
	cozy_home:grandfather_clock_quartz_bottom (from cozy_home-3.0.4-forge-1.20.1.jar), 
	cozy_home:fireplace_oak (from cozy_home-3.0.4-forge-1.20.1.jar), 
	cozy_home:drawer_quartz_left (from cozy_home-3.0.4-forge-1.20.1.jar), 
	cozy_home:drawer_quartz_middle (from cozy_home-3.0.4-forge-1.20.1.jar), 
	cozy_home:drawer_quartz_right (from cozy_home-3.0.4-forge-1.20.1.jar), 
	cozy_home:quartz_chair_tucked (from cozy_home-3.0.4-forge-1.20.1.jar), 
	cozy_home:grandfather_clock_oak_middle (from cozy_home-3.0.4-forge-1.20.1.jar), 
	cozy_home:grandfather_clock_oak_top (from cozy_home-3.0.4-forge-1.20.1.jar), 
	cozy_home:grandfather_clock_spruce_middle (from cozy_home-3.0.4-forge-1.20.1.jar), 
	cozy_home:grandfather_clock_spruce_top (from cozy_home-3.0.4-forge-1.20.1.jar), 
	cozy_home:grandfather_clock_birch_middle (from cozy_home-3.0.4-forge-1.20.1.jar), 
	cozy_home:grandfather_clock_birch_top (from cozy_home-3.0.4-forge-1.20.1.jar), 
	cozy_home:grandfather_clock_jungle_middle (from cozy_home-3.0.4-forge-1.20.1.jar), 
	cozy_home:grandfather_clock_jungle_top (from cozy_home-3.0.4-forge-1.20.1.jar), 
	cozy_home:grandfather_clock_acacia_middle (from cozy_home-3.0.4-forge-1.20.1.jar), 
	cozy_home:grandfather_clock_acacia_top (from cozy_home-3.0.4-forge-1.20.1.jar), 
	cozy_home:grandfather_clock_dark_oak_middle (from cozy_home-3.0.4-forge-1.20.1.jar), 
	cozy_home:grandfather_clock_dark_oak_top (from cozy_home-3.0.4-forge-1.20.1.jar), 
	cozy_home:grandfather_clock_mangrove_middle (from cozy_home-3.0.4-forge-1.20.1.jar), 
	cozy_home:grandfather_clock_mangrove_top (from cozy_home-3.0.4-forge-1.20.1.jar), 
	cozy_home:grandfather_clock_crimson_middle (from cozy_home-3.0.4-forge-1.20.1.jar), 
	cozy_home:grandfather_clock_crimson_top (from cozy_home-3.0.4-forge-1.20.1.jar), 
	cozy_home:grandfather_clock_warped_middle (from cozy_home-3.0.4-forge-1.20.1.jar), 
	cozy_home:grandfather_clock_warped_top (from cozy_home-3.0.4-forge-1.20.1.jar), 
	cozy_home:grandfather_clock_bamboo_middle (from cozy_home-3.0.4-forge-1.20.1.jar), 
	cozy_home:grandfather_clock_bamboo_top (from cozy_home-3.0.4-forge-1.20.1.jar), 
	cozy_home:grandfather_clock_quartz_middle (from cozy_home-3.0.4-forge-1.20.1.jar), 
	cozy_home:grandfather_clock_quartz_top (from cozy_home-3.0.4-forge-1.20.1.jar), 
	cozy_home:counter_oak_outer_corner_left (from cozy_home-3.0.4-forge-1.20.1.jar), 
	cozy_home:counter_oak_outer_corner_right (from cozy_home-3.0.4-forge-1.20.1.jar), 
	cozy_home:counter_oak_inner_corner_left (from cozy_home-3.0.4-forge-1.20.1.jar), 
	cozy_home:counter_oak_inner_corner_right (from cozy_home-3.0.4-forge-1.20.1.jar), 
	cozy_home:counter_spruce_outer_corner_left (from cozy_home-3.0.4-forge-1.20.1.jar), 
	cozy_home:counter_spruce_outer_corner_right (from cozy_home-3.0.4-forge-1.20.1.jar), 
	cozy_home:counter_spruce_inner_corner_left (from cozy_home-3.0.4-forge-1.20.1.jar), 
	cozy_home:counter_spruce_inner_corner_right (from cozy_home-3.0.4-forge-1.20.1.jar), 
	cozy_home:counter_birch_outer_corner_left (from cozy_home-3.0.4-forge-1.20.1.jar), 
	cozy_home:counter_birch_inner_corner_left (from cozy_home-3.0.4-forge-1.20.1.jar), 
	cozy_home:counter_birch_inner_corner_right (from cozy_home-3.0.4-forge-1.20.1.jar), 
	cozy_home:counter_jungle_outer_corner_left (from cozy_home-3.0.4-forge-1.20.1.jar), 
	cozy_home:counter_jungle_inner_corner_left (from cozy_home-3.0.4-forge-1.20.1.jar), 
	cozy_home:counter_jungle_inner_corner_right (from cozy_home-3.0.4-forge-1.20.1.jar), 
	cozy_home:counter_birch_outer_corner_right (from cozy_home-3.0.4-forge-1.20.1.jar), 
	cozy_home:counter_jungle_outer_corner_right (from cozy_home-3.0.4-forge-1.20.1.jar), 
	cozy_home:counter_acacia_outer_corner_left (from cozy_home-3.0.4-forge-1.20.1.jar), 
	cozy_home:counter_acacia_inner_corner_left (from cozy_home-3.0.4-forge-1.20.1.jar), 
	cozy_home:counter_acacia_inner_corner_right (from cozy_home-3.0.4-forge-1.20.1.jar), 
	cozy_home:counter_acacia_outer_corner_right (from cozy_home-3.0.4-forge-1.20.1.jar), 
	cozy_home:counter_dark_oak_outer_corner_left (from cozy_home-3.0.4-forge-1.20.1.jar), 
	cozy_home:counter_dark_oak_inner_corner_left (from cozy_home-3.0.4-forge-1.20.1.jar), 
	cozy_home:counter_dark_oak_inner_corner_right (from cozy_home-3.0.4-forge-1.20.1.jar), 
	cozy_home:counter_dark_oak_outer_corner_right (from cozy_home-3.0.4-forge-1.20.1.jar), 
	cozy_home:counter_mangrove_outer_corner_left (from cozy_home-3.0.4-forge-1.20.1.jar), 
	cozy_home:counter_mangrove_inner_corner_left (from cozy_home-3.0.4-forge-1.20.1.jar), 
	cozy_home:counter_mangrove_inner_corner_right (from cozy_home-3.0.4-forge-1.20.1.jar), 
	cozy_home:counter_mangrove_outer_corner_right (from cozy_home-3.0.4-forge-1.20.1.jar), 
	cozy_home:counter_crimson_outer_corner_left (from cozy_home-3.0.4-forge-1.20.1.jar), 
	cozy_home:counter_crimson_inner_corner_left (from cozy_home-3.0.4-forge-1.20.1.jar), 
	cozy_home:counter_crimson_inner_corner_right (from cozy_home-3.0.4-forge-1.20.1.jar), 
	cozy_home:counter_crimson_outer_corner_right (from cozy_home-3.0.4-forge-1.20.1.jar), 
	cozy_home:counter_warped_outer_corner_left (from cozy_home-3.0.4-forge-1.20.1.jar), 
	cozy_home:counter_warped_inner_corner_left (from cozy_home-3.0.4-forge-1.20.1.jar), 
	cozy_home:counter_warped_inner_corner_right (from cozy_home-3.0.4-forge-1.20.1.jar), 
	cozy_home:counter_warped_outer_corner_right (from cozy_home-3.0.4-forge-1.20.1.jar), 
	cozy_home:counter_cherry_outer_corner_left (from cozy_home-3.0.4-forge-1.20.1.jar), 
	cozy_home:counter_cherry_outer_corner_right (from cozy_home-3.0.4-forge-1.20.1.jar), 
	cozy_home:counter_cherry_inner_corner_left (from cozy_home-3.0.4-forge-1.20.1.jar), 
	cozy_home:counter_cherry_corner_right (from cozy_home-3.0.4-forge-1.20.1.jar), 
	cozy_home:grandfather_clock_cherry_middle (from cozy_home-3.0.4-forge-1.20.1.jar), 
	cozy_home:grandfather_clock_cherry_top (from cozy_home-3.0.4-forge-1.20.1.jar), 
	cozy_home:fireplace_oak_horizontal_left (from cozy_home-3.0.4-forge-1.20.1.jar), 
	cozy_home:fireplace_oak_horizontal_middle (from cozy_home-3.0.4-forge-1.20.1.jar), 
	cozy_home:fireplace_oak_horizontal_right (from cozy_home-3.0.4-forge-1.20.1.jar), 
	cozy_home:fireplace_oak_vertical_bottom (from cozy_home-3.0.4-forge-1.20.1.jar), 
	cozy_home:fireplace_oak_vertical_middle (from cozy_home-3.0.4-forge-1.20.1.jar), 
	cozy_home:fireplace_oak_vertical_top (from cozy_home-3.0.4-forge-1.20.1.jar), 
	cozy_home:fireplace_oak_top_left (from cozy_home-3.0.4-forge-1.20.1.jar), 
	cozy_home:fireplace_oak_top_middle (from cozy_home-3.0.4-forge-1.20.1.jar), 
	cozy_home:fireplace_oak_top_right (from cozy_home-3.0.4-forge-1.20.1.jar), 
	cozy_home:fireplace_oak_middle_left (from cozy_home-3.0.4-forge-1.20.1.jar), 
	cozy_home:fireplace_oak_middle_right (from cozy_home-3.0.4-forge-1.20.1.jar), 
	cozy_home:fireplace_oak_bottom_left (from cozy_home-3.0.4-forge-1.20.1.jar), 
	cozy_home:fireplace_oak_bottom_middle (from cozy_home-3.0.4-forge-1.20.1.jar), 
	cozy_home:fireplace_oak_bottom_right (from cozy_home-3.0.4-forge-1.20.1.jar)
[04Mar2025 21:57:57.899] [Worker-Main-3/ERROR] [net.minecraft.tags.TagLoader/]: Couldn't load tag vminus:emissive_rendering as it is missing following references: vminus:default_block (from vminus-forge-1.20.1-3.2.7.jar)
[04Mar2025 21:57:57.950] [Worker-Main-2/ERROR] [net.minecraft.tags.TagLoader/]: Couldn't load tag forge:crops as it is missing following references: #forge:crops/bellpepper (from veggiesdelight-1.7.jar)
[04Mar2025 21:57:57.950] [Worker-Main-2/ERROR] [net.minecraft.tags.TagLoader/]: Couldn't load tag farmersplus:crate_can_contain as it is missing following references: #forge:crops (from farmersplus-1.0.3.jar)
[04Mar2025 21:57:57.952] [Worker-Main-2/ERROR] [net.minecraft.tags.TagLoader/]: Couldn't load tag vminus:sheets as it is missing following references: vminus:default_item (from vminus-forge-1.20.1-3.2.7.jar)
[04Mar2025 21:57:57.953] [Worker-Main-2/ERROR] [net.minecraft.tags.TagLoader/]: Couldn't load tag forge:cooked_trilocararis as it is missing following references: alexscaves:cooked_trilocararis (from alexscavesdelight-1.0.24-1.20.1.jar)
[04Mar2025 21:57:57.954] [Worker-Main-2/ERROR] [net.minecraft.tags.TagLoader/]: Couldn't load tag ctov:wares/cardboard_box as it is missing following references: wares:cardboard_box (from [forge]ctov-3.4.11.jar)
[04Mar2025 21:57:57.971] [Worker-Main-2/ERROR] [net.minecraft.tags.TagLoader/]: Couldn't load tag vminus:rarity/common as it is missing following references: vminus:default_item (from vminus-forge-1.20.1-3.2.7.jar)
[04Mar2025 21:57:57.971] [Worker-Main-2/ERROR] [net.minecraft.tags.TagLoader/]: Couldn't load tag forge:protein as it is missing following references: #forge:protein/peanut (from vintagedelight-0.1.6.jar)
[04Mar2025 21:57:57.972] [Worker-Main-2/ERROR] [net.minecraft.tags.TagLoader/]: Couldn't load tag vminus:rarity/epic as it is missing following references: vminus:default_item (from vminus-forge-1.20.1-3.2.7.jar)
[04Mar2025 21:57:57.974] [Worker-Main-2/ERROR] [net.minecraft.tags.TagLoader/]: Couldn't load tag forge:dinosaur_chop_raw as it is missing following references: alexscaves:dinosaur_chop_raw (from alexscavesdelight-1.0.24-1.20.1.jar)
[04Mar2025 21:57:57.977] [Worker-Main-2/ERROR] [net.minecraft.tags.TagLoader/]: Couldn't load tag vminus:banned as it is missing following references: vminus:default_item (from vminus-forge-1.20.1-3.2.7.jar)
[04Mar2025 21:57:57.980] [Worker-Main-2/ERROR] [net.minecraft.tags.TagLoader/]: Couldn't load tag vminus:rarity/uncommon as it is missing following references: vminus:default_item (from vminus-forge-1.20.1-3.2.7.jar)
[04Mar2025 21:57:57.986] [Worker-Main-2/ERROR] [net.minecraft.tags.TagLoader/]: Couldn't load tag vminus:containers as it is missing following references: vminus:default_item (from vminus-forge-1.20.1-3.2.7.jar)
[04Mar2025 21:57:57.987] [Worker-Main-2/ERROR] [net.minecraft.tags.TagLoader/]: Couldn't load tag vminus:cosmetic as it is missing following references: vminus:default_item (from vminus-forge-1.20.1-3.2.7.jar)
[04Mar2025 21:57:57.988] [Worker-Main-2/ERROR] [net.minecraft.tags.TagLoader/]: Couldn't load tag vminus:swords_bows_and_crossbows as it is missing following references: #minecraft:crossbows (from vminus-forge-1.20.1-3.2.7.jar)
[04Mar2025 21:57:57.992] [Worker-Main-2/ERROR] [net.minecraft.tags.TagLoader/]: Couldn't load tag alexsmobsinteraction:brushes as it is missing following references: minecraft:brushes (from alexsmobsinteraction-4.3-all.jar), 
	#c:brushitems (from alexsmobsinteraction-4.3-all.jar)
[04Mar2025 21:57:57.993] [Worker-Main-2/ERROR] [net.minecraft.tags.TagLoader/]: Couldn't load tag forge:dinosaur_chop_cooked as it is missing following references: alexscaves:dinosaur_chop_cooked (from alexscavesdelight-1.0.24-1.20.1.jar)
[04Mar2025 21:57:57.994] [Worker-Main-2/ERROR] [net.minecraft.tags.TagLoader/]: Couldn't load tag ctov:wares/sealed_delivery_agreement as it is missing following references: wares:sealed_delivery_agreement (from [forge]ctov-3.4.11.jar)
[04Mar2025 21:57:57.995] [Worker-Main-2/ERROR] [net.minecraft.tags.TagLoader/]: Couldn't load tag compat_farmersdelight:eggs as it is missing following references: naturalist:duck_egg (from Compat_FarmersDelight.jar)
[04Mar2025 21:57:57.995] [Worker-Main-2/ERROR] [net.minecraft.tags.TagLoader/]: Couldn't load tag vminus:rarity/rare as it is missing following references: vminus:default_item (from vminus-forge-1.20.1-3.2.7.jar)
[04Mar2025 21:57:57.996] [Worker-Main-2/ERROR] [net.minecraft.tags.TagLoader/]: Couldn't load tag vminus:stack_size_64 as it is missing following references: vminus:default_item (from vminus-forge-1.20.1-3.2.7.jar)
[04Mar2025 21:57:58.258] [Worker-Main-2/ERROR] [net.minecraft.server.packs.resources.SimpleJsonResourceReloadListener/]: Couldn't parse data file farmerslarder:bagel_recipe from farmerslarder:recipes/bagel_recipe.json
com.google.gson.JsonParseException: com.google.gson.stream.MalformedJsonException: Unterminated object at line 4 column 4 path $.recipe_book_tab
	at net.minecraft.util.GsonHelper.m_13780_(GsonHelper.java:526) ~[server-1.20.1-20230612.114412-srg.jar%23357!/:?]
	at net.minecraft.util.GsonHelper.m_263475_(GsonHelper.java:531) ~[server-1.20.1-20230612.114412-srg.jar%23357!/:?]
	at net.minecraft.util.GsonHelper.m_13776_(GsonHelper.java:581) ~[server-1.20.1-20230612.114412-srg.jar%23357!/:?]
	at net.minecraft.server.packs.resources.SimpleJsonResourceReloadListener.m_278771_(SimpleJsonResourceReloadListener.java:41) ~[server-1.20.1-20230612.114412-srg.jar%23357!/:?]
	at net.minecraft.server.packs.resources.SimpleJsonResourceReloadListener.m_5944_(SimpleJsonResourceReloadListener.java:29) ~[server-1.20.1-20230612.114412-srg.jar%23357!/:?]
	at net.minecraft.server.packs.resources.SimpleJsonResourceReloadListener.m_5944_(SimpleJsonResourceReloadListener.java:17) ~[server-1.20.1-20230612.114412-srg.jar%23357!/:?]
	at net.minecraft.server.packs.resources.SimplePreparableReloadListener.m_10786_(SimplePreparableReloadListener.java:11) ~[server-1.20.1-20230612.114412-srg.jar%23357!/:?]
	at java.util.concurrent.CompletableFuture$AsyncSupply.run(CompletableFuture.java:1768) ~[?:?]
	at java.util.concurrent.CompletableFuture$AsyncSupply.exec(CompletableFuture.java:1760) ~[?:?]
	at java.util.concurrent.ForkJoinTask.doExec(ForkJoinTask.java:373) ~[?:?]
	at java.util.concurrent.ForkJoinPool$WorkQueue.topLevelExec(ForkJoinPool.java:1182) ~[?:?]
	at java.util.concurrent.ForkJoinPool.scan(ForkJoinPool.java:1655) ~[?:?]
	at java.util.concurrent.ForkJoinPool.runWorker(ForkJoinPool.java:1622) ~[?:?]
	at java.util.concurrent.ForkJoinWorkerThread.run(ForkJoinWorkerThread.java:165) ~[?:?]
Caused by: com.google.gson.stream.MalformedJsonException: Unterminated object at line 4 column 4 path $.recipe_book_tab
	at com.google.gson.stream.JsonReader.syntaxError(JsonReader.java:1657) ~[gson-2.10.jar%2372!/:?]
	at com.google.gson.stream.JsonReader.doPeek(JsonReader.java:500) ~[gson-2.10.jar%2372!/:?]
	at com.google.gson.stream.JsonReader.hasNext(JsonReader.java:422) ~[gson-2.10.jar%2372!/:?]
	at com.google.gson.internal.bind.TypeAdapters$28.read(TypeAdapters.java:779) ~[gson-2.10.jar%2372!/:?]
	at com.google.gson.internal.bind.TypeAdapters$28.read(TypeAdapters.java:725) ~[gson-2.10.jar%2372!/:?]
	at com.google.gson.internal.bind.TypeAdapters$34$1.read(TypeAdapters.java:1007) ~[gson-2.10.jar%2372!/:?]
	at net.minecraft.util.GsonHelper.m_13780_(GsonHelper.java:524) ~[server-1.20.1-20230612.114412-srg.jar%23357!/:?]
	... 13 more
[04Mar2025 21:57:58.292] [Worker-Main-2/ERROR] [net.minecraft.server.packs.resources.SimpleJsonResourceReloadListener/]: Couldn't parse data file minecraft:beetroot_soup from minecraft:recipes/beetroot_soup.json
com.google.gson.JsonParseException: java.io.EOFException: End of input at line 1 column 1 path $
	at net.minecraft.util.GsonHelper.m_13780_(GsonHelper.java:526) ~[server-1.20.1-20230612.114412-srg.jar%23357!/:?]
	at net.minecraft.util.GsonHelper.m_263475_(GsonHelper.java:531) ~[server-1.20.1-20230612.114412-srg.jar%23357!/:?]
	at net.minecraft.util.GsonHelper.m_13776_(GsonHelper.java:581) ~[server-1.20.1-20230612.114412-srg.jar%23357!/:?]
	at net.minecraft.server.packs.resources.SimpleJsonResourceReloadListener.m_278771_(SimpleJsonResourceReloadListener.java:41) ~[server-1.20.1-20230612.114412-srg.jar%23357!/:?]
	at net.minecraft.server.packs.resources.SimpleJsonResourceReloadListener.m_5944_(SimpleJsonResourceReloadListener.java:29) ~[server-1.20.1-20230612.114412-srg.jar%23357!/:?]
	at net.minecraft.server.packs.resources.SimpleJsonResourceReloadListener.m_5944_(SimpleJsonResourceReloadListener.java:17) ~[server-1.20.1-20230612.114412-srg.jar%23357!/:?]
	at net.minecraft.server.packs.resources.SimplePreparableReloadListener.m_10786_(SimplePreparableReloadListener.java:11) ~[server-1.20.1-20230612.114412-srg.jar%23357!/:?]
	at java.util.concurrent.CompletableFuture$AsyncSupply.run(CompletableFuture.java:1768) ~[?:?]
	at java.util.concurrent.CompletableFuture$AsyncSupply.exec(CompletableFuture.java:1760) ~[?:?]
	at java.util.concurrent.ForkJoinTask.doExec(ForkJoinTask.java:373) ~[?:?]
	at java.util.concurrent.ForkJoinPool$WorkQueue.topLevelExec(ForkJoinPool.java:1182) ~[?:?]
	at java.util.concurrent.ForkJoinPool.scan(ForkJoinPool.java:1655) ~[?:?]
	at java.util.concurrent.ForkJoinPool.runWorker(ForkJoinPool.java:1622) ~[?:?]
	at java.util.concurrent.ForkJoinWorkerThread.run(ForkJoinWorkerThread.java:165) ~[?:?]
Caused by: java.io.EOFException: End of input at line 1 column 1 path $
	at com.google.gson.stream.JsonReader.nextNonWhitespace(JsonReader.java:1455) ~[gson-2.10.jar%2372!/:?]
	at com.google.gson.stream.JsonReader.doPeek(JsonReader.java:558) ~[gson-2.10.jar%2372!/:?]
	at com.google.gson.stream.JsonReader.peek(JsonReader.java:433) ~[gson-2.10.jar%2372!/:?]
	at com.google.gson.internal.bind.TypeAdapters$28.read(TypeAdapters.java:769) ~[gson-2.10.jar%2372!/:?]
	at com.google.gson.internal.bind.TypeAdapters$28.read(TypeAdapters.java:725) ~[gson-2.10.jar%2372!/:?]
	at com.google.gson.internal.bind.TypeAdapters$34$1.read(TypeAdapters.java:1007) ~[gson-2.10.jar%2372!/:?]
	at net.minecraft.util.GsonHelper.m_13780_(GsonHelper.java:524) ~[server-1.20.1-20230612.114412-srg.jar%23357!/:?]
	... 13 more
[04Mar2025 21:57:58.293] [Worker-Main-2/ERROR] [net.minecraft.server.packs.resources.SimpleJsonResourceReloadListener/]: Couldn't parse data file ecologics:beetroot_soup_from_coconut_husk from ecologics:recipes/beetroot_soup_from_coconut_husk.json
com.google.gson.JsonParseException: java.io.EOFException: End of input at line 1 column 1 path $
	at net.minecraft.util.GsonHelper.m_13780_(GsonHelper.java:526) ~[server-1.20.1-20230612.114412-srg.jar%23357!/:?]
	at net.minecraft.util.GsonHelper.m_263475_(GsonHelper.java:531) ~[server-1.20.1-20230612.114412-srg.jar%23357!/:?]
	at net.minecraft.util.GsonHelper.m_13776_(GsonHelper.java:581) ~[server-1.20.1-20230612.114412-srg.jar%23357!/:?]
	at net.minecraft.server.packs.resources.SimpleJsonResourceReloadListener.m_278771_(SimpleJsonResourceReloadListener.java:41) ~[server-1.20.1-20230612.114412-srg.jar%23357!/:?]
	at net.minecraft.server.packs.resources.SimpleJsonResourceReloadListener.m_5944_(SimpleJsonResourceReloadListener.java:29) ~[server-1.20.1-20230612.114412-srg.jar%23357!/:?]
	at net.minecraft.server.packs.resources.SimpleJsonResourceReloadListener.m_5944_(SimpleJsonResourceReloadListener.java:17) ~[server-1.20.1-20230612.114412-srg.jar%23357!/:?]
	at net.minecraft.server.packs.resources.SimplePreparableReloadListener.m_10786_(SimplePreparableReloadListener.java:11) ~[server-1.20.1-20230612.114412-srg.jar%23357!/:?]
	at java.util.concurrent.CompletableFuture$AsyncSupply.run(CompletableFuture.java:1768) ~[?:?]
	at java.util.concurrent.CompletableFuture$AsyncSupply.exec(CompletableFuture.java:1760) ~[?:?]
	at java.util.concurrent.ForkJoinTask.doExec(ForkJoinTask.java:373) ~[?:?]
	at java.util.concurrent.ForkJoinPool$WorkQueue.topLevelExec(ForkJoinPool.java:1182) ~[?:?]
	at java.util.concurrent.ForkJoinPool.scan(ForkJoinPool.java:1655) ~[?:?]
	at java.util.concurrent.ForkJoinPool.runWorker(ForkJoinPool.java:1622) ~[?:?]
	at java.util.concurrent.ForkJoinWorkerThread.run(ForkJoinWorkerThread.java:165) ~[?:?]
Caused by: java.io.EOFException: End of input at line 1 column 1 path $
	at com.google.gson.stream.JsonReader.nextNonWhitespace(JsonReader.java:1455) ~[gson-2.10.jar%2372!/:?]
	at com.google.gson.stream.JsonReader.doPeek(JsonReader.java:558) ~[gson-2.10.jar%2372!/:?]
	at com.google.gson.stream.JsonReader.peek(JsonReader.java:433) ~[gson-2.10.jar%2372!/:?]
	at com.google.gson.internal.bind.TypeAdapters$28.read(TypeAdapters.java:769) ~[gson-2.10.jar%2372!/:?]
	at com.google.gson.internal.bind.TypeAdapters$28.read(TypeAdapters.java:725) ~[gson-2.10.jar%2372!/:?]
	at com.google.gson.internal.bind.TypeAdapters$34$1.read(TypeAdapters.java:1007) ~[gson-2.10.jar%2372!/:?]
	at net.minecraft.util.GsonHelper.m_13780_(GsonHelper.java:524) ~[server-1.20.1-20230612.114412-srg.jar%23357!/:?]
	... 13 more
[04Mar2025 21:57:58.497] [Worker-Main-2/ERROR] [net.minecraft.server.packs.resources.SimpleJsonResourceReloadListener/]: Couldn't parse data file farmerslarder:cooked_bison_to_steak from farmerslarder:recipes/cooked_bison_to_steak.json
com.google.gson.JsonParseException: com.google.gson.stream.MalformedJsonException: Use JsonReader.setLenient(true) to accept malformed JSON at line 21 column 4 path $.result[2]
	at net.minecraft.util.GsonHelper.m_13780_(GsonHelper.java:526) ~[server-1.20.1-20230612.114412-srg.jar%23357!/:?]
	at net.minecraft.util.GsonHelper.m_263475_(GsonHelper.java:531) ~[server-1.20.1-20230612.114412-srg.jar%23357!/:?]
	at net.minecraft.util.GsonHelper.m_13776_(GsonHelper.java:581) ~[server-1.20.1-20230612.114412-srg.jar%23357!/:?]
	at net.minecraft.server.packs.resources.SimpleJsonResourceReloadListener.m_278771_(SimpleJsonResourceReloadListener.java:41) ~[server-1.20.1-20230612.114412-srg.jar%23357!/:?]
	at net.minecraft.server.packs.resources.SimpleJsonResourceReloadListener.m_5944_(SimpleJsonResourceReloadListener.java:29) ~[server-1.20.1-20230612.114412-srg.jar%23357!/:?]
	at net.minecraft.server.packs.resources.SimpleJsonResourceReloadListener.m_5944_(SimpleJsonResourceReloadListener.java:17) ~[server-1.20.1-20230612.114412-srg.jar%23357!/:?]
	at net.minecraft.server.packs.resources.SimplePreparableReloadListener.m_10786_(SimplePreparableReloadListener.java:11) ~[server-1.20.1-20230612.114412-srg.jar%23357!/:?]
	at java.util.concurrent.CompletableFuture$AsyncSupply.run(CompletableFuture.java:1768) ~[?:?]
	at java.util.concurrent.CompletableFuture$AsyncSupply.exec(CompletableFuture.java:1760) ~[?:?]
	at java.util.concurrent.ForkJoinTask.doExec(ForkJoinTask.java:373) ~[?:?]
	at java.util.concurrent.ForkJoinPool$WorkQueue.topLevelExec(ForkJoinPool.java:1182) ~[?:?]
	at java.util.concurrent.ForkJoinPool.scan(ForkJoinPool.java:1655) ~[?:?]
	at java.util.concurrent.ForkJoinPool.runWorker(ForkJoinPool.java:1622) ~[?:?]
	at java.util.concurrent.ForkJoinWorkerThread.run(ForkJoinWorkerThread.java:165) ~[?:?]
Caused by: com.google.gson.stream.MalformedJsonException: Use JsonReader.setLenient(true) to accept malformed JSON at line 21 column 4 path $.result[2]
	at com.google.gson.stream.JsonReader.syntaxError(JsonReader.java:1657) ~[gson-2.10.jar%2372!/:?]
	at com.google.gson.stream.JsonReader.checkLenient(JsonReader.java:1463) ~[gson-2.10.jar%2372!/:?]
	at com.google.gson.stream.JsonReader.doPeek(JsonReader.java:569) ~[gson-2.10.jar%2372!/:?]
	at com.google.gson.stream.JsonReader.hasNext(JsonReader.java:422) ~[gson-2.10.jar%2372!/:?]
	at com.google.gson.internal.bind.TypeAdapters$28.read(TypeAdapters.java:779) ~[gson-2.10.jar%2372!/:?]
	at com.google.gson.internal.bind.TypeAdapters$28.read(TypeAdapters.java:725) ~[gson-2.10.jar%2372!/:?]
	at com.google.gson.internal.bind.TypeAdapters$34$1.read(TypeAdapters.java:1007) ~[gson-2.10.jar%2372!/:?]
	at net.minecraft.util.GsonHelper.m_13780_(GsonHelper.java:524) ~[server-1.20.1-20230612.114412-srg.jar%23357!/:?]
	... 13 more
[04Mar2025 21:57:58.910] [Worker-Main-2/ERROR] [net.minecraft.server.packs.resources.SimpleJsonResourceReloadListener/]: Couldn't parse data file minecraft:mushroom_stew from minecraft:recipes/mushroom_stew.json
com.google.gson.JsonParseException: java.io.EOFException: End of input at line 1 column 1 path $
	at net.minecraft.util.GsonHelper.m_13780_(GsonHelper.java:526) ~[server-1.20.1-20230612.114412-srg.jar%23357!/:?]
	at net.minecraft.util.GsonHelper.m_263475_(GsonHelper.java:531) ~[server-1.20.1-20230612.114412-srg.jar%23357!/:?]
	at net.minecraft.util.GsonHelper.m_13776_(GsonHelper.java:581) ~[server-1.20.1-20230612.114412-srg.jar%23357!/:?]
	at net.minecraft.server.packs.resources.SimpleJsonResourceReloadListener.m_278771_(SimpleJsonResourceReloadListener.java:41) ~[server-1.20.1-20230612.114412-srg.jar%23357!/:?]
	at net.minecraft.server.packs.resources.SimpleJsonResourceReloadListener.m_5944_(SimpleJsonResourceReloadListener.java:29) ~[server-1.20.1-20230612.114412-srg.jar%23357!/:?]
	at net.minecraft.server.packs.resources.SimpleJsonResourceReloadListener.m_5944_(SimpleJsonResourceReloadListener.java:17) ~[server-1.20.1-20230612.114412-srg.jar%23357!/:?]
	at net.minecraft.server.packs.resources.SimplePreparableReloadListener.m_10786_(SimplePreparableReloadListener.java:11) ~[server-1.20.1-20230612.114412-srg.jar%23357!/:?]
	at java.util.concurrent.CompletableFuture$AsyncSupply.run(CompletableFuture.java:1768) ~[?:?]
	at java.util.concurrent.CompletableFuture$AsyncSupply.exec(CompletableFuture.java:1760) ~[?:?]
	at java.util.concurrent.ForkJoinTask.doExec(ForkJoinTask.java:373) ~[?:?]
	at java.util.concurrent.ForkJoinPool$WorkQueue.topLevelExec(ForkJoinPool.java:1182) ~[?:?]
	at java.util.concurrent.ForkJoinPool.scan(ForkJoinPool.java:1655) ~[?:?]
	at java.util.concurrent.ForkJoinPool.runWorker(ForkJoinPool.java:1622) ~[?:?]
	at java.util.concurrent.ForkJoinWorkerThread.run(ForkJoinWorkerThread.java:165) ~[?:?]
Caused by: java.io.EOFException: End of input at line 1 column 1 path $
	at com.google.gson.stream.JsonReader.nextNonWhitespace(JsonReader.java:1455) ~[gson-2.10.jar%2372!/:?]
	at com.google.gson.stream.JsonReader.doPeek(JsonReader.java:558) ~[gson-2.10.jar%2372!/:?]
	at com.google.gson.stream.JsonReader.peek(JsonReader.java:433) ~[gson-2.10.jar%2372!/:?]
	at com.google.gson.internal.bind.TypeAdapters$28.read(TypeAdapters.java:769) ~[gson-2.10.jar%2372!/:?]
	at com.google.gson.internal.bind.TypeAdapters$28.read(TypeAdapters.java:725) ~[gson-2.10.jar%2372!/:?]
	at com.google.gson.internal.bind.TypeAdapters$34$1.read(TypeAdapters.java:1007) ~[gson-2.10.jar%2372!/:?]
	at net.minecraft.util.GsonHelper.m_13780_(GsonHelper.java:524) ~[server-1.20.1-20230612.114412-srg.jar%23357!/:?]
	... 13 more
[04Mar2025 21:57:58.911] [Worker-Main-2/ERROR] [net.minecraft.server.packs.resources.SimpleJsonResourceReloadListener/]: Couldn't parse data file ecologics:mushroom_stew_from_coconut_husk from ecologics:recipes/mushroom_stew_from_coconut_husk.json
com.google.gson.JsonParseException: java.io.EOFException: End of input at line 1 column 1 path $
	at net.minecraft.util.GsonHelper.m_13780_(GsonHelper.java:526) ~[server-1.20.1-20230612.114412-srg.jar%23357!/:?]
	at net.minecraft.util.GsonHelper.m_263475_(GsonHelper.java:531) ~[server-1.20.1-20230612.114412-srg.jar%23357!/:?]
	at net.minecraft.util.GsonHelper.m_13776_(GsonHelper.java:581) ~[server-1.20.1-20230612.114412-srg.jar%23357!/:?]
	at net.minecraft.server.packs.resources.SimpleJsonResourceReloadListener.m_278771_(SimpleJsonResourceReloadListener.java:41) ~[server-1.20.1-20230612.114412-srg.jar%23357!/:?]
	at net.minecraft.server.packs.resources.SimpleJsonResourceReloadListener.m_5944_(SimpleJsonResourceReloadListener.java:29) ~[server-1.20.1-20230612.114412-srg.jar%23357!/:?]
	at net.minecraft.server.packs.resources.SimpleJsonResourceReloadListener.m_5944_(SimpleJsonResourceReloadListener.java:17) ~[server-1.20.1-20230612.114412-srg.jar%23357!/:?]
	at net.minecraft.server.packs.resources.SimplePreparableReloadListener.m_10786_(SimplePreparableReloadListener.java:11) ~[server-1.20.1-20230612.114412-srg.jar%23357!/:?]
	at java.util.concurrent.CompletableFuture$AsyncSupply.run(CompletableFuture.java:1768) ~[?:?]
	at java.util.concurrent.CompletableFuture$AsyncSupply.exec(CompletableFuture.java:1760) ~[?:?]
	at java.util.concurrent.ForkJoinTask.doExec(ForkJoinTask.java:373) ~[?:?]
	at java.util.concurrent.ForkJoinPool$WorkQueue.topLevelExec(ForkJoinPool.java:1182) ~[?:?]
	at java.util.concurrent.ForkJoinPool.scan(ForkJoinPool.java:1655) ~[?:?]
	at java.util.concurrent.ForkJoinPool.runWorker(ForkJoinPool.java:1622) ~[?:?]
	at java.util.concurrent.ForkJoinWorkerThread.run(ForkJoinWorkerThread.java:165) ~[?:?]
Caused by: java.io.EOFException: End of input at line 1 column 1 path $
	at com.google.gson.stream.JsonReader.nextNonWhitespace(JsonReader.java:1455) ~[gson-2.10.jar%2372!/:?]
	at com.google.gson.stream.JsonReader.doPeek(JsonReader.java:558) ~[gson-2.10.jar%2372!/:?]
	at com.google.gson.stream.JsonReader.peek(JsonReader.java:433) ~[gson-2.10.jar%2372!/:?]
	at com.google.gson.internal.bind.TypeAdapters$28.read(TypeAdapters.java:769) ~[gson-2.10.jar%2372!/:?]
	at com.google.gson.internal.bind.TypeAdapters$28.read(TypeAdapters.java:725) ~[gson-2.10.jar%2372!/:?]
	at com.google.gson.internal.bind.TypeAdapters$34$1.read(TypeAdapters.java:1007) ~[gson-2.10.jar%2372!/:?]
	at net.minecraft.util.GsonHelper.m_13780_(GsonHelper.java:524) ~[server-1.20.1-20230612.114412-srg.jar%23357!/:?]
	... 13 more
[04Mar2025 21:57:58.964] [Worker-Main-2/ERROR] [net.minecraft.server.packs.resources.SimpleJsonResourceReloadListener/]: Couldn't parse data file minecraft:rabbit_stew_from_brown_mushroom from minecraft:recipes/rabbit_stew_from_brown_mushroom.json
com.google.gson.JsonParseException: java.io.EOFException: End of input at line 1 column 1 path $
	at net.minecraft.util.GsonHelper.m_13780_(GsonHelper.java:526) ~[server-1.20.1-20230612.114412-srg.jar%23357!/:?]
	at net.minecraft.util.GsonHelper.m_263475_(GsonHelper.java:531) ~[server-1.20.1-20230612.114412-srg.jar%23357!/:?]
	at net.minecraft.util.GsonHelper.m_13776_(GsonHelper.java:581) ~[server-1.20.1-20230612.114412-srg.jar%23357!/:?]
	at net.minecraft.server.packs.resources.SimpleJsonResourceReloadListener.m_278771_(SimpleJsonResourceReloadListener.java:41) ~[server-1.20.1-20230612.114412-srg.jar%23357!/:?]
	at net.minecraft.server.packs.resources.SimpleJsonResourceReloadListener.m_5944_(SimpleJsonResourceReloadListener.java:29) ~[server-1.20.1-20230612.114412-srg.jar%23357!/:?]
	at net.minecraft.server.packs.resources.SimpleJsonResourceReloadListener.m_5944_(SimpleJsonResourceReloadListener.java:17) ~[server-1.20.1-20230612.114412-srg.jar%23357!/:?]
	at net.minecraft.server.packs.resources.SimplePreparableReloadListener.m_10786_(SimplePreparableReloadListener.java:11) ~[server-1.20.1-20230612.114412-srg.jar%23357!/:?]
	at java.util.concurrent.CompletableFuture$AsyncSupply.run(CompletableFuture.java:1768) ~[?:?]
	at java.util.concurrent.CompletableFuture$AsyncSupply.exec(CompletableFuture.java:1760) ~[?:?]
	at java.util.concurrent.ForkJoinTask.doExec(ForkJoinTask.java:373) ~[?:?]
	at java.util.concurrent.ForkJoinPool$WorkQueue.topLevelExec(ForkJoinPool.java:1182) ~[?:?]
	at java.util.concurrent.ForkJoinPool.scan(ForkJoinPool.java:1655) ~[?:?]
	at java.util.concurrent.ForkJoinPool.runWorker(ForkJoinPool.java:1622) ~[?:?]
	at java.util.concurrent.ForkJoinWorkerThread.run(ForkJoinWorkerThread.java:165) ~[?:?]
Caused by: java.io.EOFException: End of input at line 1 column 1 path $
	at com.google.gson.stream.JsonReader.nextNonWhitespace(JsonReader.java:1455) ~[gson-2.10.jar%2372!/:?]
	at com.google.gson.stream.JsonReader.doPeek(JsonReader.java:558) ~[gson-2.10.jar%2372!/:?]
	at com.google.gson.stream.JsonReader.peek(JsonReader.java:433) ~[gson-2.10.jar%2372!/:?]
	at com.google.gson.internal.bind.TypeAdapters$28.read(TypeAdapters.java:769) ~[gson-2.10.jar%2372!/:?]
	at com.google.gson.internal.bind.TypeAdapters$28.read(TypeAdapters.java:725) ~[gson-2.10.jar%2372!/:?]
	at com.google.gson.internal.bind.TypeAdapters$34$1.read(TypeAdapters.java:1007) ~[gson-2.10.jar%2372!/:?]
	at net.minecraft.util.GsonHelper.m_13780_(GsonHelper.java:524) ~[server-1.20.1-20230612.114412-srg.jar%23357!/:?]
	... 13 more
[04Mar2025 21:57:58.965] [Worker-Main-2/ERROR] [net.minecraft.server.packs.resources.SimpleJsonResourceReloadListener/]: Couldn't parse data file ecologics:rabbit_stew_from_brown_mushroom_and_coconut_husk from ecologics:recipes/rabbit_stew_from_brown_mushroom_and_coconut_husk.json
com.google.gson.JsonParseException: java.io.EOFException: End of input at line 1 column 1 path $
	at net.minecraft.util.GsonHelper.m_13780_(GsonHelper.java:526) ~[server-1.20.1-20230612.114412-srg.jar%23357!/:?]
	at net.minecraft.util.GsonHelper.m_263475_(GsonHelper.java:531) ~[server-1.20.1-20230612.114412-srg.jar%23357!/:?]
	at net.minecraft.util.GsonHelper.m_13776_(GsonHelper.java:581) ~[server-1.20.1-20230612.114412-srg.jar%23357!/:?]
	at net.minecraft.server.packs.resources.SimpleJsonResourceReloadListener.m_278771_(SimpleJsonResourceReloadListener.java:41) ~[server-1.20.1-20230612.114412-srg.jar%23357!/:?]
	at net.minecraft.server.packs.resources.SimpleJsonResourceReloadListener.m_5944_(SimpleJsonResourceReloadListener.java:29) ~[server-1.20.1-20230612.114412-srg.jar%23357!/:?]
	at net.minecraft.server.packs.resources.SimpleJsonResourceReloadListener.m_5944_(SimpleJsonResourceReloadListener.java:17) ~[server-1.20.1-20230612.114412-srg.jar%23357!/:?]
	at net.minecraft.server.packs.resources.SimplePreparableReloadListener.m_10786_(SimplePreparableReloadListener.java:11) ~[server-1.20.1-20230612.114412-srg.jar%23357!/:?]
	at java.util.concurrent.CompletableFuture$AsyncSupply.run(CompletableFuture.java:1768) ~[?:?]
	at java.util.concurrent.CompletableFuture$AsyncSupply.exec(CompletableFuture.java:1760) ~[?:?]
	at java.util.concurrent.ForkJoinTask.doExec(ForkJoinTask.java:373) ~[?:?]
	at java.util.concurrent.ForkJoinPool$WorkQueue.topLevelExec(ForkJoinPool.java:1182) ~[?:?]
	at java.util.concurrent.ForkJoinPool.scan(ForkJoinPool.java:1655) ~[?:?]
	at java.util.concurrent.ForkJoinPool.runWorker(ForkJoinPool.java:1622) ~[?:?]
	at java.util.concurrent.ForkJoinWorkerThread.run(ForkJoinWorkerThread.java:165) ~[?:?]
Caused by: java.io.EOFException: End of input at line 1 column 1 path $
	at com.google.gson.stream.JsonReader.nextNonWhitespace(JsonReader.java:1455) ~[gson-2.10.jar%2372!/:?]
	at com.google.gson.stream.JsonReader.doPeek(JsonReader.java:558) ~[gson-2.10.jar%2372!/:?]
	at com.google.gson.stream.JsonReader.peek(JsonReader.java:433) ~[gson-2.10.jar%2372!/:?]
	at com.google.gson.internal.bind.TypeAdapters$28.read(TypeAdapters.java:769) ~[gson-2.10.jar%2372!/:?]
	at com.google.gson.internal.bind.TypeAdapters$28.read(TypeAdapters.java:725) ~[gson-2.10.jar%2372!/:?]
	at com.google.gson.internal.bind.TypeAdapters$34$1.read(TypeAdapters.java:1007) ~[gson-2.10.jar%2372!/:?]
	at net.minecraft.util.GsonHelper.m_13780_(GsonHelper.java:524) ~[server-1.20.1-20230612.114412-srg.jar%23357!/:?]
	... 13 more
[04Mar2025 21:57:58.966] [Worker-Main-2/ERROR] [net.minecraft.server.packs.resources.SimpleJsonResourceReloadListener/]: Couldn't parse data file minecraft:rabbit_stew_from_red_mushroom from minecraft:recipes/rabbit_stew_from_red_mushroom.json
com.google.gson.JsonParseException: java.io.EOFException: End of input at line 1 column 1 path $
	at net.minecraft.util.GsonHelper.m_13780_(GsonHelper.java:526) ~[server-1.20.1-20230612.114412-srg.jar%23357!/:?]
	at net.minecraft.util.GsonHelper.m_263475_(GsonHelper.java:531) ~[server-1.20.1-20230612.114412-srg.jar%23357!/:?]
	at net.minecraft.util.GsonHelper.m_13776_(GsonHelper.java:581) ~[server-1.20.1-20230612.114412-srg.jar%23357!/:?]
	at net.minecraft.server.packs.resources.SimpleJsonResourceReloadListener.m_278771_(SimpleJsonResourceReloadListener.java:41) ~[server-1.20.1-20230612.114412-srg.jar%23357!/:?]
	at net.minecraft.server.packs.resources.SimpleJsonResourceReloadListener.m_5944_(SimpleJsonResourceReloadListener.java:29) ~[server-1.20.1-20230612.114412-srg.jar%23357!/:?]
	at net.minecraft.server.packs.resources.SimpleJsonResourceReloadListener.m_5944_(SimpleJsonResourceReloadListener.java:17) ~[server-1.20.1-20230612.114412-srg.jar%23357!/:?]
	at net.minecraft.server.packs.resources.SimplePreparableReloadListener.m_10786_(SimplePreparableReloadListener.java:11) ~[server-1.20.1-20230612.114412-srg.jar%23357!/:?]
	at java.util.concurrent.CompletableFuture$AsyncSupply.run(CompletableFuture.java:1768) ~[?:?]
	at java.util.concurrent.CompletableFuture$AsyncSupply.exec(CompletableFuture.java:1760) ~[?:?]
	at java.util.concurrent.ForkJoinTask.doExec(ForkJoinTask.java:373) ~[?:?]
	at java.util.concurrent.ForkJoinPool$WorkQueue.topLevelExec(ForkJoinPool.java:1182) ~[?:?]
	at java.util.concurrent.ForkJoinPool.scan(ForkJoinPool.java:1655) ~[?:?]
	at java.util.concurrent.ForkJoinPool.runWorker(ForkJoinPool.java:1622) ~[?:?]
	at java.util.concurrent.ForkJoinWorkerThread.run(ForkJoinWorkerThread.java:165) ~[?:?]
Caused by: java.io.EOFException: End of input at line 1 column 1 path $
	at com.google.gson.stream.JsonReader.nextNonWhitespace(JsonReader.java:1455) ~[gson-2.10.jar%2372!/:?]
	at com.google.gson.stream.JsonReader.doPeek(JsonReader.java:558) ~[gson-2.10.jar%2372!/:?]
	at com.google.gson.stream.JsonReader.peek(JsonReader.java:433) ~[gson-2.10.jar%2372!/:?]
	at com.google.gson.internal.bind.TypeAdapters$28.read(TypeAdapters.java:769) ~[gson-2.10.jar%2372!/:?]
	at com.google.gson.internal.bind.TypeAdapters$28.read(TypeAdapters.java:725) ~[gson-2.10.jar%2372!/:?]
	at com.google.gson.internal.bind.TypeAdapters$34$1.read(TypeAdapters.java:1007) ~[gson-2.10.jar%2372!/:?]
	at net.minecraft.util.GsonHelper.m_13780_(GsonHelper.java:524) ~[server-1.20.1-20230612.114412-srg.jar%23357!/:?]
	... 13 more
[04Mar2025 21:57:58.966] [Worker-Main-2/ERROR] [net.minecraft.server.packs.resources.SimpleJsonResourceReloadListener/]: Couldn't parse data file ecologics:rabbit_stew_from_red_mushroom_and_coconut_husk from ecologics:recipes/rabbit_stew_from_red_mushroom_and_coconut_husk.json
com.google.gson.JsonParseException: java.io.EOFException: End of input at line 1 column 1 path $
	at net.minecraft.util.GsonHelper.m_13780_(GsonHelper.java:526) ~[server-1.20.1-20230612.114412-srg.jar%23357!/:?]
	at net.minecraft.util.GsonHelper.m_263475_(GsonHelper.java:531) ~[server-1.20.1-20230612.114412-srg.jar%23357!/:?]
	at net.minecraft.util.GsonHelper.m_13776_(GsonHelper.java:581) ~[server-1.20.1-20230612.114412-srg.jar%23357!/:?]
	at net.minecraft.server.packs.resources.SimpleJsonResourceReloadListener.m_278771_(SimpleJsonResourceReloadListener.java:41) ~[server-1.20.1-20230612.114412-srg.jar%23357!/:?]
	at net.minecraft.server.packs.resources.SimpleJsonResourceReloadListener.m_5944_(SimpleJsonResourceReloadListener.java:29) ~[server-1.20.1-20230612.114412-srg.jar%23357!/:?]
	at net.minecraft.server.packs.resources.SimpleJsonResourceReloadListener.m_5944_(SimpleJsonResourceReloadListener.java:17) ~[server-1.20.1-20230612.114412-srg.jar%23357!/:?]
	at net.minecraft.server.packs.resources.SimplePreparableReloadListener.m_10786_(SimplePreparableReloadListener.java:11) ~[server-1.20.1-20230612.114412-srg.jar%23357!/:?]
	at java.util.concurrent.CompletableFuture$AsyncSupply.run(CompletableFuture.java:1768) ~[?:?]
	at java.util.concurrent.CompletableFuture$AsyncSupply.exec(CompletableFuture.java:1760) ~[?:?]
	at java.util.concurrent.ForkJoinTask.doExec(ForkJoinTask.java:373) ~[?:?]
	at java.util.concurrent.ForkJoinPool$WorkQueue.topLevelExec(ForkJoinPool.java:1182) ~[?:?]
	at java.util.concurrent.ForkJoinPool.scan(ForkJoinPool.java:1655) ~[?:?]
	at java.util.concurrent.ForkJoinPool.runWorker(ForkJoinPool.java:1622) ~[?:?]
	at java.util.concurrent.ForkJoinWorkerThread.run(ForkJoinWorkerThread.java:165) ~[?:?]
Caused by: java.io.EOFException: End of input at line 1 column 1 path $
	at com.google.gson.stream.JsonReader.nextNonWhitespace(JsonReader.java:1455) ~[gson-2.10.jar%2372!/:?]
	at com.google.gson.stream.JsonReader.doPeek(JsonReader.java:558) ~[gson-2.10.jar%2372!/:?]
	at com.google.gson.stream.JsonReader.peek(JsonReader.java:433) ~[gson-2.10.jar%2372!/:?]
	at com.google.gson.internal.bind.TypeAdapters$28.read(TypeAdapters.java:769) ~[gson-2.10.jar%2372!/:?]
	at com.google.gson.internal.bind.TypeAdapters$28.read(TypeAdapters.java:725) ~[gson-2.10.jar%2372!/:?]
	at com.google.gson.internal.bind.TypeAdapters$34$1.read(TypeAdapters.java:1007) ~[gson-2.10.jar%2372!/:?]
	at net.minecraft.util.GsonHelper.m_13780_(GsonHelper.java:524) ~[server-1.20.1-20230612.114412-srg.jar%23357!/:?]
	... 13 more
[04Mar2025 21:57:58.967] [Worker-Main-3/ERROR] [net.minecraftforge.common.ForgeHooks/]: Couldn't parse element loot_tables:culturaldelights:blocks/exotic_roll_medley_block
com.google.gson.JsonSyntaxException: Expected name to be an item, was unknown string 'culturaldelights:exotic_roll_medley_block'
	at net.minecraft.util.GsonHelper.m_13866_(GsonHelper.java:145) ~[server-1.20.1-20230612.114412-srg.jar%23357!/:?]
	at java.util.Optional.orElseThrow(Optional.java:403) ~[?:?]
	at net.minecraft.util.GsonHelper.m_13874_(GsonHelper.java:145) ~[server-1.20.1-20230612.114412-srg.jar%23357!/:?]
	at net.minecraft.util.GsonHelper.m_13909_(GsonHelper.java:153) ~[server-1.20.1-20230612.114412-srg.jar%23357!/:?]
	at net.minecraft.world.level.storage.loot.entries.LootItem$Serializer.m_7267_(LootItem.java:55) ~[server-1.20.1-20230612.114412-srg.jar%23357!/:?]
	at net.minecraft.world.level.storage.loot.entries.LootItem$Serializer.m_7267_(LootItem.java:40) ~[server-1.20.1-20230612.114412-srg.jar%23357!/:?]
	at net.minecraft.world.level.storage.loot.entries.LootPoolSingletonContainer$Serializer.m_5921_(LootPoolSingletonContainer.java:151) ~[server-1.20.1-20230612.114412-srg.jar%23357!/:?]
	at net.minecraft.world.level.storage.loot.entries.LootPoolSingletonContainer$Serializer.m_5921_(LootPoolSingletonContainer.java:129) ~[server-1.20.1-20230612.114412-srg.jar%23357!/:?]
	at net.minecraft.world.level.storage.loot.entries.LootPoolEntryContainer$Serializer.m_7561_(LootPoolEntryContainer.java:86) ~[server-1.20.1-20230612.114412-srg.jar%23357!/:?]
	at net.minecraft.world.level.storage.loot.entries.LootPoolEntryContainer$Serializer.m_7561_(LootPoolEntryContainer.java:74) ~[server-1.20.1-20230612.114412-srg.jar%23357!/:?]
	at net.minecraft.world.level.storage.loot.GsonAdapterFactory$JsonAdapter.deserialize(GsonAdapterFactory.java:102) ~[server-1.20.1-20230612.114412-srg.jar%23357!/:?]
	at com.google.gson.internal.bind.TreeTypeAdapter.read(TreeTypeAdapter.java:76) ~[gson-2.10.jar%2372!/:?]
	at com.google.gson.internal.bind.TypeAdapterRuntimeTypeWrapper.read(TypeAdapterRuntimeTypeWrapper.java:40) ~[gson-2.10.jar%2372!/:?]
	at com.google.gson.internal.bind.ArrayTypeAdapter.read(ArrayTypeAdapter.java:72) ~[gson-2.10.jar%2372!/:?]
	at com.google.gson.Gson.fromJson(Gson.java:1214) ~[gson-2.10.jar%2372!/:?]
	at com.google.gson.Gson.fromJson(Gson.java:1319) ~[gson-2.10.jar%2372!/:?]
	at com.google.gson.Gson.fromJson(Gson.java:1290) ~[gson-2.10.jar%2372!/:?]
	at com.google.gson.internal.bind.TreeTypeAdapter$GsonContextImpl.deserialize(TreeTypeAdapter.java:179) ~[gson-2.10.jar%2372!/:?]
	at net.minecraft.util.GsonHelper.m_13808_(GsonHelper.java:463) ~[server-1.20.1-20230612.114412-srg.jar%23357!/:?]
	at net.minecraft.util.GsonHelper.m_13836_(GsonHelper.java:471) ~[server-1.20.1-20230612.114412-srg.jar%23357!/:?]
	at net.minecraft.world.level.storage.loot.LootPool$Serializer.deserialize(LootPool.java:192) ~[server-1.20.1-20230612.114412-srg.jar%23357!/:?]
	at net.minecraft.world.level.storage.loot.LootPool$Serializer.deserialize(LootPool.java:189) ~[server-1.20.1-20230612.114412-srg.jar%23357!/:?]
	at com.google.gson.internal.bind.TreeTypeAdapter.read(TreeTypeAdapter.java:76) ~[gson-2.10.jar%2372!/:?]
	at com.google.gson.internal.bind.TypeAdapterRuntimeTypeWrapper.read(TypeAdapterRuntimeTypeWrapper.java:40) ~[gson-2.10.jar%2372!/:?]
	at com.google.gson.internal.bind.ArrayTypeAdapter.read(ArrayTypeAdapter.java:72) ~[gson-2.10.jar%2372!/:?]
	at com.google.gson.Gson.fromJson(Gson.java:1214) ~[gson-2.10.jar%2372!/:?]
	at com.google.gson.Gson.fromJson(Gson.java:1319) ~[gson-2.10.jar%2372!/:?]
	at com.google.gson.Gson.fromJson(Gson.java:1290) ~[gson-2.10.jar%2372!/:?]
	at com.google.gson.internal.bind.TreeTypeAdapter$GsonContextImpl.deserialize(TreeTypeAdapter.java:179) ~[gson-2.10.jar%2372!/:?]
	at net.minecraft.util.GsonHelper.m_13808_(GsonHelper.java:463) ~[server-1.20.1-20230612.114412-srg.jar%23357!/:?]
	at net.minecraft.util.GsonHelper.m_13845_(GsonHelper.java:481) ~[server-1.20.1-20230612.114412-srg.jar%23357!/:?]
	at net.minecraft.world.level.storage.loot.LootTable$Serializer.deserialize(LootTable.java:294) ~[server-1.20.1-20230612.114412-srg.jar%23357!/:?]
	at net.minecraft.world.level.storage.loot.LootTable$Serializer.deserialize(LootTable.java:291) ~[server-1.20.1-20230612.114412-srg.jar%23357!/:?]
	at com.google.gson.internal.bind.TreeTypeAdapter.read(TreeTypeAdapter.java:76) ~[gson-2.10.jar%2372!/:?]
	at com.google.gson.Gson.fromJson(Gson.java:1214) ~[gson-2.10.jar%2372!/:?]
	at com.google.gson.Gson.fromJson(Gson.java:1319) ~[gson-2.10.jar%2372!/:?]
	at com.google.gson.Gson.fromJson(Gson.java:1261) ~[gson-2.10.jar%2372!/:?]
	at net.minecraftforge.common.ForgeHooks.loadLootTable(ForgeHooks.java:871) ~[forge-1.20.1-47.3.7-universal.jar%23362!/:?]
	at net.minecraftforge.common.ForgeHooks.lambda$getLootTableDeserializer$3(ForgeHooks.java:848) ~[forge-1.20.1-47.3.7-universal.jar%23362!/:?]
	at net.minecraft.world.level.storage.loot.LootDataType.deserialize(LootDataType.java:45) ~[server-1.20.1-20230612.114412-srg.jar%23357!/:?]
	at net.minecraft.world.level.storage.loot.LootDataManager.lambda$scheduleElementParse$4(LootDataManager.java:56) ~[server-1.20.1-20230612.114412-srg.jar%23357!/:?]
	at java.util.HashMap.forEach(HashMap.java:1421) ~[?:?]
	at net.minecraft.world.level.storage.loot.LootDataManager.m_278660_(LootDataManager.java:55) ~[server-1.20.1-20230612.114412-srg.jar%23357!/:?]
	at java.util.concurrent.CompletableFuture$AsyncRun.run(CompletableFuture.java:1804) ~[?:?]
	at java.util.concurrent.CompletableFuture$AsyncRun.exec(CompletableFuture.java:1796) ~[?:?]
	at java.util.concurrent.ForkJoinTask.doExec(ForkJoinTask.java:373) ~[?:?]
	at java.util.concurrent.ForkJoinPool$WorkQueue.topLevelExec(ForkJoinPool.java:1182) ~[?:?]
	at java.util.concurrent.ForkJoinPool.scan(ForkJoinPool.java:1655) ~[?:?]
	at java.util.concurrent.ForkJoinPool.runWorker(ForkJoinPool.java:1622) ~[?:?]
	at java.util.concurrent.ForkJoinWorkerThread.run(ForkJoinWorkerThread.java:165) ~[?:?]
[04Mar2025 21:57:58.969] [Worker-Main-3/ERROR] [net.minecraftforge.common.ForgeHooks/]: Couldn't parse element loot_tables:twilightdelight:blocks/phytochemical_cake
com.google.gson.JsonSyntaxException: Expected name to be an item, was unknown string 'twilightdelight:phytochemical_cake_slice'
	at net.minecraft.util.GsonHelper.m_13866_(GsonHelper.java:145) ~[server-1.20.1-20230612.114412-srg.jar%23357!/:?]
	at java.util.Optional.orElseThrow(Optional.java:403) ~[?:?]
	at net.minecraft.util.GsonHelper.m_13874_(GsonHelper.java:145) ~[server-1.20.1-20230612.114412-srg.jar%23357!/:?]
	at net.minecraft.util.GsonHelper.m_13909_(GsonHelper.java:153) ~[server-1.20.1-20230612.114412-srg.jar%23357!/:?]
	at net.minecraft.world.level.storage.loot.entries.LootItem$Serializer.m_7267_(LootItem.java:55) ~[server-1.20.1-20230612.114412-srg.jar%23357!/:?]
	at net.minecraft.world.level.storage.loot.entries.LootItem$Serializer.m_7267_(LootItem.java:40) ~[server-1.20.1-20230612.114412-srg.jar%23357!/:?]
	at net.minecraft.world.level.storage.loot.entries.LootPoolSingletonContainer$Serializer.m_5921_(LootPoolSingletonContainer.java:151) ~[server-1.20.1-20230612.114412-srg.jar%23357!/:?]
	at net.minecraft.world.level.storage.loot.entries.LootPoolSingletonContainer$Serializer.m_5921_(LootPoolSingletonContainer.java:129) ~[server-1.20.1-20230612.114412-srg.jar%23357!/:?]
	at net.minecraft.world.level.storage.loot.entries.LootPoolEntryContainer$Serializer.m_7561_(LootPoolEntryContainer.java:86) ~[server-1.20.1-20230612.114412-srg.jar%23357!/:?]
	at net.minecraft.world.level.storage.loot.entries.LootPoolEntryContainer$Serializer.m_7561_(LootPoolEntryContainer.java:74) ~[server-1.20.1-20230612.114412-srg.jar%23357!/:?]
	at net.minecraft.world.level.storage.loot.GsonAdapterFactory$JsonAdapter.deserialize(GsonAdapterFactory.java:102) ~[server-1.20.1-20230612.114412-srg.jar%23357!/:?]
	at com.google.gson.internal.bind.TreeTypeAdapter.read(TreeTypeAdapter.java:76) ~[gson-2.10.jar%2372!/:?]
	at com.google.gson.internal.bind.TypeAdapterRuntimeTypeWrapper.read(TypeAdapterRuntimeTypeWrapper.java:40) ~[gson-2.10.jar%2372!/:?]
	at com.google.gson.internal.bind.ArrayTypeAdapter.read(ArrayTypeAdapter.java:72) ~[gson-2.10.jar%2372!/:?]
	at com.google.gson.Gson.fromJson(Gson.java:1214) ~[gson-2.10.jar%2372!/:?]
	at com.google.gson.Gson.fromJson(Gson.java:1319) ~[gson-2.10.jar%2372!/:?]
	at com.google.gson.Gson.fromJson(Gson.java:1290) ~[gson-2.10.jar%2372!/:?]
	at com.google.gson.internal.bind.TreeTypeAdapter$GsonContextImpl.deserialize(TreeTypeAdapter.java:179) ~[gson-2.10.jar%2372!/:?]
	at net.minecraft.util.GsonHelper.m_13808_(GsonHelper.java:463) ~[server-1.20.1-20230612.114412-srg.jar%23357!/:?]
	at net.minecraft.util.GsonHelper.m_13836_(GsonHelper.java:471) ~[server-1.20.1-20230612.114412-srg.jar%23357!/:?]
	at net.minecraft.world.level.storage.loot.LootPool$Serializer.deserialize(LootPool.java:192) ~[server-1.20.1-20230612.114412-srg.jar%23357!/:?]
	at net.minecraft.world.level.storage.loot.LootPool$Serializer.deserialize(LootPool.java:189) ~[server-1.20.1-20230612.114412-srg.jar%23357!/:?]
	at com.google.gson.internal.bind.TreeTypeAdapter.read(TreeTypeAdapter.java:76) ~[gson-2.10.jar%2372!/:?]
	at com.google.gson.internal.bind.TypeAdapterRuntimeTypeWrapper.read(TypeAdapterRuntimeTypeWrapper.java:40) ~[gson-2.10.jar%2372!/:?]
	at com.google.gson.internal.bind.ArrayTypeAdapter.read(ArrayTypeAdapter.java:72) ~[gson-2.10.jar%2372!/:?]
	at com.google.gson.Gson.fromJson(Gson.java:1214) ~[gson-2.10.jar%2372!/:?]
	at com.google.gson.Gson.fromJson(Gson.java:1319) ~[gson-2.10.jar%2372!/:?]
	at com.google.gson.Gson.fromJson(Gson.java:1290) ~[gson-2.10.jar%2372!/:?]
	at com.google.gson.internal.bind.TreeTypeAdapter$GsonContextImpl.deserialize(TreeTypeAdapter.java:179) ~[gson-2.10.jar%2372!/:?]
	at net.minecraft.util.GsonHelper.m_13808_(GsonHelper.java:463) ~[server-1.20.1-20230612.114412-srg.jar%23357!/:?]
	at net.minecraft.util.GsonHelper.m_13845_(GsonHelper.java:481) ~[server-1.20.1-20230612.114412-srg.jar%23357!/:?]
	at net.minecraft.world.level.storage.loot.LootTable$Serializer.deserialize(LootTable.java:294) ~[server-1.20.1-20230612.114412-srg.jar%23357!/:?]
	at net.minecraft.world.level.storage.loot.LootTable$Serializer.deserialize(LootTable.java:291) ~[server-1.20.1-20230612.114412-srg.jar%23357!/:?]
	at com.google.gson.internal.bind.TreeTypeAdapter.read(TreeTypeAdapter.java:76) ~[gson-2.10.jar%2372!/:?]
	at com.google.gson.Gson.fromJson(Gson.java:1214) ~[gson-2.10.jar%2372!/:?]
	at com.google.gson.Gson.fromJson(Gson.java:1319) ~[gson-2.10.jar%2372!/:?]
	at com.google.gson.Gson.fromJson(Gson.java:1261) ~[gson-2.10.jar%2372!/:?]
	at net.minecraftforge.common.ForgeHooks.loadLootTable(ForgeHooks.java:871) ~[forge-1.20.1-47.3.7-universal.jar%23362!/:?]
	at net.minecraftforge.common.ForgeHooks.lambda$getLootTableDeserializer$3(ForgeHooks.java:848) ~[forge-1.20.1-47.3.7-universal.jar%23362!/:?]
	at net.minecraft.world.level.storage.loot.LootDataType.deserialize(LootDataType.java:45) ~[server-1.20.1-20230612.114412-srg.jar%23357!/:?]
	at net.minecraft.world.level.storage.loot.LootDataManager.lambda$scheduleElementParse$4(LootDataManager.java:56) ~[server-1.20.1-20230612.114412-srg.jar%23357!/:?]
	at java.util.HashMap.forEach(HashMap.java:1421) ~[?:?]
	at net.minecraft.world.level.storage.loot.LootDataManager.m_278660_(LootDataManager.java:55) ~[server-1.20.1-20230612.114412-srg.jar%23357!/:?]
	at java.util.concurrent.CompletableFuture$AsyncRun.run(CompletableFuture.java:1804) ~[?:?]
	at java.util.concurrent.CompletableFuture$AsyncRun.exec(CompletableFuture.java:1796) ~[?:?]
	at java.util.concurrent.ForkJoinTask.doExec(ForkJoinTask.java:373) ~[?:?]
	at java.util.concurrent.ForkJoinPool$WorkQueue.topLevelExec(ForkJoinPool.java:1182) ~[?:?]
	at java.util.concurrent.ForkJoinPool.scan(ForkJoinPool.java:1655) ~[?:?]
	at java.util.concurrent.ForkJoinPool.runWorker(ForkJoinPool.java:1622) ~[?:?]
	at java.util.concurrent.ForkJoinWorkerThread.run(ForkJoinWorkerThread.java:165) ~[?:?]
[04Mar2025 21:57:59.047] [Worker-Main-3/ERROR] [net.minecraftforge.common.ForgeHooks/]: Couldn't parse element loot_tables:vminus:blocks/default_block
com.google.gson.JsonSyntaxException: Expected name to be an item, was unknown string 'vminus:default_block'
	at net.minecraft.util.GsonHelper.m_13866_(GsonHelper.java:145) ~[server-1.20.1-20230612.114412-srg.jar%23357!/:?]
	at java.util.Optional.orElseThrow(Optional.java:403) ~[?:?]
	at net.minecraft.util.GsonHelper.m_13874_(GsonHelper.java:145) ~[server-1.20.1-20230612.114412-srg.jar%23357!/:?]
	at net.minecraft.util.GsonHelper.m_13909_(GsonHelper.java:153) ~[server-1.20.1-20230612.114412-srg.jar%23357!/:?]
	at net.minecraft.world.level.storage.loot.entries.LootItem$Serializer.m_7267_(LootItem.java:55) ~[server-1.20.1-20230612.114412-srg.jar%23357!/:?]
	at net.minecraft.world.level.storage.loot.entries.LootItem$Serializer.m_7267_(LootItem.java:40) ~[server-1.20.1-20230612.114412-srg.jar%23357!/:?]
	at net.minecraft.world.level.storage.loot.entries.LootPoolSingletonContainer$Serializer.m_5921_(LootPoolSingletonContainer.java:151) ~[server-1.20.1-20230612.114412-srg.jar%23357!/:?]
	at net.minecraft.world.level.storage.loot.entries.LootPoolSingletonContainer$Serializer.m_5921_(LootPoolSingletonContainer.java:129) ~[server-1.20.1-20230612.114412-srg.jar%23357!/:?]
	at net.minecraft.world.level.storage.loot.entries.LootPoolEntryContainer$Serializer.m_7561_(LootPoolEntryContainer.java:86) ~[server-1.20.1-20230612.114412-srg.jar%23357!/:?]
	at net.minecraft.world.level.storage.loot.entries.LootPoolEntryContainer$Serializer.m_7561_(LootPoolEntryContainer.java:74) ~[server-1.20.1-20230612.114412-srg.jar%23357!/:?]
	at net.minecraft.world.level.storage.loot.GsonAdapterFactory$JsonAdapter.deserialize(GsonAdapterFactory.java:102) ~[server-1.20.1-20230612.114412-srg.jar%23357!/:?]
	at com.google.gson.internal.bind.TreeTypeAdapter.read(TreeTypeAdapter.java:76) ~[gson-2.10.jar%2372!/:?]
	at com.google.gson.internal.bind.TypeAdapterRuntimeTypeWrapper.read(TypeAdapterRuntimeTypeWrapper.java:40) ~[gson-2.10.jar%2372!/:?]
	at com.google.gson.internal.bind.ArrayTypeAdapter.read(ArrayTypeAdapter.java:72) ~[gson-2.10.jar%2372!/:?]
	at com.google.gson.Gson.fromJson(Gson.java:1214) ~[gson-2.10.jar%2372!/:?]
	at com.google.gson.Gson.fromJson(Gson.java:1319) ~[gson-2.10.jar%2372!/:?]
	at com.google.gson.Gson.fromJson(Gson.java:1290) ~[gson-2.10.jar%2372!/:?]
	at com.google.gson.internal.bind.TreeTypeAdapter$GsonContextImpl.deserialize(TreeTypeAdapter.java:179) ~[gson-2.10.jar%2372!/:?]
	at net.minecraft.util.GsonHelper.m_13808_(GsonHelper.java:463) ~[server-1.20.1-20230612.114412-srg.jar%23357!/:?]
	at net.minecraft.util.GsonHelper.m_13836_(GsonHelper.java:471) ~[server-1.20.1-20230612.114412-srg.jar%23357!/:?]
	at net.minecraft.world.level.storage.loot.LootPool$Serializer.deserialize(LootPool.java:192) ~[server-1.20.1-20230612.114412-srg.jar%23357!/:?]
	at net.minecraft.world.level.storage.loot.LootPool$Serializer.deserialize(LootPool.java:189) ~[server-1.20.1-20230612.114412-srg.jar%23357!/:?]
	at com.google.gson.internal.bind.TreeTypeAdapter.read(TreeTypeAdapter.java:76) ~[gson-2.10.jar%2372!/:?]
	at com.google.gson.internal.bind.TypeAdapterRuntimeTypeWrapper.read(TypeAdapterRuntimeTypeWrapper.java:40) ~[gson-2.10.jar%2372!/:?]
	at com.google.gson.internal.bind.ArrayTypeAdapter.read(ArrayTypeAdapter.java:72) ~[gson-2.10.jar%2372!/:?]
	at com.google.gson.Gson.fromJson(Gson.java:1214) ~[gson-2.10.jar%2372!/:?]
	at com.google.gson.Gson.fromJson(Gson.java:1319) ~[gson-2.10.jar%2372!/:?]
	at com.google.gson.Gson.fromJson(Gson.java:1290) ~[gson-2.10.jar%2372!/:?]
	at com.google.gson.internal.bind.TreeTypeAdapter$GsonContextImpl.deserialize(TreeTypeAdapter.java:179) ~[gson-2.10.jar%2372!/:?]
	at net.minecraft.util.GsonHelper.m_13808_(GsonHelper.java:463) ~[server-1.20.1-20230612.114412-srg.jar%23357!/:?]
	at net.minecraft.util.GsonHelper.m_13845_(GsonHelper.java:481) ~[server-1.20.1-20230612.114412-srg.jar%23357!/:?]
	at net.minecraft.world.level.storage.loot.LootTable$Serializer.deserialize(LootTable.java:294) ~[server-1.20.1-20230612.114412-srg.jar%23357!/:?]
	at net.minecraft.world.level.storage.loot.LootTable$Serializer.deserialize(LootTable.java:291) ~[server-1.20.1-20230612.114412-srg.jar%23357!/:?]
	at com.google.gson.internal.bind.TreeTypeAdapter.read(TreeTypeAdapter.java:76) ~[gson-2.10.jar%2372!/:?]
	at com.google.gson.Gson.fromJson(Gson.java:1214) ~[gson-2.10.jar%2372!/:?]
	at com.google.gson.Gson.fromJson(Gson.java:1319) ~[gson-2.10.jar%2372!/:?]
	at com.google.gson.Gson.fromJson(Gson.java:1261) ~[gson-2.10.jar%2372!/:?]
	at net.minecraftforge.common.ForgeHooks.loadLootTable(ForgeHooks.java:871) ~[forge-1.20.1-47.3.7-universal.jar%23362!/:?]
	at net.minecraftforge.common.ForgeHooks.lambda$getLootTableDeserializer$3(ForgeHooks.java:848) ~[forge-1.20.1-47.3.7-universal.jar%23362!/:?]
	at net.minecraft.world.level.storage.loot.LootDataType.deserialize(LootDataType.java:45) ~[server-1.20.1-20230612.114412-srg.jar%23357!/:?]
	at net.minecraft.world.level.storage.loot.LootDataManager.lambda$scheduleElementParse$4(LootDataManager.java:56) ~[server-1.20.1-20230612.114412-srg.jar%23357!/:?]
	at java.util.HashMap.forEach(HashMap.java:1421) ~[?:?]
	at net.minecraft.world.level.storage.loot.LootDataManager.m_278660_(LootDataManager.java:55) ~[server-1.20.1-20230612.114412-srg.jar%23357!/:?]
	at java.util.concurrent.CompletableFuture$AsyncRun.run(CompletableFuture.java:1804) ~[?:?]
	at java.util.concurrent.CompletableFuture$AsyncRun.exec(CompletableFuture.java:1796) ~[?:?]
	at java.util.concurrent.ForkJoinTask.doExec(ForkJoinTask.java:373) ~[?:?]
	at java.util.concurrent.ForkJoinPool$WorkQueue.topLevelExec(ForkJoinPool.java:1182) ~[?:?]
	at java.util.concurrent.ForkJoinPool.scan(ForkJoinPool.java:1655) ~[?:?]
	at java.util.concurrent.ForkJoinPool.runWorker(ForkJoinPool.java:1622) ~[?:?]
	at java.util.concurrent.ForkJoinWorkerThread.run(ForkJoinWorkerThread.java:165) ~[?:?]
[04Mar2025 21:57:59.048] [Worker-Main-2/ERROR] [net.minecraft.server.packs.resources.SimpleJsonResourceReloadListener/]: Couldn't parse data file farmerslarder:terror_bird_to_chicken_cutlets from farmerslarder:recipes/terror_bird_to_chicken_cutlets.json
com.google.gson.JsonParseException: com.google.gson.stream.MalformedJsonException: Unterminated array at line 25 column 6 path $.result[3]
	at net.minecraft.util.GsonHelper.m_13780_(GsonHelper.java:526) ~[server-1.20.1-20230612.114412-srg.jar%23357!/:?]
	at net.minecraft.util.GsonHelper.m_263475_(GsonHelper.java:531) ~[server-1.20.1-20230612.114412-srg.jar%23357!/:?]
	at net.minecraft.util.GsonHelper.m_13776_(GsonHelper.java:581) ~[server-1.20.1-20230612.114412-srg.jar%23357!/:?]
	at net.minecraft.server.packs.resources.SimpleJsonResourceReloadListener.m_278771_(SimpleJsonResourceReloadListener.java:41) ~[server-1.20.1-20230612.114412-srg.jar%23357!/:?]
	at net.minecraft.server.packs.resources.SimpleJsonResourceReloadListener.m_5944_(SimpleJsonResourceReloadListener.java:29) ~[server-1.20.1-20230612.114412-srg.jar%23357!/:?]
	at net.minecraft.server.packs.resources.SimpleJsonResourceReloadListener.m_5944_(SimpleJsonResourceReloadListener.java:17) ~[server-1.20.1-20230612.114412-srg.jar%23357!/:?]
	at net.minecraft.server.packs.resources.SimplePreparableReloadListener.m_10786_(SimplePreparableReloadListener.java:11) ~[server-1.20.1-20230612.114412-srg.jar%23357!/:?]
	at java.util.concurrent.CompletableFuture$AsyncSupply.run(CompletableFuture.java:1768) ~[?:?]
	at java.util.concurrent.CompletableFuture$AsyncSupply.exec(CompletableFuture.java:1760) ~[?:?]
	at java.util.concurrent.ForkJoinTask.doExec(ForkJoinTask.java:373) ~[?:?]
	at java.util.concurrent.ForkJoinPool$WorkQueue.topLevelExec(ForkJoinPool.java:1182) ~[?:?]
	at java.util.concurrent.ForkJoinPool.scan(ForkJoinPool.java:1655) ~[?:?]
	at java.util.concurrent.ForkJoinPool.runWorker(ForkJoinPool.java:1622) ~[?:?]
	at java.util.concurrent.ForkJoinWorkerThread.run(ForkJoinWorkerThread.java:165) ~[?:?]
Caused by: com.google.gson.stream.MalformedJsonException: Unterminated array at line 25 column 6 path $.result[3]
	at com.google.gson.stream.JsonReader.syntaxError(JsonReader.java:1657) ~[gson-2.10.jar%2372!/:?]
	at com.google.gson.stream.JsonReader.doPeek(JsonReader.java:485) ~[gson-2.10.jar%2372!/:?]
	at com.google.gson.stream.JsonReader.hasNext(JsonReader.java:422) ~[gson-2.10.jar%2372!/:?]
	at com.google.gson.internal.bind.TypeAdapters$28.read(TypeAdapters.java:779) ~[gson-2.10.jar%2372!/:?]
	at com.google.gson.internal.bind.TypeAdapters$28.read(TypeAdapters.java:725) ~[gson-2.10.jar%2372!/:?]
	at com.google.gson.internal.bind.TypeAdapters$34$1.read(TypeAdapters.java:1007) ~[gson-2.10.jar%2372!/:?]
	at net.minecraft.util.GsonHelper.m_13780_(GsonHelper.java:524) ~[server-1.20.1-20230612.114412-srg.jar%23357!/:?]
	... 13 more
[04Mar2025 21:57:59.083] [Worker-Main-3/ERROR] [net.minecraftforge.common.ForgeHooks/]: Couldn't parse element loot_tables:hauntedharvest:blocks/green_jack_o_lantern
com.google.gson.JsonSyntaxException: Expected name to be an item, was unknown string 'hauntedharvest:green_jack_o_lantern'
	at net.minecraft.util.GsonHelper.m_13866_(GsonHelper.java:145) ~[server-1.20.1-20230612.114412-srg.jar%23357!/:?]
	at java.util.Optional.orElseThrow(Optional.java:403) ~[?:?]
	at net.minecraft.util.GsonHelper.m_13874_(GsonHelper.java:145) ~[server-1.20.1-20230612.114412-srg.jar%23357!/:?]
	at net.minecraft.util.GsonHelper.m_13909_(GsonHelper.java:153) ~[server-1.20.1-20230612.114412-srg.jar%23357!/:?]
	at net.minecraft.world.level.storage.loot.entries.LootItem$Serializer.m_7267_(LootItem.java:55) ~[server-1.20.1-20230612.114412-srg.jar%23357!/:?]
	at net.minecraft.world.level.storage.loot.entries.LootItem$Serializer.m_7267_(LootItem.java:40) ~[server-1.20.1-20230612.114412-srg.jar%23357!/:?]
	at net.minecraft.world.level.storage.loot.entries.LootPoolSingletonContainer$Serializer.m_5921_(LootPoolSingletonContainer.java:151) ~[server-1.20.1-20230612.114412-srg.jar%23357!/:?]
	at net.minecraft.world.level.storage.loot.entries.LootPoolSingletonContainer$Serializer.m_5921_(LootPoolSingletonContainer.java:129) ~[server-1.20.1-20230612.114412-srg.jar%23357!/:?]
	at net.minecraft.world.level.storage.loot.entries.LootPoolEntryContainer$Serializer.m_7561_(LootPoolEntryContainer.java:86) ~[server-1.20.1-20230612.114412-srg.jar%23357!/:?]
	at net.minecraft.world.level.storage.loot.entries.LootPoolEntryContainer$Serializer.m_7561_(LootPoolEntryContainer.java:74) ~[server-1.20.1-20230612.114412-srg.jar%23357!/:?]
	at net.minecraft.world.level.storage.loot.GsonAdapterFactory$JsonAdapter.deserialize(GsonAdapterFactory.java:102) ~[server-1.20.1-20230612.114412-srg.jar%23357!/:?]
	at com.google.gson.internal.bind.TreeTypeAdapter.read(TreeTypeAdapter.java:76) ~[gson-2.10.jar%2372!/:?]
	at com.google.gson.internal.bind.TypeAdapterRuntimeTypeWrapper.read(TypeAdapterRuntimeTypeWrapper.java:40) ~[gson-2.10.jar%2372!/:?]
	at com.google.gson.internal.bind.ArrayTypeAdapter.read(ArrayTypeAdapter.java:72) ~[gson-2.10.jar%2372!/:?]
	at com.google.gson.Gson.fromJson(Gson.java:1214) ~[gson-2.10.jar%2372!/:?]
	at com.google.gson.Gson.fromJson(Gson.java:1319) ~[gson-2.10.jar%2372!/:?]
	at com.google.gson.Gson.fromJson(Gson.java:1290) ~[gson-2.10.jar%2372!/:?]
	at com.google.gson.internal.bind.TreeTypeAdapter$GsonContextImpl.deserialize(TreeTypeAdapter.java:179) ~[gson-2.10.jar%2372!/:?]
	at net.minecraft.util.GsonHelper.m_13808_(GsonHelper.java:463) ~[server-1.20.1-20230612.114412-srg.jar%23357!/:?]
	at net.minecraft.util.GsonHelper.m_13836_(GsonHelper.java:471) ~[server-1.20.1-20230612.114412-srg.jar%23357!/:?]
	at net.minecraft.world.level.storage.loot.LootPool$Serializer.deserialize(LootPool.java:192) ~[server-1.20.1-20230612.114412-srg.jar%23357!/:?]
	at net.minecraft.world.level.storage.loot.LootPool$Serializer.deserialize(LootPool.java:189) ~[server-1.20.1-20230612.114412-srg.jar%23357!/:?]
	at com.google.gson.internal.bind.TreeTypeAdapter.read(TreeTypeAdapter.java:76) ~[gson-2.10.jar%2372!/:?]
	at com.google.gson.internal.bind.TypeAdapterRuntimeTypeWrapper.read(TypeAdapterRuntimeTypeWrapper.java:40) ~[gson-2.10.jar%2372!/:?]
	at com.google.gson.internal.bind.ArrayTypeAdapter.read(ArrayTypeAdapter.java:72) ~[gson-2.10.jar%2372!/:?]
	at com.google.gson.Gson.fromJson(Gson.java:1214) ~[gson-2.10.jar%2372!/:?]
	at com.google.gson.Gson.fromJson(Gson.java:1319) ~[gson-2.10.jar%2372!/:?]
	at com.google.gson.Gson.fromJson(Gson.java:1290) ~[gson-2.10.jar%2372!/:?]
	at com.google.gson.internal.bind.TreeTypeAdapter$GsonContextImpl.deserialize(TreeTypeAdapter.java:179) ~[gson-2.10.jar%2372!/:?]
	at net.minecraft.util.GsonHelper.m_13808_(GsonHelper.java:463) ~[server-1.20.1-20230612.114412-srg.jar%23357!/:?]
	at net.minecraft.util.GsonHelper.m_13845_(GsonHelper.java:481) ~[server-1.20.1-20230612.114412-srg.jar%23357!/:?]
	at net.minecraft.world.level.storage.loot.LootTable$Serializer.deserialize(LootTable.java:294) ~[server-1.20.1-20230612.114412-srg.jar%23357!/:?]
	at net.minecraft.world.level.storage.loot.LootTable$Serializer.deserialize(LootTable.java:291) ~[server-1.20.1-20230612.114412-srg.jar%23357!/:?]
	at com.google.gson.internal.bind.TreeTypeAdapter.read(TreeTypeAdapter.java:76) ~[gson-2.10.jar%2372!/:?]
	at com.google.gson.Gson.fromJson(Gson.java:1214) ~[gson-2.10.jar%2372!/:?]
	at com.google.gson.Gson.fromJson(Gson.java:1319) ~[gson-2.10.jar%2372!/:?]
	at com.google.gson.Gson.fromJson(Gson.java:1261) ~[gson-2.10.jar%2372!/:?]
	at net.minecraftforge.common.ForgeHooks.loadLootTable(ForgeHooks.java:871) ~[forge-1.20.1-47.3.7-universal.jar%23362!/:?]
	at net.minecraftforge.common.ForgeHooks.lambda$getLootTableDeserializer$3(ForgeHooks.java:848) ~[forge-1.20.1-47.3.7-universal.jar%23362!/:?]
	at net.minecraft.world.level.storage.loot.LootDataType.deserialize(LootDataType.java:45) ~[server-1.20.1-20230612.114412-srg.jar%23357!/:?]
	at net.minecraft.world.level.storage.loot.LootDataManager.lambda$scheduleElementParse$4(LootDataManager.java:56) ~[server-1.20.1-20230612.114412-srg.jar%23357!/:?]
	at java.util.HashMap.forEach(HashMap.java:1421) ~[?:?]
	at net.minecraft.world.level.storage.loot.LootDataManager.m_278660_(LootDataManager.java:55) ~[server-1.20.1-20230612.114412-srg.jar%23357!/:?]
	at java.util.concurrent.CompletableFuture$AsyncRun.run(CompletableFuture.java:1804) ~[?:?]
	at java.util.concurrent.CompletableFuture$AsyncRun.exec(CompletableFuture.java:1796) ~[?:?]
	at java.util.concurrent.ForkJoinTask.doExec(ForkJoinTask.java:373) ~[?:?]
	at java.util.concurrent.ForkJoinPool$WorkQueue.topLevelExec(ForkJoinPool.java:1182) ~[?:?]
	at java.util.concurrent.ForkJoinPool.scan(ForkJoinPool.java:1655) ~[?:?]
	at java.util.concurrent.ForkJoinPool.runWorker(ForkJoinPool.java:1622) ~[?:?]
	at java.util.concurrent.ForkJoinWorkerThread.run(ForkJoinWorkerThread.java:165) ~[?:?]
[04Mar2025 21:57:59.117] [Worker-Main-3/ERROR] [net.minecraftforge.common.ForgeHooks/]: Couldn't parse element loot_tables:displaydelight:blocks/plated_cake_slice
java.lang.IllegalArgumentException: Can't find block displaydelight:plated_cake_slice
	at net.minecraft.world.level.storage.loot.predicates.LootItemBlockStatePropertyCondition$Serializer.m_81802_(LootItemBlockStatePropertyCondition.java:79) ~[server-1.20.1-20230612.114412-srg.jar%23357!/:?]
	at java.util.Optional.orElseThrow(Optional.java:403) ~[?:?]
	at net.minecraft.world.level.storage.loot.predicates.LootItemBlockStatePropertyCondition$Serializer.m_7561_(LootItemBlockStatePropertyCondition.java:79) ~[server-1.20.1-20230612.114412-srg.jar%23357!/:?]
	at net.minecraft.world.level.storage.loot.predicates.LootItemBlockStatePropertyCondition$Serializer.m_7561_(LootItemBlockStatePropertyCondition.java:68) ~[server-1.20.1-20230612.114412-srg.jar%23357!/:?]
	at net.minecraft.world.level.storage.loot.GsonAdapterFactory$JsonAdapter.deserialize(GsonAdapterFactory.java:102) ~[server-1.20.1-20230612.114412-srg.jar%23357!/:?]
	at com.google.gson.internal.bind.TreeTypeAdapter.read(TreeTypeAdapter.java:76) ~[gson-2.10.jar%2372!/:?]
	at com.google.gson.internal.bind.TypeAdapterRuntimeTypeWrapper.read(TypeAdapterRuntimeTypeWrapper.java:40) ~[gson-2.10.jar%2372!/:?]
	at com.google.gson.internal.bind.ArrayTypeAdapter.read(ArrayTypeAdapter.java:72) ~[gson-2.10.jar%2372!/:?]
	at com.google.gson.Gson.fromJson(Gson.java:1214) ~[gson-2.10.jar%2372!/:?]
	at com.google.gson.Gson.fromJson(Gson.java:1319) ~[gson-2.10.jar%2372!/:?]
	at com.google.gson.Gson.fromJson(Gson.java:1290) ~[gson-2.10.jar%2372!/:?]
	at com.google.gson.internal.bind.TreeTypeAdapter$GsonContextImpl.deserialize(TreeTypeAdapter.java:179) ~[gson-2.10.jar%2372!/:?]
	at net.minecraft.util.GsonHelper.m_13808_(GsonHelper.java:463) ~[server-1.20.1-20230612.114412-srg.jar%23357!/:?]
	at net.minecraft.util.GsonHelper.m_13845_(GsonHelper.java:481) ~[server-1.20.1-20230612.114412-srg.jar%23357!/:?]
	at net.minecraft.world.level.storage.loot.functions.LootItemConditionalFunction$Serializer.m_7561_(LootItemConditionalFunction.java:98) ~[server-1.20.1-20230612.114412-srg.jar%23357!/:?]
	at net.minecraft.world.level.storage.loot.functions.LootItemConditionalFunction$Serializer.m_7561_(LootItemConditionalFunction.java:88) ~[server-1.20.1-20230612.114412-srg.jar%23357!/:?]
	at net.minecraft.world.level.storage.loot.GsonAdapterFactory$JsonAdapter.deserialize(GsonAdapterFactory.java:102) ~[server-1.20.1-20230612.114412-srg.jar%23357!/:?]
	at com.google.gson.internal.bind.TreeTypeAdapter.read(TreeTypeAdapter.java:76) ~[gson-2.10.jar%2372!/:?]
	at com.google.gson.internal.bind.TypeAdapterRuntimeTypeWrapper.read(TypeAdapterRuntimeTypeWrapper.java:40) ~[gson-2.10.jar%2372!/:?]
	at com.google.gson.internal.bind.ArrayTypeAdapter.read(ArrayTypeAdapter.java:72) ~[gson-2.10.jar%2372!/:?]
	at com.google.gson.Gson.fromJson(Gson.java:1214) ~[gson-2.10.jar%2372!/:?]
	at com.google.gson.Gson.fromJson(Gson.java:1319) ~[gson-2.10.jar%2372!/:?]
	at com.google.gson.Gson.fromJson(Gson.java:1290) ~[gson-2.10.jar%2372!/:?]
	at com.google.gson.internal.bind.TreeTypeAdapter$GsonContextImpl.deserialize(TreeTypeAdapter.java:179) ~[gson-2.10.jar%2372!/:?]
	at net.minecraft.util.GsonHelper.m_13808_(GsonHelper.java:463) ~[server-1.20.1-20230612.114412-srg.jar%23357!/:?]
	at net.minecraft.util.GsonHelper.m_13845_(GsonHelper.java:481) ~[server-1.20.1-20230612.114412-srg.jar%23357!/:?]
	at net.minecraft.world.level.storage.loot.entries.LootPoolSingletonContainer$Serializer.m_5921_(LootPoolSingletonContainer.java:149) ~[server-1.20.1-20230612.114412-srg.jar%23357!/:?]
	at net.minecraft.world.level.storage.loot.entries.LootPoolSingletonContainer$Serializer.m_5921_(LootPoolSingletonContainer.java:129) ~[server-1.20.1-20230612.114412-srg.jar%23357!/:?]
	at net.minecraft.world.level.storage.loot.entries.LootPoolEntryContainer$Serializer.m_7561_(LootPoolEntryContainer.java:86) ~[server-1.20.1-20230612.114412-srg.jar%23357!/:?]
	at net.minecraft.world.level.storage.loot.entries.LootPoolEntryContainer$Serializer.m_7561_(LootPoolEntryContainer.java:74) ~[server-1.20.1-20230612.114412-srg.jar%23357!/:?]
	at net.minecraft.world.level.storage.loot.GsonAdapterFactory$JsonAdapter.deserialize(GsonAdapterFactory.java:102) ~[server-1.20.1-20230612.114412-srg.jar%23357!/:?]
	at com.google.gson.internal.bind.TreeTypeAdapter.read(TreeTypeAdapter.java:76) ~[gson-2.10.jar%2372!/:?]
	at com.google.gson.internal.bind.TypeAdapterRuntimeTypeWrapper.read(TypeAdapterRuntimeTypeWrapper.java:40) ~[gson-2.10.jar%2372!/:?]
	at com.google.gson.internal.bind.ArrayTypeAdapter.read(ArrayTypeAdapter.java:72) ~[gson-2.10.jar%2372!/:?]
	at com.google.gson.Gson.fromJson(Gson.java:1214) ~[gson-2.10.jar%2372!/:?]
	at com.google.gson.Gson.fromJson(Gson.java:1319) ~[gson-2.10.jar%2372!/:?]
	at com.google.gson.Gson.fromJson(Gson.java:1290) ~[gson-2.10.jar%2372!/:?]
	at com.google.gson.internal.bind.TreeTypeAdapter$GsonContextImpl.deserialize(TreeTypeAdapter.java:179) ~[gson-2.10.jar%2372!/:?]
	at net.minecraft.util.GsonHelper.m_13808_(GsonHelper.java:463) ~[server-1.20.1-20230612.114412-srg.jar%23357!/:?]
	at net.minecraft.util.GsonHelper.m_13836_(GsonHelper.java:471) ~[server-1.20.1-20230612.114412-srg.jar%23357!/:?]
	at net.minecraft.world.level.storage.loot.LootPool$Serializer.deserialize(LootPool.java:192) ~[server-1.20.1-20230612.114412-srg.jar%23357!/:?]
	at net.minecraft.world.level.storage.loot.LootPool$Serializer.deserialize(LootPool.java:189) ~[server-1.20.1-20230612.114412-srg.jar%23357!/:?]
	at com.google.gson.internal.bind.TreeTypeAdapter.read(TreeTypeAdapter.java:76) ~[gson-2.10.jar%2372!/:?]
	at com.google.gson.internal.bind.TypeAdapterRuntimeTypeWrapper.read(TypeAdapterRuntimeTypeWrapper.java:40) ~[gson-2.10.jar%2372!/:?]
	at com.google.gson.internal.bind.ArrayTypeAdapter.read(ArrayTypeAdapter.java:72) ~[gson-2.10.jar%2372!/:?]
	at com.google.gson.Gson.fromJson(Gson.java:1214) ~[gson-2.10.jar%2372!/:?]
	at com.google.gson.Gson.fromJson(Gson.java:1319) ~[gson-2.10.jar%2372!/:?]
	at com.google.gson.Gson.fromJson(Gson.java:1290) ~[gson-2.10.jar%2372!/:?]
	at com.google.gson.internal.bind.TreeTypeAdapter$GsonContextImpl.deserialize(TreeTypeAdapter.java:179) ~[gson-2.10.jar%2372!/:?]
	at net.minecraft.util.GsonHelper.m_13808_(GsonHelper.java:463) ~[server-1.20.1-20230612.114412-srg.jar%23357!/:?]
	at net.minecraft.util.GsonHelper.m_13845_(GsonHelper.java:481) ~[server-1.20.1-20230612.114412-srg.jar%23357!/:?]
	at net.minecraft.world.level.storage.loot.LootTable$Serializer.deserialize(LootTable.java:294) ~[server-1.20.1-20230612.114412-srg.jar%23357!/:?]
	at net.minecraft.world.level.storage.loot.LootTable$Serializer.deserialize(LootTable.java:291) ~[server-1.20.1-20230612.114412-srg.jar%23357!/:?]
	at com.google.gson.internal.bind.TreeTypeAdapter.read(TreeTypeAdapter.java:76) ~[gson-2.10.jar%2372!/:?]
	at com.google.gson.Gson.fromJson(Gson.java:1214) ~[gson-2.10.jar%2372!/:?]
	at com.google.gson.Gson.fromJson(Gson.java:1319) ~[gson-2.10.jar%2372!/:?]
	at com.google.gson.Gson.fromJson(Gson.java:1261) ~[gson-2.10.jar%2372!/:?]
	at net.minecraftforge.common.ForgeHooks.loadLootTable(ForgeHooks.java:871) ~[forge-1.20.1-47.3.7-universal.jar%23362!/:?]
	at net.minecraftforge.common.ForgeHooks.lambda$getLootTableDeserializer$3(ForgeHooks.java:848) ~[forge-1.20.1-47.3.7-universal.jar%23362!/:?]
	at net.minecraft.world.level.storage.loot.LootDataType.deserialize(LootDataType.java:45) ~[server-1.20.1-20230612.114412-srg.jar%23357!/:?]
	at net.minecraft.world.level.storage.loot.LootDataManager.lambda$scheduleElementParse$4(LootDataManager.java:56) ~[server-1.20.1-20230612.114412-srg.jar%23357!/:?]
	at java.util.HashMap.forEach(HashMap.java:1421) ~[?:?]
	at net.minecraft.world.level.storage.loot.LootDataManager.m_278660_(LootDataManager.java:55) ~[server-1.20.1-20230612.114412-srg.jar%23357!/:?]
	at java.util.concurrent.CompletableFuture$AsyncRun.run(CompletableFuture.java:1804) ~[?:?]
	at java.util.concurrent.CompletableFuture$AsyncRun.exec(CompletableFuture.java:1796) ~[?:?]
	at java.util.concurrent.ForkJoinTask.doExec(ForkJoinTask.java:373) ~[?:?]
	at java.util.concurrent.ForkJoinPool$WorkQueue.topLevelExec(ForkJoinPool.java:1182) ~[?:?]
	at java.util.concurrent.ForkJoinPool.scan(ForkJoinPool.java:1655) ~[?:?]
	at java.util.concurrent.ForkJoinPool.runWorker(ForkJoinPool.java:1622) ~[?:?]
	at java.util.concurrent.ForkJoinWorkerThread.run(ForkJoinWorkerThread.java:165) ~[?:?]
[04Mar2025 21:57:59.252] [Worker-Main-3/ERROR] [net.minecraftforge.common.ForgeHooks/]: Couldn't parse element loot_tables:farmersrespite:blocks/kettle
com.google.gson.JsonSyntaxException: Unknown type 'farmersrespite:copy_meal'
	at net.minecraft.world.level.storage.loot.GsonAdapterFactory$JsonAdapter.deserialize(GsonAdapterFactory.java:99) ~[server-1.20.1-20230612.114412-srg.jar%23357!/:?]
	at com.google.gson.internal.bind.TreeTypeAdapter.read(TreeTypeAdapter.java:76) ~[gson-2.10.jar%2372!/:?]
	at com.google.gson.internal.bind.TypeAdapterRuntimeTypeWrapper.read(TypeAdapterRuntimeTypeWrapper.java:40) ~[gson-2.10.jar%2372!/:?]
	at com.google.gson.internal.bind.ArrayTypeAdapter.read(ArrayTypeAdapter.java:72) ~[gson-2.10.jar%2372!/:?]
	at com.google.gson.Gson.fromJson(Gson.java:1214) ~[gson-2.10.jar%2372!/:?]
	at com.google.gson.Gson.fromJson(Gson.java:1319) ~[gson-2.10.jar%2372!/:?]
	at com.google.gson.Gson.fromJson(Gson.java:1290) ~[gson-2.10.jar%2372!/:?]
	at com.google.gson.internal.bind.TreeTypeAdapter$GsonContextImpl.deserialize(TreeTypeAdapter.java:179) ~[gson-2.10.jar%2372!/:?]
	at net.minecraft.util.GsonHelper.m_13808_(GsonHelper.java:463) ~[server-1.20.1-20230612.114412-srg.jar%23357!/:?]
	at net.minecraft.util.GsonHelper.m_13845_(GsonHelper.java:481) ~[server-1.20.1-20230612.114412-srg.jar%23357!/:?]
	at net.minecraft.world.level.storage.loot.entries.LootPoolSingletonContainer$Serializer.m_5921_(LootPoolSingletonContainer.java:149) ~[server-1.20.1-20230612.114412-srg.jar%23357!/:?]
	at net.minecraft.world.level.storage.loot.entries.LootPoolSingletonContainer$Serializer.m_5921_(LootPoolSingletonContainer.java:129) ~[server-1.20.1-20230612.114412-srg.jar%23357!/:?]
	at net.minecraft.world.level.storage.loot.entries.LootPoolEntryContainer$Serializer.m_7561_(LootPoolEntryContainer.java:86) ~[server-1.20.1-20230612.114412-srg.jar%23357!/:?]
	at net.minecraft.world.level.storage.loot.entries.LootPoolEntryContainer$Serializer.m_7561_(LootPoolEntryContainer.java:74) ~[server-1.20.1-20230612.114412-srg.jar%23357!/:?]
	at net.minecraft.world.level.storage.loot.GsonAdapterFactory$JsonAdapter.deserialize(GsonAdapterFactory.java:102) ~[server-1.20.1-20230612.114412-srg.jar%23357!/:?]
	at com.google.gson.internal.bind.TreeTypeAdapter.read(TreeTypeAdapter.java:76) ~[gson-2.10.jar%2372!/:?]
	at com.google.gson.internal.bind.TypeAdapterRuntimeTypeWrapper.read(TypeAdapterRuntimeTypeWrapper.java:40) ~[gson-2.10.jar%2372!/:?]
	at com.google.gson.internal.bind.ArrayTypeAdapter.read(ArrayTypeAdapter.java:72) ~[gson-2.10.jar%2372!/:?]
	at com.google.gson.Gson.fromJson(Gson.java:1214) ~[gson-2.10.jar%2372!/:?]
	at com.google.gson.Gson.fromJson(Gson.java:1319) ~[gson-2.10.jar%2372!/:?]
	at com.google.gson.Gson.fromJson(Gson.java:1290) ~[gson-2.10.jar%2372!/:?]
	at com.google.gson.internal.bind.TreeTypeAdapter$GsonContextImpl.deserialize(TreeTypeAdapter.java:179) ~[gson-2.10.jar%2372!/:?]
	at net.minecraft.util.GsonHelper.m_13808_(GsonHelper.java:463) ~[server-1.20.1-20230612.114412-srg.jar%23357!/:?]
	at net.minecraft.util.GsonHelper.m_13836_(GsonHelper.java:471) ~[server-1.20.1-20230612.114412-srg.jar%23357!/:?]
	at net.minecraft.world.level.storage.loot.LootPool$Serializer.deserialize(LootPool.java:192) ~[server-1.20.1-20230612.114412-srg.jar%23357!/:?]
	at net.minecraft.world.level.storage.loot.LootPool$Serializer.deserialize(LootPool.java:189) ~[server-1.20.1-20230612.114412-srg.jar%23357!/:?]
	at com.google.gson.internal.bind.TreeTypeAdapter.read(TreeTypeAdapter.java:76) ~[gson-2.10.jar%2372!/:?]
	at com.google.gson.internal.bind.TypeAdapterRuntimeTypeWrapper.read(TypeAdapterRuntimeTypeWrapper.java:40) ~[gson-2.10.jar%2372!/:?]
	at com.google.gson.internal.bind.ArrayTypeAdapter.read(ArrayTypeAdapter.java:72) ~[gson-2.10.jar%2372!/:?]
	at com.google.gson.Gson.fromJson(Gson.java:1214) ~[gson-2.10.jar%2372!/:?]
	at com.google.gson.Gson.fromJson(Gson.java:1319) ~[gson-2.10.jar%2372!/:?]
	at com.google.gson.Gson.fromJson(Gson.java:1290) ~[gson-2.10.jar%2372!/:?]
	at com.google.gson.internal.bind.TreeTypeAdapter$GsonContextImpl.deserialize(TreeTypeAdapter.java:179) ~[gson-2.10.jar%2372!/:?]
	at net.minecraft.util.GsonHelper.m_13808_(GsonHelper.java:463) ~[server-1.20.1-20230612.114412-srg.jar%23357!/:?]
	at net.minecraft.util.GsonHelper.m_13845_(GsonHelper.java:481) ~[server-1.20.1-20230612.114412-srg.jar%23357!/:?]
	at net.minecraft.world.level.storage.loot.LootTable$Serializer.deserialize(LootTable.java:294) ~[server-1.20.1-20230612.114412-srg.jar%23357!/:?]
	at net.minecraft.world.level.storage.loot.LootTable$Serializer.deserialize(LootTable.java:291) ~[server-1.20.1-20230612.114412-srg.jar%23357!/:?]
	at com.google.gson.internal.bind.TreeTypeAdapter.read(TreeTypeAdapter.java:76) ~[gson-2.10.jar%2372!/:?]
	at com.google.gson.Gson.fromJson(Gson.java:1214) ~[gson-2.10.jar%2372!/:?]
	at com.google.gson.Gson.fromJson(Gson.java:1319) ~[gson-2.10.jar%2372!/:?]
	at com.google.gson.Gson.fromJson(Gson.java:1261) ~[gson-2.10.jar%2372!/:?]
	at net.minecraftforge.common.ForgeHooks.loadLootTable(ForgeHooks.java:871) ~[forge-1.20.1-47.3.7-universal.jar%23362!/:?]
	at net.minecraftforge.common.ForgeHooks.lambda$getLootTableDeserializer$3(ForgeHooks.java:848) ~[forge-1.20.1-47.3.7-universal.jar%23362!/:?]
	at net.minecraft.world.level.storage.loot.LootDataType.deserialize(LootDataType.java:45) ~[server-1.20.1-20230612.114412-srg.jar%23357!/:?]
	at net.minecraft.world.level.storage.loot.LootDataManager.lambda$scheduleElementParse$4(LootDataManager.java:56) ~[server-1.20.1-20230612.114412-srg.jar%23357!/:?]
	at java.util.HashMap.forEach(HashMap.java:1421) ~[?:?]
	at net.minecraft.world.level.storage.loot.LootDataManager.m_278660_(LootDataManager.java:55) ~[server-1.20.1-20230612.114412-srg.jar%23357!/:?]
	at java.util.concurrent.CompletableFuture$AsyncRun.run(CompletableFuture.java:1804) ~[?:?]
	at java.util.concurrent.CompletableFuture$AsyncRun.exec(CompletableFuture.java:1796) ~[?:?]
	at java.util.concurrent.ForkJoinTask.doExec(ForkJoinTask.java:373) ~[?:?]
	at java.util.concurrent.ForkJoinPool$WorkQueue.topLevelExec(ForkJoinPool.java:1182) ~[?:?]
	at java.util.concurrent.ForkJoinPool.scan(ForkJoinPool.java:1655) ~[?:?]
	at java.util.concurrent.ForkJoinPool.runWorker(ForkJoinPool.java:1622) ~[?:?]
	at java.util.concurrent.ForkJoinWorkerThread.run(ForkJoinWorkerThread.java:165) ~[?:?]
[04Mar2025 21:57:59.274] [Worker-Main-3/ERROR] [net.minecraftforge.common.ForgeHooks/]: Couldn't parse element loot_tables:culturaldelights:blocks/fruiting_avocado_leaves
com.google.gson.JsonSyntaxException: Unknown type 'minecraft:alternative'
	at net.minecraft.world.level.storage.loot.GsonAdapterFactory$JsonAdapter.deserialize(GsonAdapterFactory.java:99) ~[server-1.20.1-20230612.114412-srg.jar%23357!/:?]
	at com.google.gson.internal.bind.TreeTypeAdapter.read(TreeTypeAdapter.java:76) ~[gson-2.10.jar%2372!/:?]
	at com.google.gson.internal.bind.TypeAdapterRuntimeTypeWrapper.read(TypeAdapterRuntimeTypeWrapper.java:40) ~[gson-2.10.jar%2372!/:?]
	at com.google.gson.internal.bind.ArrayTypeAdapter.read(ArrayTypeAdapter.java:72) ~[gson-2.10.jar%2372!/:?]
	at com.google.gson.Gson.fromJson(Gson.java:1214) ~[gson-2.10.jar%2372!/:?]
	at com.google.gson.Gson.fromJson(Gson.java:1319) ~[gson-2.10.jar%2372!/:?]
	at com.google.gson.Gson.fromJson(Gson.java:1290) ~[gson-2.10.jar%2372!/:?]
	at com.google.gson.internal.bind.TreeTypeAdapter$GsonContextImpl.deserialize(TreeTypeAdapter.java:179) ~[gson-2.10.jar%2372!/:?]
	at net.minecraft.util.GsonHelper.m_13808_(GsonHelper.java:463) ~[server-1.20.1-20230612.114412-srg.jar%23357!/:?]
	at net.minecraft.util.GsonHelper.m_13845_(GsonHelper.java:481) ~[server-1.20.1-20230612.114412-srg.jar%23357!/:?]
	at net.minecraft.world.level.storage.loot.entries.LootPoolEntryContainer$Serializer.m_7561_(LootPoolEntryContainer.java:85) ~[server-1.20.1-20230612.114412-srg.jar%23357!/:?]
	at net.minecraft.world.level.storage.loot.entries.LootPoolEntryContainer$Serializer.m_7561_(LootPoolEntryContainer.java:74) ~[server-1.20.1-20230612.114412-srg.jar%23357!/:?]
	at net.minecraft.world.level.storage.loot.GsonAdapterFactory$JsonAdapter.deserialize(GsonAdapterFactory.java:102) ~[server-1.20.1-20230612.114412-srg.jar%23357!/:?]
	at com.google.gson.internal.bind.TreeTypeAdapter.read(TreeTypeAdapter.java:76) ~[gson-2.10.jar%2372!/:?]
	at com.google.gson.internal.bind.TypeAdapterRuntimeTypeWrapper.read(TypeAdapterRuntimeTypeWrapper.java:40) ~[gson-2.10.jar%2372!/:?]
	at com.google.gson.internal.bind.ArrayTypeAdapter.read(ArrayTypeAdapter.java:72) ~[gson-2.10.jar%2372!/:?]
	at com.google.gson.Gson.fromJson(Gson.java:1214) ~[gson-2.10.jar%2372!/:?]
	at com.google.gson.Gson.fromJson(Gson.java:1319) ~[gson-2.10.jar%2372!/:?]
	at com.google.gson.Gson.fromJson(Gson.java:1290) ~[gson-2.10.jar%2372!/:?]
	at com.google.gson.internal.bind.TreeTypeAdapter$GsonContextImpl.deserialize(TreeTypeAdapter.java:179) ~[gson-2.10.jar%2372!/:?]
	at net.minecraft.util.GsonHelper.m_13808_(GsonHelper.java:463) ~[server-1.20.1-20230612.114412-srg.jar%23357!/:?]
	at net.minecraft.util.GsonHelper.m_13836_(GsonHelper.java:471) ~[server-1.20.1-20230612.114412-srg.jar%23357!/:?]
	at net.minecraft.world.level.storage.loot.entries.CompositeEntryBase$1.m_5921_(CompositeEntryBase.java:61) ~[server-1.20.1-20230612.114412-srg.jar%23357!/:?]
	at net.minecraft.world.level.storage.loot.entries.CompositeEntryBase$1.m_5921_(CompositeEntryBase.java:53) ~[server-1.20.1-20230612.114412-srg.jar%23357!/:?]
	at net.minecraft.world.level.storage.loot.entries.LootPoolEntryContainer$Serializer.m_7561_(LootPoolEntryContainer.java:86) ~[server-1.20.1-20230612.114412-srg.jar%23357!/:?]
	at net.minecraft.world.level.storage.loot.entries.LootPoolEntryContainer$Serializer.m_7561_(LootPoolEntryContainer.java:74) ~[server-1.20.1-20230612.114412-srg.jar%23357!/:?]
	at net.minecraft.world.level.storage.loot.GsonAdapterFactory$JsonAdapter.deserialize(GsonAdapterFactory.java:102) ~[server-1.20.1-20230612.114412-srg.jar%23357!/:?]
	at com.google.gson.internal.bind.TreeTypeAdapter.read(TreeTypeAdapter.java:76) ~[gson-2.10.jar%2372!/:?]
	at com.google.gson.internal.bind.TypeAdapterRuntimeTypeWrapper.read(TypeAdapterRuntimeTypeWrapper.java:40) ~[gson-2.10.jar%2372!/:?]
	at com.google.gson.internal.bind.ArrayTypeAdapter.read(ArrayTypeAdapter.java:72) ~[gson-2.10.jar%2372!/:?]
	at com.google.gson.Gson.fromJson(Gson.java:1214) ~[gson-2.10.jar%2372!/:?]
	at com.google.gson.Gson.fromJson(Gson.java:1319) ~[gson-2.10.jar%2372!/:?]
	at com.google.gson.Gson.fromJson(Gson.java:1290) ~[gson-2.10.jar%2372!/:?]
	at com.google.gson.internal.bind.TreeTypeAdapter$GsonContextImpl.deserialize(TreeTypeAdapter.java:179) ~[gson-2.10.jar%2372!/:?]
	at net.minecraft.util.GsonHelper.m_13808_(GsonHelper.java:463) ~[server-1.20.1-20230612.114412-srg.jar%23357!/:?]
	at net.minecraft.util.GsonHelper.m_13836_(GsonHelper.java:471) ~[server-1.20.1-20230612.114412-srg.jar%23357!/:?]
	at net.minecraft.world.level.storage.loot.LootPool$Serializer.deserialize(LootPool.java:192) ~[server-1.20.1-20230612.114412-srg.jar%23357!/:?]
	at net.minecraft.world.level.storage.loot.LootPool$Serializer.deserialize(LootPool.java:189) ~[server-1.20.1-20230612.114412-srg.jar%23357!/:?]
	at com.google.gson.internal.bind.TreeTypeAdapter.read(TreeTypeAdapter.java:76) ~[gson-2.10.jar%2372!/:?]
	at com.google.gson.internal.bind.TypeAdapterRuntimeTypeWrapper.read(TypeAdapterRuntimeTypeWrapper.java:40) ~[gson-2.10.jar%2372!/:?]
	at com.google.gson.internal.bind.ArrayTypeAdapter.read(ArrayTypeAdapter.java:72) ~[gson-2.10.jar%2372!/:?]
	at com.google.gson.Gson.fromJson(Gson.java:1214) ~[gson-2.10.jar%2372!/:?]
	at com.google.gson.Gson.fromJson(Gson.java:1319) ~[gson-2.10.jar%2372!/:?]
	at com.google.gson.Gson.fromJson(Gson.java:1290) ~[gson-2.10.jar%2372!/:?]
	at com.google.gson.internal.bind.TreeTypeAdapter$GsonContextImpl.deserialize(TreeTypeAdapter.java:179) ~[gson-2.10.jar%2372!/:?]
	at net.minecraft.util.GsonHelper.m_13808_(GsonHelper.java:463) ~[server-1.20.1-20230612.114412-srg.jar%23357!/:?]
	at net.minecraft.util.GsonHelper.m_13845_(GsonHelper.java:481) ~[server-1.20.1-20230612.114412-srg.jar%23357!/:?]
	at net.minecraft.world.level.storage.loot.LootTable$Serializer.deserialize(LootTable.java:294) ~[server-1.20.1-20230612.114412-srg.jar%23357!/:?]
	at net.minecraft.world.level.storage.loot.LootTable$Serializer.deserialize(LootTable.java:291) ~[server-1.20.1-20230612.114412-srg.jar%23357!/:?]
	at com.google.gson.internal.bind.TreeTypeAdapter.read(TreeTypeAdapter.java:76) ~[gson-2.10.jar%2372!/:?]
	at com.google.gson.Gson.fromJson(Gson.java:1214) ~[gson-2.10.jar%2372!/:?]
	at com.google.gson.Gson.fromJson(Gson.java:1319) ~[gson-2.10.jar%2372!/:?]
	at com.google.gson.Gson.fromJson(Gson.java:1261) ~[gson-2.10.jar%2372!/:?]
	at net.minecraftforge.common.ForgeHooks.loadLootTable(ForgeHooks.java:871) ~[forge-1.20.1-47.3.7-universal.jar%23362!/:?]
	at net.minecraftforge.common.ForgeHooks.lambda$getLootTableDeserializer$3(ForgeHooks.java:848) ~[forge-1.20.1-47.3.7-universal.jar%23362!/:?]
	at net.minecraft.world.level.storage.loot.LootDataType.deserialize(LootDataType.java:45) ~[server-1.20.1-20230612.114412-srg.jar%23357!/:?]
	at net.minecraft.world.level.storage.loot.LootDataManager.lambda$scheduleElementParse$4(LootDataManager.java:56) ~[server-1.20.1-20230612.114412-srg.jar%23357!/:?]
	at java.util.HashMap.forEach(HashMap.java:1421) ~[?:?]
	at net.minecraft.world.level.storage.loot.LootDataManager.m_278660_(LootDataManager.java:55) ~[server-1.20.1-20230612.114412-srg.jar%23357!/:?]
	at java.util.concurrent.CompletableFuture$AsyncRun.run(CompletableFuture.java:1804) ~[?:?]
	at java.util.concurrent.CompletableFuture$AsyncRun.exec(CompletableFuture.java:1796) ~[?:?]
	at java.util.concurrent.ForkJoinTask.doExec(ForkJoinTask.java:373) ~[?:?]
	at java.util.concurrent.ForkJoinPool$WorkQueue.topLevelExec(ForkJoinPool.java:1182) ~[?:?]
	at java.util.concurrent.ForkJoinPool.scan(ForkJoinPool.java:1655) ~[?:?]
	at java.util.concurrent.ForkJoinPool.runWorker(ForkJoinPool.java:1622) ~[?:?]
	at java.util.concurrent.ForkJoinWorkerThread.run(ForkJoinWorkerThread.java:165) ~[?:?]
[04Mar2025 21:57:59.323] [Worker-Main-3/ERROR] [net.minecraftforge.common.ForgeHooks/]: Couldn't parse element loot_tables:twilightdelight:blocks/aurora_cake
com.google.gson.JsonSyntaxException: Expected name to be an item, was unknown string 'twilightdelight:aurora_cake_slice'
	at net.minecraft.util.GsonHelper.m_13866_(GsonHelper.java:145) ~[server-1.20.1-20230612.114412-srg.jar%23357!/:?]
	at java.util.Optional.orElseThrow(Optional.java:403) ~[?:?]
	at net.minecraft.util.GsonHelper.m_13874_(GsonHelper.java:145) ~[server-1.20.1-20230612.114412-srg.jar%23357!/:?]
	at net.minecraft.util.GsonHelper.m_13909_(GsonHelper.java:153) ~[server-1.20.1-20230612.114412-srg.jar%23357!/:?]
	at net.minecraft.world.level.storage.loot.entries.LootItem$Serializer.m_7267_(LootItem.java:55) ~[server-1.20.1-20230612.114412-srg.jar%23357!/:?]
	at net.minecraft.world.level.storage.loot.entries.LootItem$Serializer.m_7267_(LootItem.java:40) ~[server-1.20.1-20230612.114412-srg.jar%23357!/:?]
	at net.minecraft.world.level.storage.loot.entries.LootPoolSingletonContainer$Serializer.m_5921_(LootPoolSingletonContainer.java:151) ~[server-1.20.1-20230612.114412-srg.jar%23357!/:?]
	at net.minecraft.world.level.storage.loot.entries.LootPoolSingletonContainer$Serializer.m_5921_(LootPoolSingletonContainer.java:129) ~[server-1.20.1-20230612.114412-srg.jar%23357!/:?]
	at net.minecraft.world.level.storage.loot.entries.LootPoolEntryContainer$Serializer.m_7561_(LootPoolEntryContainer.java:86) ~[server-1.20.1-20230612.114412-srg.jar%23357!/:?]
	at net.minecraft.world.level.storage.loot.entries.LootPoolEntryContainer$Serializer.m_7561_(LootPoolEntryContainer.java:74) ~[server-1.20.1-20230612.114412-srg.jar%23357!/:?]
	at net.minecraft.world.level.storage.loot.GsonAdapterFactory$JsonAdapter.deserialize(GsonAdapterFactory.java:102) ~[server-1.20.1-20230612.114412-srg.jar%23357!/:?]
	at com.google.gson.internal.bind.TreeTypeAdapter.read(TreeTypeAdapter.java:76) ~[gson-2.10.jar%2372!/:?]
	at com.google.gson.internal.bind.TypeAdapterRuntimeTypeWrapper.read(TypeAdapterRuntimeTypeWrapper.java:40) ~[gson-2.10.jar%2372!/:?]
	at com.google.gson.internal.bind.ArrayTypeAdapter.read(ArrayTypeAdapter.java:72) ~[gson-2.10.jar%2372!/:?]
	at com.google.gson.Gson.fromJson(Gson.java:1214) ~[gson-2.10.jar%2372!/:?]
	at com.google.gson.Gson.fromJson(Gson.java:1319) ~[gson-2.10.jar%2372!/:?]
	at com.google.gson.Gson.fromJson(Gson.java:1290) ~[gson-2.10.jar%2372!/:?]
	at com.google.gson.internal.bind.TreeTypeAdapter$GsonContextImpl.deserialize(TreeTypeAdapter.java:179) ~[gson-2.10.jar%2372!/:?]
	at net.minecraft.util.GsonHelper.m_13808_(GsonHelper.java:463) ~[server-1.20.1-20230612.114412-srg.jar%23357!/:?]
	at net.minecraft.util.GsonHelper.m_13836_(GsonHelper.java:471) ~[server-1.20.1-20230612.114412-srg.jar%23357!/:?]
	at net.minecraft.world.level.storage.loot.LootPool$Serializer.deserialize(LootPool.java:192) ~[server-1.20.1-20230612.114412-srg.jar%23357!/:?]
	at net.minecraft.world.level.storage.loot.LootPool$Serializer.deserialize(LootPool.java:189) ~[server-1.20.1-20230612.114412-srg.jar%23357!/:?]
	at com.google.gson.internal.bind.TreeTypeAdapter.read(TreeTypeAdapter.java:76) ~[gson-2.10.jar%2372!/:?]
	at com.google.gson.internal.bind.TypeAdapterRuntimeTypeWrapper.read(TypeAdapterRuntimeTypeWrapper.java:40) ~[gson-2.10.jar%2372!/:?]
	at com.google.gson.internal.bind.ArrayTypeAdapter.read(ArrayTypeAdapter.java:72) ~[gson-2.10.jar%2372!/:?]
	at com.google.gson.Gson.fromJson(Gson.java:1214) ~[gson-2.10.jar%2372!/:?]
	at com.google.gson.Gson.fromJson(Gson.java:1319) ~[gson-2.10.jar%2372!/:?]
	at com.google.gson.Gson.fromJson(Gson.java:1290) ~[gson-2.10.jar%2372!/:?]
	at com.google.gson.internal.bind.TreeTypeAdapter$GsonContextImpl.deserialize(TreeTypeAdapter.java:179) ~[gson-2.10.jar%2372!/:?]
	at net.minecraft.util.GsonHelper.m_13808_(GsonHelper.java:463) ~[server-1.20.1-20230612.114412-srg.jar%23357!/:?]
	at net.minecraft.util.GsonHelper.m_13845_(GsonHelper.java:481) ~[server-1.20.1-20230612.114412-srg.jar%23357!/:?]
	at net.minecraft.world.level.storage.loot.LootTable$Serializer.deserialize(LootTable.java:294) ~[server-1.20.1-20230612.114412-srg.jar%23357!/:?]
	at net.minecraft.world.level.storage.loot.LootTable$Serializer.deserialize(LootTable.java:291) ~[server-1.20.1-20230612.114412-srg.jar%23357!/:?]
	at com.google.gson.internal.bind.TreeTypeAdapter.read(TreeTypeAdapter.java:76) ~[gson-2.10.jar%2372!/:?]
	at com.google.gson.Gson.fromJson(Gson.java:1214) ~[gson-2.10.jar%2372!/:?]
	at com.google.gson.Gson.fromJson(Gson.java:1319) ~[gson-2.10.jar%2372!/:?]
	at com.google.gson.Gson.fromJson(Gson.java:1261) ~[gson-2.10.jar%2372!/:?]
	at net.minecraftforge.common.ForgeHooks.loadLootTable(ForgeHooks.java:871) ~[forge-1.20.1-47.3.7-universal.jar%23362!/:?]
	at net.minecraftforge.common.ForgeHooks.lambda$getLootTableDeserializer$3(ForgeHooks.java:848) ~[forge-1.20.1-47.3.7-universal.jar%23362!/:?]
	at net.minecraft.world.level.storage.loot.LootDataType.deserialize(LootDataType.java:45) ~[server-1.20.1-20230612.114412-srg.jar%23357!/:?]
	at net.minecraft.world.level.storage.loot.LootDataManager.lambda$scheduleElementParse$4(LootDataManager.java:56) ~[server-1.20.1-20230612.114412-srg.jar%23357!/:?]
	at java.util.HashMap.forEach(HashMap.java:1421) ~[?:?]
	at net.minecraft.world.level.storage.loot.LootDataManager.m_278660_(LootDataManager.java:55) ~[server-1.20.1-20230612.114412-srg.jar%23357!/:?]
	at java.util.concurrent.CompletableFuture$AsyncRun.run(CompletableFuture.java:1804) ~[?:?]
	at java.util.concurrent.CompletableFuture$AsyncRun.exec(CompletableFuture.java:1796) ~[?:?]
	at java.util.concurrent.ForkJoinTask.doExec(ForkJoinTask.java:373) ~[?:?]
	at java.util.concurrent.ForkJoinPool$WorkQueue.topLevelExec(ForkJoinPool.java:1182) ~[?:?]
	at java.util.concurrent.ForkJoinPool.scan(ForkJoinPool.java:1655) ~[?:?]
	at java.util.concurrent.ForkJoinPool.runWorker(ForkJoinPool.java:1622) ~[?:?]
	at java.util.concurrent.ForkJoinWorkerThread.run(ForkJoinWorkerThread.java:165) ~[?:?]
[04Mar2025 21:57:59.331] [Worker-Main-1/INFO] [Mantle/]: Loaded 0 loot table injectors injecting into 0 tables in 8.672881 ms
[04Mar2025 21:57:59.345] [Worker-Main-3/ERROR] [net.minecraftforge.common.ForgeHooks/]: Couldn't parse element loot_tables:ctov:chests/village/village_forager
com.google.gson.JsonSyntaxException: Missing expand, expected to find a Boolean
	at net.minecraft.util.GsonHelper.m_13912_(GsonHelper.java:181) ~[server-1.20.1-20230612.114412-srg.jar%23357!/:?]
	at net.minecraft.world.level.storage.loot.entries.TagEntry$Serializer.m_7267_(TagEntry.java:86) ~[server-1.20.1-20230612.114412-srg.jar%23357!/:?]
	at net.minecraft.world.level.storage.loot.entries.TagEntry$Serializer.m_7267_(TagEntry.java:72) ~[server-1.20.1-20230612.114412-srg.jar%23357!/:?]
	at net.minecraft.world.level.storage.loot.entries.LootPoolSingletonContainer$Serializer.m_5921_(LootPoolSingletonContainer.java:151) ~[server-1.20.1-20230612.114412-srg.jar%23357!/:?]
	at net.minecraft.world.level.storage.loot.entries.LootPoolSingletonContainer$Serializer.m_5921_(LootPoolSingletonContainer.java:129) ~[server-1.20.1-20230612.114412-srg.jar%23357!/:?]
	at net.minecraft.world.level.storage.loot.entries.LootPoolEntryContainer$Serializer.m_7561_(LootPoolEntryContainer.java:86) ~[server-1.20.1-20230612.114412-srg.jar%23357!/:?]
	at net.minecraft.world.level.storage.loot.entries.LootPoolEntryContainer$Serializer.m_7561_(LootPoolEntryContainer.java:74) ~[server-1.20.1-20230612.114412-srg.jar%23357!/:?]
	at net.minecraft.world.level.storage.loot.GsonAdapterFactory$JsonAdapter.deserialize(GsonAdapterFactory.java:102) ~[server-1.20.1-20230612.114412-srg.jar%23357!/:?]
	at com.google.gson.internal.bind.TreeTypeAdapter.read(TreeTypeAdapter.java:76) ~[gson-2.10.jar%2372!/:?]
	at com.google.gson.internal.bind.TypeAdapterRuntimeTypeWrapper.read(TypeAdapterRuntimeTypeWrapper.java:40) ~[gson-2.10.jar%2372!/:?]
	at com.google.gson.internal.bind.ArrayTypeAdapter.read(ArrayTypeAdapter.java:72) ~[gson-2.10.jar%2372!/:?]
	at com.google.gson.Gson.fromJson(Gson.java:1214) ~[gson-2.10.jar%2372!/:?]
	at com.google.gson.Gson.fromJson(Gson.java:1319) ~[gson-2.10.jar%2372!/:?]
	at com.google.gson.Gson.fromJson(Gson.java:1290) ~[gson-2.10.jar%2372!/:?]
	at com.google.gson.internal.bind.TreeTypeAdapter$GsonContextImpl.deserialize(TreeTypeAdapter.java:179) ~[gson-2.10.jar%2372!/:?]
	at net.minecraft.util.GsonHelper.m_13808_(GsonHelper.java:463) ~[server-1.20.1-20230612.114412-srg.jar%23357!/:?]
	at net.minecraft.util.GsonHelper.m_13836_(GsonHelper.java:471) ~[server-1.20.1-20230612.114412-srg.jar%23357!/:?]
	at net.minecraft.world.level.storage.loot.LootPool$Serializer.deserialize(LootPool.java:192) ~[server-1.20.1-20230612.114412-srg.jar%23357!/:?]
	at net.minecraft.world.level.storage.loot.LootPool$Serializer.deserialize(LootPool.java:189) ~[server-1.20.1-20230612.114412-srg.jar%23357!/:?]
	at com.google.gson.internal.bind.TreeTypeAdapter.read(TreeTypeAdapter.java:76) ~[gson-2.10.jar%2372!/:?]
	at com.google.gson.internal.bind.TypeAdapterRuntimeTypeWrapper.read(TypeAdapterRuntimeTypeWrapper.java:40) ~[gson-2.10.jar%2372!/:?]
	at com.google.gson.internal.bind.ArrayTypeAdapter.read(ArrayTypeAdapter.java:72) ~[gson-2.10.jar%2372!/:?]
	at com.google.gson.Gson.fromJson(Gson.java:1214) ~[gson-2.10.jar%2372!/:?]
	at com.google.gson.Gson.fromJson(Gson.java:1319) ~[gson-2.10.jar%2372!/:?]
	at com.google.gson.Gson.fromJson(Gson.java:1290) ~[gson-2.10.jar%2372!/:?]
	at com.google.gson.internal.bind.TreeTypeAdapter$GsonContextImpl.deserialize(TreeTypeAdapter.java:179) ~[gson-2.10.jar%2372!/:?]
	at net.minecraft.util.GsonHelper.m_13808_(GsonHelper.java:463) ~[server-1.20.1-20230612.114412-srg.jar%23357!/:?]
	at net.minecraft.util.GsonHelper.m_13845_(GsonHelper.java:481) ~[server-1.20.1-20230612.114412-srg.jar%23357!/:?]
	at net.minecraft.world.level.storage.loot.LootTable$Serializer.deserialize(LootTable.java:294) ~[server-1.20.1-20230612.114412-srg.jar%23357!/:?]
	at net.minecraft.world.level.storage.loot.LootTable$Serializer.deserialize(LootTable.java:291) ~[server-1.20.1-20230612.114412-srg.jar%23357!/:?]
	at com.google.gson.internal.bind.TreeTypeAdapter.read(TreeTypeAdapter.java:76) ~[gson-2.10.jar%2372!/:?]
	at com.google.gson.Gson.fromJson(Gson.java:1214) ~[gson-2.10.jar%2372!/:?]
	at com.google.gson.Gson.fromJson(Gson.java:1319) ~[gson-2.10.jar%2372!/:?]
	at com.google.gson.Gson.fromJson(Gson.java:1261) ~[gson-2.10.jar%2372!/:?]
	at net.minecraftforge.common.ForgeHooks.loadLootTable(ForgeHooks.java:871) ~[forge-1.20.1-47.3.7-universal.jar%23362!/:?]
	at net.minecraftforge.common.ForgeHooks.lambda$getLootTableDeserializer$3(ForgeHooks.java:848) ~[forge-1.20.1-47.3.7-universal.jar%23362!/:?]
	at net.minecraft.world.level.storage.loot.LootDataType.deserialize(LootDataType.java:45) ~[server-1.20.1-20230612.114412-srg.jar%23357!/:?]
	at net.minecraft.world.level.storage.loot.LootDataManager.lambda$scheduleElementParse$4(LootDataManager.java:56) ~[server-1.20.1-20230612.114412-srg.jar%23357!/:?]
	at java.util.HashMap.forEach(HashMap.java:1421) ~[?:?]
	at net.minecraft.world.level.storage.loot.LootDataManager.m_278660_(LootDataManager.java:55) ~[server-1.20.1-20230612.114412-srg.jar%23357!/:?]
	at java.util.concurrent.CompletableFuture$AsyncRun.run(CompletableFuture.java:1804) ~[?:?]
	at java.util.concurrent.CompletableFuture$AsyncRun.exec(CompletableFuture.java:1796) ~[?:?]
	at java.util.concurrent.ForkJoinTask.doExec(ForkJoinTask.java:373) ~[?:?]
	at java.util.concurrent.ForkJoinPool$WorkQueue.topLevelExec(ForkJoinPool.java:1182) ~[?:?]
	at java.util.concurrent.ForkJoinPool.scan(ForkJoinPool.java:1655) ~[?:?]
	at java.util.concurrent.ForkJoinPool.runWorker(ForkJoinPool.java:1622) ~[?:?]
	at java.util.concurrent.ForkJoinWorkerThread.run(ForkJoinWorkerThread.java:165) ~[?:?]
[04Mar2025 21:57:59.352] [Worker-Main-3/ERROR] [net.minecraftforge.common.ForgeHooks/]: Couldn't parse element loot_tables:mynethersdelight:blocks/blackstone_cooking_pot
com.google.gson.JsonSyntaxException: Unknown type 'mynethersdelight:copy_meal'
	at net.minecraft.world.level.storage.loot.GsonAdapterFactory$JsonAdapter.deserialize(GsonAdapterFactory.java:99) ~[server-1.20.1-20230612.114412-srg.jar%23357!/:?]
	at com.google.gson.internal.bind.TreeTypeAdapter.read(TreeTypeAdapter.java:76) ~[gson-2.10.jar%2372!/:?]
	at com.google.gson.internal.bind.TypeAdapterRuntimeTypeWrapper.read(TypeAdapterRuntimeTypeWrapper.java:40) ~[gson-2.10.jar%2372!/:?]
	at com.google.gson.internal.bind.ArrayTypeAdapter.read(ArrayTypeAdapter.java:72) ~[gson-2.10.jar%2372!/:?]
	at com.google.gson.Gson.fromJson(Gson.java:1214) ~[gson-2.10.jar%2372!/:?]
	at com.google.gson.Gson.fromJson(Gson.java:1319) ~[gson-2.10.jar%2372!/:?]
	at com.google.gson.Gson.fromJson(Gson.java:1290) ~[gson-2.10.jar%2372!/:?]
	at com.google.gson.internal.bind.TreeTypeAdapter$GsonContextImpl.deserialize(TreeTypeAdapter.java:179) ~[gson-2.10.jar%2372!/:?]
	at net.minecraft.util.GsonHelper.m_13808_(GsonHelper.java:463) ~[server-1.20.1-20230612.114412-srg.jar%23357!/:?]
	at net.minecraft.util.GsonHelper.m_13845_(GsonHelper.java:481) ~[server-1.20.1-20230612.114412-srg.jar%23357!/:?]
	at net.minecraft.world.level.storage.loot.entries.LootPoolSingletonContainer$Serializer.m_5921_(LootPoolSingletonContainer.java:149) ~[server-1.20.1-20230612.114412-srg.jar%23357!/:?]
	at net.minecraft.world.level.storage.loot.entries.LootPoolSingletonContainer$Serializer.m_5921_(LootPoolSingletonContainer.java:129) ~[server-1.20.1-20230612.114412-srg.jar%23357!/:?]
	at net.minecraft.world.level.storage.loot.entries.LootPoolEntryContainer$Serializer.m_7561_(LootPoolEntryContainer.java:86) ~[server-1.20.1-20230612.114412-srg.jar%23357!/:?]
	at net.minecraft.world.level.storage.loot.entries.LootPoolEntryContainer$Serializer.m_7561_(LootPoolEntryContainer.java:74) ~[server-1.20.1-20230612.114412-srg.jar%23357!/:?]
	at net.minecraft.world.level.storage.loot.GsonAdapterFactory$JsonAdapter.deserialize(GsonAdapterFactory.java:102) ~[server-1.20.1-20230612.114412-srg.jar%23357!/:?]
	at com.google.gson.internal.bind.TreeTypeAdapter.read(TreeTypeAdapter.java:76) ~[gson-2.10.jar%2372!/:?]
	at com.google.gson.internal.bind.TypeAdapterRuntimeTypeWrapper.read(TypeAdapterRuntimeTypeWrapper.java:40) ~[gson-2.10.jar%2372!/:?]
	at com.google.gson.internal.bind.ArrayTypeAdapter.read(ArrayTypeAdapter.java:72) ~[gson-2.10.jar%2372!/:?]
	at com.google.gson.Gson.fromJson(Gson.java:1214) ~[gson-2.10.jar%2372!/:?]
	at com.google.gson.Gson.fromJson(Gson.java:1319) ~[gson-2.10.jar%2372!/:?]
	at com.google.gson.Gson.fromJson(Gson.java:1290) ~[gson-2.10.jar%2372!/:?]
	at com.google.gson.internal.bind.TreeTypeAdapter$GsonContextImpl.deserialize(TreeTypeAdapter.java:179) ~[gson-2.10.jar%2372!/:?]
	at net.minecraft.util.GsonHelper.m_13808_(GsonHelper.java:463) ~[server-1.20.1-20230612.114412-srg.jar%23357!/:?]
	at net.minecraft.util.GsonHelper.m_13836_(GsonHelper.java:471) ~[server-1.20.1-20230612.114412-srg.jar%23357!/:?]
	at net.minecraft.world.level.storage.loot.LootPool$Serializer.deserialize(LootPool.java:192) ~[server-1.20.1-20230612.114412-srg.jar%23357!/:?]
	at net.minecraft.world.level.storage.loot.LootPool$Serializer.deserialize(LootPool.java:189) ~[server-1.20.1-20230612.114412-srg.jar%23357!/:?]
	at com.google.gson.internal.bind.TreeTypeAdapter.read(TreeTypeAdapter.java:76) ~[gson-2.10.jar%2372!/:?]
	at com.google.gson.internal.bind.TypeAdapterRuntimeTypeWrapper.read(TypeAdapterRuntimeTypeWrapper.java:40) ~[gson-2.10.jar%2372!/:?]
	at com.google.gson.internal.bind.ArrayTypeAdapter.read(ArrayTypeAdapter.java:72) ~[gson-2.10.jar%2372!/:?]
	at com.google.gson.Gson.fromJson(Gson.java:1214) ~[gson-2.10.jar%2372!/:?]
	at com.google.gson.Gson.fromJson(Gson.java:1319) ~[gson-2.10.jar%2372!/:?]
	at com.google.gson.Gson.fromJson(Gson.java:1290) ~[gson-2.10.jar%2372!/:?]
	at com.google.gson.internal.bind.TreeTypeAdapter$GsonContextImpl.deserialize(TreeTypeAdapter.java:179) ~[gson-2.10.jar%2372!/:?]
	at net.minecraft.util.GsonHelper.m_13808_(GsonHelper.java:463) ~[server-1.20.1-20230612.114412-srg.jar%23357!/:?]
	at net.minecraft.util.GsonHelper.m_13845_(GsonHelper.java:481) ~[server-1.20.1-20230612.114412-srg.jar%23357!/:?]
	at net.minecraft.world.level.storage.loot.LootTable$Serializer.deserialize(LootTable.java:294) ~[server-1.20.1-20230612.114412-srg.jar%23357!/:?]
	at net.minecraft.world.level.storage.loot.LootTable$Serializer.deserialize(LootTable.java:291) ~[server-1.20.1-20230612.114412-srg.jar%23357!/:?]
	at com.google.gson.internal.bind.TreeTypeAdapter.read(TreeTypeAdapter.java:76) ~[gson-2.10.jar%2372!/:?]
	at com.google.gson.Gson.fromJson(Gson.java:1214) ~[gson-2.10.jar%2372!/:?]
	at com.google.gson.Gson.fromJson(Gson.java:1319) ~[gson-2.10.jar%2372!/:?]
	at com.google.gson.Gson.fromJson(Gson.java:1261) ~[gson-2.10.jar%2372!/:?]
	at net.minecraftforge.common.ForgeHooks.loadLootTable(ForgeHooks.java:871) ~[forge-1.20.1-47.3.7-universal.jar%23362!/:?]
	at net.minecraftforge.common.ForgeHooks.lambda$getLootTableDeserializer$3(ForgeHooks.java:848) ~[forge-1.20.1-47.3.7-universal.jar%23362!/:?]
	at net.minecraft.world.level.storage.loot.LootDataType.deserialize(LootDataType.java:45) ~[server-1.20.1-20230612.114412-srg.jar%23357!/:?]
	at net.minecraft.world.level.storage.loot.LootDataManager.lambda$scheduleElementParse$4(LootDataManager.java:56) ~[server-1.20.1-20230612.114412-srg.jar%23357!/:?]
	at java.util.HashMap.forEach(HashMap.java:1421) ~[?:?]
	at net.minecraft.world.level.storage.loot.LootDataManager.m_278660_(LootDataManager.java:55) ~[server-1.20.1-20230612.114412-srg.jar%23357!/:?]
	at java.util.concurrent.CompletableFuture$AsyncRun.run(CompletableFuture.java:1804) ~[?:?]
	at java.util.concurrent.CompletableFuture$AsyncRun.exec(CompletableFuture.java:1796) ~[?:?]
	at java.util.concurrent.ForkJoinTask.doExec(ForkJoinTask.java:373) ~[?:?]
	at java.util.concurrent.ForkJoinPool$WorkQueue.topLevelExec(ForkJoinPool.java:1182) ~[?:?]
	at java.util.concurrent.ForkJoinPool.scan(ForkJoinPool.java:1655) ~[?:?]
	at java.util.concurrent.ForkJoinPool.runWorker(ForkJoinPool.java:1622) ~[?:?]
	at java.util.concurrent.ForkJoinWorkerThread.run(ForkJoinWorkerThread.java:165) ~[?:?]
[04Mar2025 21:57:59.377] [Worker-Main-3/ERROR] [net.minecraftforge.common.ForgeHooks/]: Couldn't parse element loot_tables:culturaldelights:blocks/avocado_leaves
com.google.gson.JsonSyntaxException: Unknown type 'minecraft:alternative'
	at net.minecraft.world.level.storage.loot.GsonAdapterFactory$JsonAdapter.deserialize(GsonAdapterFactory.java:99) ~[server-1.20.1-20230612.114412-srg.jar%23357!/:?]
	at com.google.gson.internal.bind.TreeTypeAdapter.read(TreeTypeAdapter.java:76) ~[gson-2.10.jar%2372!/:?]
	at com.google.gson.internal.bind.TypeAdapterRuntimeTypeWrapper.read(TypeAdapterRuntimeTypeWrapper.java:40) ~[gson-2.10.jar%2372!/:?]
	at com.google.gson.internal.bind.ArrayTypeAdapter.read(ArrayTypeAdapter.java:72) ~[gson-2.10.jar%2372!/:?]
	at com.google.gson.Gson.fromJson(Gson.java:1214) ~[gson-2.10.jar%2372!/:?]
	at com.google.gson.Gson.fromJson(Gson.java:1319) ~[gson-2.10.jar%2372!/:?]
	at com.google.gson.Gson.fromJson(Gson.java:1290) ~[gson-2.10.jar%2372!/:?]
	at com.google.gson.internal.bind.TreeTypeAdapter$GsonContextImpl.deserialize(TreeTypeAdapter.java:179) ~[gson-2.10.jar%2372!/:?]
	at net.minecraft.util.GsonHelper.m_13808_(GsonHelper.java:463) ~[server-1.20.1-20230612.114412-srg.jar%23357!/:?]
	at net.minecraft.util.GsonHelper.m_13845_(GsonHelper.java:481) ~[server-1.20.1-20230612.114412-srg.jar%23357!/:?]
	at net.minecraft.world.level.storage.loot.entries.LootPoolEntryContainer$Serializer.m_7561_(LootPoolEntryContainer.java:85) ~[server-1.20.1-20230612.114412-srg.jar%23357!/:?]
	at net.minecraft.world.level.storage.loot.entries.LootPoolEntryContainer$Serializer.m_7561_(LootPoolEntryContainer.java:74) ~[server-1.20.1-20230612.114412-srg.jar%23357!/:?]
	at net.minecraft.world.level.storage.loot.GsonAdapterFactory$JsonAdapter.deserialize(GsonAdapterFactory.java:102) ~[server-1.20.1-20230612.114412-srg.jar%23357!/:?]
	at com.google.gson.internal.bind.TreeTypeAdapter.read(TreeTypeAdapter.java:76) ~[gson-2.10.jar%2372!/:?]
	at com.google.gson.internal.bind.TypeAdapterRuntimeTypeWrapper.read(TypeAdapterRuntimeTypeWrapper.java:40) ~[gson-2.10.jar%2372!/:?]
	at com.google.gson.internal.bind.ArrayTypeAdapter.read(ArrayTypeAdapter.java:72) ~[gson-2.10.jar%2372!/:?]
	at com.google.gson.Gson.fromJson(Gson.java:1214) ~[gson-2.10.jar%2372!/:?]
	at com.google.gson.Gson.fromJson(Gson.java:1319) ~[gson-2.10.jar%2372!/:?]
	at com.google.gson.Gson.fromJson(Gson.java:1290) ~[gson-2.10.jar%2372!/:?]
	at com.google.gson.internal.bind.TreeTypeAdapter$GsonContextImpl.deserialize(TreeTypeAdapter.java:179) ~[gson-2.10.jar%2372!/:?]
	at net.minecraft.util.GsonHelper.m_13808_(GsonHelper.java:463) ~[server-1.20.1-20230612.114412-srg.jar%23357!/:?]
	at net.minecraft.util.GsonHelper.m_13836_(GsonHelper.java:471) ~[server-1.20.1-20230612.114412-srg.jar%23357!/:?]
	at net.minecraft.world.level.storage.loot.entries.CompositeEntryBase$1.m_5921_(CompositeEntryBase.java:61) ~[server-1.20.1-20230612.114412-srg.jar%23357!/:?]
	at net.minecraft.world.level.storage.loot.entries.CompositeEntryBase$1.m_5921_(CompositeEntryBase.java:53) ~[server-1.20.1-20230612.114412-srg.jar%23357!/:?]
	at net.minecraft.world.level.storage.loot.entries.LootPoolEntryContainer$Serializer.m_7561_(LootPoolEntryContainer.java:86) ~[server-1.20.1-20230612.114412-srg.jar%23357!/:?]
	at net.minecraft.world.level.storage.loot.entries.LootPoolEntryContainer$Serializer.m_7561_(LootPoolEntryContainer.java:74) ~[server-1.20.1-20230612.114412-srg.jar%23357!/:?]
	at net.minecraft.world.level.storage.loot.GsonAdapterFactory$JsonAdapter.deserialize(GsonAdapterFactory.java:102) ~[server-1.20.1-20230612.114412-srg.jar%23357!/:?]
	at com.google.gson.internal.bind.TreeTypeAdapter.read(TreeTypeAdapter.java:76) ~[gson-2.10.jar%2372!/:?]
	at com.google.gson.internal.bind.TypeAdapterRuntimeTypeWrapper.read(TypeAdapterRuntimeTypeWrapper.java:40) ~[gson-2.10.jar%2372!/:?]
	at com.google.gson.internal.bind.ArrayTypeAdapter.read(ArrayTypeAdapter.java:72) ~[gson-2.10.jar%2372!/:?]
	at com.google.gson.Gson.fromJson(Gson.java:1214) ~[gson-2.10.jar%2372!/:?]
	at com.google.gson.Gson.fromJson(Gson.java:1319) ~[gson-2.10.jar%2372!/:?]
	at com.google.gson.Gson.fromJson(Gson.java:1290) ~[gson-2.10.jar%2372!/:?]
	at com.google.gson.internal.bind.TreeTypeAdapter$GsonContextImpl.deserialize(TreeTypeAdapter.java:179) ~[gson-2.10.jar%2372!/:?]
	at net.minecraft.util.GsonHelper.m_13808_(GsonHelper.java:463) ~[server-1.20.1-20230612.114412-srg.jar%23357!/:?]
	at net.minecraft.util.GsonHelper.m_13836_(GsonHelper.java:471) ~[server-1.20.1-20230612.114412-srg.jar%23357!/:?]
	at net.minecraft.world.level.storage.loot.LootPool$Serializer.deserialize(LootPool.java:192) ~[server-1.20.1-20230612.114412-srg.jar%23357!/:?]
	at net.minecraft.world.level.storage.loot.LootPool$Serializer.deserialize(LootPool.java:189) ~[server-1.20.1-20230612.114412-srg.jar%23357!/:?]
	at com.google.gson.internal.bind.TreeTypeAdapter.read(TreeTypeAdapter.java:76) ~[gson-2.10.jar%2372!/:?]
	at com.google.gson.internal.bind.TypeAdapterRuntimeTypeWrapper.read(TypeAdapterRuntimeTypeWrapper.java:40) ~[gson-2.10.jar%2372!/:?]
	at com.google.gson.internal.bind.ArrayTypeAdapter.read(ArrayTypeAdapter.java:72) ~[gson-2.10.jar%2372!/:?]
	at com.google.gson.Gson.fromJson(Gson.java:1214) ~[gson-2.10.jar%2372!/:?]
	at com.google.gson.Gson.fromJson(Gson.java:1319) ~[gson-2.10.jar%2372!/:?]
	at com.google.gson.Gson.fromJson(Gson.java:1290) ~[gson-2.10.jar%2372!/:?]
	at com.google.gson.internal.bind.TreeTypeAdapter$GsonContextImpl.deserialize(TreeTypeAdapter.java:179) ~[gson-2.10.jar%2372!/:?]
	at net.minecraft.util.GsonHelper.m_13808_(GsonHelper.java:463) ~[server-1.20.1-20230612.114412-srg.jar%23357!/:?]
	at net.minecraft.util.GsonHelper.m_13845_(GsonHelper.java:481) ~[server-1.20.1-20230612.114412-srg.jar%23357!/:?]
	at net.minecraft.world.level.storage.loot.LootTable$Serializer.deserialize(LootTable.java:294) ~[server-1.20.1-20230612.114412-srg.jar%23357!/:?]
	at net.minecraft.world.level.storage.loot.LootTable$Serializer.deserialize(LootTable.java:291) ~[server-1.20.1-20230612.114412-srg.jar%23357!/:?]
	at com.google.gson.internal.bind.TreeTypeAdapter.read(TreeTypeAdapter.java:76) ~[gson-2.10.jar%2372!/:?]
	at com.google.gson.Gson.fromJson(Gson.java:1214) ~[gson-2.10.jar%2372!/:?]
	at com.google.gson.Gson.fromJson(Gson.java:1319) ~[gson-2.10.jar%2372!/:?]
	at com.google.gson.Gson.fromJson(Gson.java:1261) ~[gson-2.10.jar%2372!/:?]
	at net.minecraftforge.common.ForgeHooks.loadLootTable(ForgeHooks.java:871) ~[forge-1.20.1-47.3.7-universal.jar%23362!/:?]
	at net.minecraftforge.common.ForgeHooks.lambda$getLootTableDeserializer$3(ForgeHooks.java:848) ~[forge-1.20.1-47.3.7-universal.jar%23362!/:?]
	at net.minecraft.world.level.storage.loot.LootDataType.deserialize(LootDataType.java:45) ~[server-1.20.1-20230612.114412-srg.jar%23357!/:?]
	at net.minecraft.world.level.storage.loot.LootDataManager.lambda$scheduleElementParse$4(LootDataManager.java:56) ~[server-1.20.1-20230612.114412-srg.jar%23357!/:?]
	at java.util.HashMap.forEach(HashMap.java:1421) ~[?:?]
	at net.minecraft.world.level.storage.loot.LootDataManager.m_278660_(LootDataManager.java:55) ~[server-1.20.1-20230612.114412-srg.jar%23357!/:?]
	at java.util.concurrent.CompletableFuture$AsyncRun.run(CompletableFuture.java:1804) ~[?:?]
	at java.util.concurrent.CompletableFuture$AsyncRun.exec(CompletableFuture.java:1796) ~[?:?]
	at java.util.concurrent.ForkJoinTask.doExec(ForkJoinTask.java:373) ~[?:?]
	at java.util.concurrent.ForkJoinPool$WorkQueue.topLevelExec(ForkJoinPool.java:1182) ~[?:?]
	at java.util.concurrent.ForkJoinPool.scan(ForkJoinPool.java:1655) ~[?:?]
	at java.util.concurrent.ForkJoinPool.runWorker(ForkJoinPool.java:1622) ~[?:?]
	at java.util.concurrent.ForkJoinWorkerThread.run(ForkJoinWorkerThread.java:165) ~[?:?]
[04Mar2025 21:57:59.423] [Worker-Main-3/ERROR] [net.minecraftforge.common.ForgeHooks/]: Couldn't parse element loot_tables:twilightdelight:blocks/torchberry_cake
com.google.gson.JsonSyntaxException: Expected name to be an item, was unknown string 'twilightdelight:torchberry_cake_slice'
	at net.minecraft.util.GsonHelper.m_13866_(GsonHelper.java:145) ~[server-1.20.1-20230612.114412-srg.jar%23357!/:?]
	at java.util.Optional.orElseThrow(Optional.java:403) ~[?:?]
	at net.minecraft.util.GsonHelper.m_13874_(GsonHelper.java:145) ~[server-1.20.1-20230612.114412-srg.jar%23357!/:?]
	at net.minecraft.util.GsonHelper.m_13909_(GsonHelper.java:153) ~[server-1.20.1-20230612.114412-srg.jar%23357!/:?]
	at net.minecraft.world.level.storage.loot.entries.LootItem$Serializer.m_7267_(LootItem.java:55) ~[server-1.20.1-20230612.114412-srg.jar%23357!/:?]
	at net.minecraft.world.level.storage.loot.entries.LootItem$Serializer.m_7267_(LootItem.java:40) ~[server-1.20.1-20230612.114412-srg.jar%23357!/:?]
	at net.minecraft.world.level.storage.loot.entries.LootPoolSingletonContainer$Serializer.m_5921_(LootPoolSingletonContainer.java:151) ~[server-1.20.1-20230612.114412-srg.jar%23357!/:?]
	at net.minecraft.world.level.storage.loot.entries.LootPoolSingletonContainer$Serializer.m_5921_(LootPoolSingletonContainer.java:129) ~[server-1.20.1-20230612.114412-srg.jar%23357!/:?]
	at net.minecraft.world.level.storage.loot.entries.LootPoolEntryContainer$Serializer.m_7561_(LootPoolEntryContainer.java:86) ~[server-1.20.1-20230612.114412-srg.jar%23357!/:?]
	at net.minecraft.world.level.storage.loot.entries.LootPoolEntryContainer$Serializer.m_7561_(LootPoolEntryContainer.java:74) ~[server-1.20.1-20230612.114412-srg.jar%23357!/:?]
	at net.minecraft.world.level.storage.loot.GsonAdapterFactory$JsonAdapter.deserialize(GsonAdapterFactory.java:102) ~[server-1.20.1-20230612.114412-srg.jar%23357!/:?]
	at com.google.gson.internal.bind.TreeTypeAdapter.read(TreeTypeAdapter.java:76) ~[gson-2.10.jar%2372!/:?]
	at com.google.gson.internal.bind.TypeAdapterRuntimeTypeWrapper.read(TypeAdapterRuntimeTypeWrapper.java:40) ~[gson-2.10.jar%2372!/:?]
	at com.google.gson.internal.bind.ArrayTypeAdapter.read(ArrayTypeAdapter.java:72) ~[gson-2.10.jar%2372!/:?]
	at com.google.gson.Gson.fromJson(Gson.java:1214) ~[gson-2.10.jar%2372!/:?]
	at com.google.gson.Gson.fromJson(Gson.java:1319) ~[gson-2.10.jar%2372!/:?]
	at com.google.gson.Gson.fromJson(Gson.java:1290) ~[gson-2.10.jar%2372!/:?]
	at com.google.gson.internal.bind.TreeTypeAdapter$GsonContextImpl.deserialize(TreeTypeAdapter.java:179) ~[gson-2.10.jar%2372!/:?]
	at net.minecraft.util.GsonHelper.m_13808_(GsonHelper.java:463) ~[server-1.20.1-20230612.114412-srg.jar%23357!/:?]
	at net.minecraft.util.GsonHelper.m_13836_(GsonHelper.java:471) ~[server-1.20.1-20230612.114412-srg.jar%23357!/:?]
	at net.minecraft.world.level.storage.loot.LootPool$Serializer.deserialize(LootPool.java:192) ~[server-1.20.1-20230612.114412-srg.jar%23357!/:?]
	at net.minecraft.world.level.storage.loot.LootPool$Serializer.deserialize(LootPool.java:189) ~[server-1.20.1-20230612.114412-srg.jar%23357!/:?]
	at com.google.gson.internal.bind.TreeTypeAdapter.read(TreeTypeAdapter.java:76) ~[gson-2.10.jar%2372!/:?]
	at com.google.gson.internal.bind.TypeAdapterRuntimeTypeWrapper.read(TypeAdapterRuntimeTypeWrapper.java:40) ~[gson-2.10.jar%2372!/:?]
	at com.google.gson.internal.bind.ArrayTypeAdapter.read(ArrayTypeAdapter.java:72) ~[gson-2.10.jar%2372!/:?]
	at com.google.gson.Gson.fromJson(Gson.java:1214) ~[gson-2.10.jar%2372!/:?]
	at com.google.gson.Gson.fromJson(Gson.java:1319) ~[gson-2.10.jar%2372!/:?]
	at com.google.gson.Gson.fromJson(Gson.java:1290) ~[gson-2.10.jar%2372!/:?]
	at com.google.gson.internal.bind.TreeTypeAdapter$GsonContextImpl.deserialize(TreeTypeAdapter.java:179) ~[gson-2.10.jar%2372!/:?]
	at net.minecraft.util.GsonHelper.m_13808_(GsonHelper.java:463) ~[server-1.20.1-20230612.114412-srg.jar%23357!/:?]
	at net.minecraft.util.GsonHelper.m_13845_(GsonHelper.java:481) ~[server-1.20.1-20230612.114412-srg.jar%23357!/:?]
	at net.minecraft.world.level.storage.loot.LootTable$Serializer.deserialize(LootTable.java:294) ~[server-1.20.1-20230612.114412-srg.jar%23357!/:?]
	at net.minecraft.world.level.storage.loot.LootTable$Serializer.deserialize(LootTable.java:291) ~[server-1.20.1-20230612.114412-srg.jar%23357!/:?]
	at com.google.gson.internal.bind.TreeTypeAdapter.read(TreeTypeAdapter.java:76) ~[gson-2.10.jar%2372!/:?]
	at com.google.gson.Gson.fromJson(Gson.java:1214) ~[gson-2.10.jar%2372!/:?]
	at com.google.gson.Gson.fromJson(Gson.java:1319) ~[gson-2.10.jar%2372!/:?]
	at com.google.gson.Gson.fromJson(Gson.java:1261) ~[gson-2.10.jar%2372!/:?]
	at net.minecraftforge.common.ForgeHooks.loadLootTable(ForgeHooks.java:871) ~[forge-1.20.1-47.3.7-universal.jar%23362!/:?]
	at net.minecraftforge.common.ForgeHooks.lambda$getLootTableDeserializer$3(ForgeHooks.java:848) ~[forge-1.20.1-47.3.7-universal.jar%23362!/:?]
	at net.minecraft.world.level.storage.loot.LootDataType.deserialize(LootDataType.java:45) ~[server-1.20.1-20230612.114412-srg.jar%23357!/:?]
	at net.minecraft.world.level.storage.loot.LootDataManager.lambda$scheduleElementParse$4(LootDataManager.java:56) ~[server-1.20.1-20230612.114412-srg.jar%23357!/:?]
	at java.util.HashMap.forEach(HashMap.java:1421) ~[?:?]
	at net.minecraft.world.level.storage.loot.LootDataManager.m_278660_(LootDataManager.java:55) ~[server-1.20.1-20230612.114412-srg.jar%23357!/:?]
	at java.util.concurrent.CompletableFuture$AsyncRun.run(CompletableFuture.java:1804) ~[?:?]
	at java.util.concurrent.CompletableFuture$AsyncRun.exec(CompletableFuture.java:1796) ~[?:?]
	at java.util.concurrent.ForkJoinTask.doExec(ForkJoinTask.java:373) ~[?:?]
	at java.util.concurrent.ForkJoinPool$WorkQueue.topLevelExec(ForkJoinPool.java:1182) ~[?:?]
	at java.util.concurrent.ForkJoinPool.scan(ForkJoinPool.java:1655) ~[?:?]
	at java.util.concurrent.ForkJoinPool.runWorker(ForkJoinPool.java:1622) ~[?:?]
	at java.util.concurrent.ForkJoinWorkerThread.run(ForkJoinWorkerThread.java:165) ~[?:?]
[04Mar2025 21:57:59.444] [Worker-Main-3/ERROR] [net.minecraftforge.common.ForgeHooks/]: Couldn't parse element loot_tables:hauntedharvest:blocks/soul_jack_o_lantern
com.google.gson.JsonSyntaxException: Expected name to be an item, was unknown string 'hauntedharvest:soul_jack_o_lantern'
	at net.minecraft.util.GsonHelper.m_13866_(GsonHelper.java:145) ~[server-1.20.1-20230612.114412-srg.jar%23357!/:?]
	at java.util.Optional.orElseThrow(Optional.java:403) ~[?:?]
	at net.minecraft.util.GsonHelper.m_13874_(GsonHelper.java:145) ~[server-1.20.1-20230612.114412-srg.jar%23357!/:?]
	at net.minecraft.util.GsonHelper.m_13909_(GsonHelper.java:153) ~[server-1.20.1-20230612.114412-srg.jar%23357!/:?]
	at net.minecraft.world.level.storage.loot.entries.LootItem$Serializer.m_7267_(LootItem.java:55) ~[server-1.20.1-20230612.114412-srg.jar%23357!/:?]
	at net.minecraft.world.level.storage.loot.entries.LootItem$Serializer.m_7267_(LootItem.java:40) ~[server-1.20.1-20230612.114412-srg.jar%23357!/:?]
	at net.minecraft.world.level.storage.loot.entries.LootPoolSingletonContainer$Serializer.m_5921_(LootPoolSingletonContainer.java:151) ~[server-1.20.1-20230612.114412-srg.jar%23357!/:?]
	at net.minecraft.world.level.storage.loot.entries.LootPoolSingletonContainer$Serializer.m_5921_(LootPoolSingletonContainer.java:129) ~[server-1.20.1-20230612.114412-srg.jar%23357!/:?]
	at net.minecraft.world.level.storage.loot.entries.LootPoolEntryContainer$Serializer.m_7561_(LootPoolEntryContainer.java:86) ~[server-1.20.1-20230612.114412-srg.jar%23357!/:?]
	at net.minecraft.world.level.storage.loot.entries.LootPoolEntryContainer$Serializer.m_7561_(LootPoolEntryContainer.java:74) ~[server-1.20.1-20230612.114412-srg.jar%23357!/:?]
	at net.minecraft.world.level.storage.loot.GsonAdapterFactory$JsonAdapter.deserialize(GsonAdapterFactory.java:102) ~[server-1.20.1-20230612.114412-srg.jar%23357!/:?]
	at com.google.gson.internal.bind.TreeTypeAdapter.read(TreeTypeAdapter.java:76) ~[gson-2.10.jar%2372!/:?]
	at com.google.gson.internal.bind.TypeAdapterRuntimeTypeWrapper.read(TypeAdapterRuntimeTypeWrapper.java:40) ~[gson-2.10.jar%2372!/:?]
	at com.google.gson.internal.bind.ArrayTypeAdapter.read(ArrayTypeAdapter.java:72) ~[gson-2.10.jar%2372!/:?]
	at com.google.gson.Gson.fromJson(Gson.java:1214) ~[gson-2.10.jar%2372!/:?]
	at com.google.gson.Gson.fromJson(Gson.java:1319) ~[gson-2.10.jar%2372!/:?]
	at com.google.gson.Gson.fromJson(Gson.java:1290) ~[gson-2.10.jar%2372!/:?]
	at com.google.gson.internal.bind.TreeTypeAdapter$GsonContextImpl.deserialize(TreeTypeAdapter.java:179) ~[gson-2.10.jar%2372!/:?]
	at net.minecraft.util.GsonHelper.m_13808_(GsonHelper.java:463) ~[server-1.20.1-20230612.114412-srg.jar%23357!/:?]
	at net.minecraft.util.GsonHelper.m_13836_(GsonHelper.java:471) ~[server-1.20.1-20230612.114412-srg.jar%23357!/:?]
	at net.minecraft.world.level.storage.loot.LootPool$Serializer.deserialize(LootPool.java:192) ~[server-1.20.1-20230612.114412-srg.jar%23357!/:?]
	at net.minecraft.world.level.storage.loot.LootPool$Serializer.deserialize(LootPool.java:189) ~[server-1.20.1-20230612.114412-srg.jar%23357!/:?]
	at com.google.gson.internal.bind.TreeTypeAdapter.read(TreeTypeAdapter.java:76) ~[gson-2.10.jar%2372!/:?]
	at com.google.gson.internal.bind.TypeAdapterRuntimeTypeWrapper.read(TypeAdapterRuntimeTypeWrapper.java:40) ~[gson-2.10.jar%2372!/:?]
	at com.google.gson.internal.bind.ArrayTypeAdapter.read(ArrayTypeAdapter.java:72) ~[gson-2.10.jar%2372!/:?]
	at com.google.gson.Gson.fromJson(Gson.java:1214) ~[gson-2.10.jar%2372!/:?]
	at com.google.gson.Gson.fromJson(Gson.java:1319) ~[gson-2.10.jar%2372!/:?]
	at com.google.gson.Gson.fromJson(Gson.java:1290) ~[gson-2.10.jar%2372!/:?]
	at com.google.gson.internal.bind.TreeTypeAdapter$GsonContextImpl.deserialize(TreeTypeAdapter.java:179) ~[gson-2.10.jar%2372!/:?]
	at net.minecraft.util.GsonHelper.m_13808_(GsonHelper.java:463) ~[server-1.20.1-20230612.114412-srg.jar%23357!/:?]
	at net.minecraft.util.GsonHelper.m_13845_(GsonHelper.java:481) ~[server-1.20.1-20230612.114412-srg.jar%23357!/:?]
	at net.minecraft.world.level.storage.loot.LootTable$Serializer.deserialize(LootTable.java:294) ~[server-1.20.1-20230612.114412-srg.jar%23357!/:?]
	at net.minecraft.world.level.storage.loot.LootTable$Serializer.deserialize(LootTable.java:291) ~[server-1.20.1-20230612.114412-srg.jar%23357!/:?]
	at com.google.gson.internal.bind.TreeTypeAdapter.read(TreeTypeAdapter.java:76) ~[gson-2.10.jar%2372!/:?]
	at com.google.gson.Gson.fromJson(Gson.java:1214) ~[gson-2.10.jar%2372!/:?]
	at com.google.gson.Gson.fromJson(Gson.java:1319) ~[gson-2.10.jar%2372!/:?]
	at com.google.gson.Gson.fromJson(Gson.java:1261) ~[gson-2.10.jar%2372!/:?]
	at net.minecraftforge.common.ForgeHooks.loadLootTable(ForgeHooks.java:871) ~[forge-1.20.1-47.3.7-universal.jar%23362!/:?]
	at net.minecraftforge.common.ForgeHooks.lambda$getLootTableDeserializer$3(ForgeHooks.java:848) ~[forge-1.20.1-47.3.7-universal.jar%23362!/:?]
	at net.minecraft.world.level.storage.loot.LootDataType.deserialize(LootDataType.java:45) ~[server-1.20.1-20230612.114412-srg.jar%23357!/:?]
	at net.minecraft.world.level.storage.loot.LootDataManager.lambda$scheduleElementParse$4(LootDataManager.java:56) ~[server-1.20.1-20230612.114412-srg.jar%23357!/:?]
	at java.util.HashMap.forEach(HashMap.java:1421) ~[?:?]
	at net.minecraft.world.level.storage.loot.LootDataManager.m_278660_(LootDataManager.java:55) ~[server-1.20.1-20230612.114412-srg.jar%23357!/:?]
	at java.util.concurrent.CompletableFuture$AsyncRun.run(CompletableFuture.java:1804) ~[?:?]
	at java.util.concurrent.CompletableFuture$AsyncRun.exec(CompletableFuture.java:1796) ~[?:?]
	at java.util.concurrent.ForkJoinTask.doExec(ForkJoinTask.java:373) ~[?:?]
	at java.util.concurrent.ForkJoinPool$WorkQueue.topLevelExec(ForkJoinPool.java:1182) ~[?:?]
	at java.util.concurrent.ForkJoinPool.scan(ForkJoinPool.java:1655) ~[?:?]
	at java.util.concurrent.ForkJoinPool.runWorker(ForkJoinPool.java:1622) ~[?:?]
	at java.util.concurrent.ForkJoinWorkerThread.run(ForkJoinWorkerThread.java:165) ~[?:?]
[04Mar2025 21:57:59.456] [Worker-Main-3/ERROR] [net.minecraftforge.common.ForgeHooks/]: Couldn't parse element loot_tables:hauntedharvest:blocks/redstone_jack_o_lantern
com.google.gson.JsonSyntaxException: Expected name to be an item, was unknown string 'hauntedharvest:redstone_jack_o_lantern'
	at net.minecraft.util.GsonHelper.m_13866_(GsonHelper.java:145) ~[server-1.20.1-20230612.114412-srg.jar%23357!/:?]
	at java.util.Optional.orElseThrow(Optional.java:403) ~[?:?]
	at net.minecraft.util.GsonHelper.m_13874_(GsonHelper.java:145) ~[server-1.20.1-20230612.114412-srg.jar%23357!/:?]
	at net.minecraft.util.GsonHelper.m_13909_(GsonHelper.java:153) ~[server-1.20.1-20230612.114412-srg.jar%23357!/:?]
	at net.minecraft.world.level.storage.loot.entries.LootItem$Serializer.m_7267_(LootItem.java:55) ~[server-1.20.1-20230612.114412-srg.jar%23357!/:?]
	at net.minecraft.world.level.storage.loot.entries.LootItem$Serializer.m_7267_(LootItem.java:40) ~[server-1.20.1-20230612.114412-srg.jar%23357!/:?]
	at net.minecraft.world.level.storage.loot.entries.LootPoolSingletonContainer$Serializer.m_5921_(LootPoolSingletonContainer.java:151) ~[server-1.20.1-20230612.114412-srg.jar%23357!/:?]
	at net.minecraft.world.level.storage.loot.entries.LootPoolSingletonContainer$Serializer.m_5921_(LootPoolSingletonContainer.java:129) ~[server-1.20.1-20230612.114412-srg.jar%23357!/:?]
	at net.minecraft.world.level.storage.loot.entries.LootPoolEntryContainer$Serializer.m_7561_(LootPoolEntryContainer.java:86) ~[server-1.20.1-20230612.114412-srg.jar%23357!/:?]
	at net.minecraft.world.level.storage.loot.entries.LootPoolEntryContainer$Serializer.m_7561_(LootPoolEntryContainer.java:74) ~[server-1.20.1-20230612.114412-srg.jar%23357!/:?]
	at net.minecraft.world.level.storage.loot.GsonAdapterFactory$JsonAdapter.deserialize(GsonAdapterFactory.java:102) ~[server-1.20.1-20230612.114412-srg.jar%23357!/:?]
	at com.google.gson.internal.bind.TreeTypeAdapter.read(TreeTypeAdapter.java:76) ~[gson-2.10.jar%2372!/:?]
	at com.google.gson.internal.bind.TypeAdapterRuntimeTypeWrapper.read(TypeAdapterRuntimeTypeWrapper.java:40) ~[gson-2.10.jar%2372!/:?]
	at com.google.gson.internal.bind.ArrayTypeAdapter.read(ArrayTypeAdapter.java:72) ~[gson-2.10.jar%2372!/:?]
	at com.google.gson.Gson.fromJson(Gson.java:1214) ~[gson-2.10.jar%2372!/:?]
	at com.google.gson.Gson.fromJson(Gson.java:1319) ~[gson-2.10.jar%2372!/:?]
	at com.google.gson.Gson.fromJson(Gson.java:1290) ~[gson-2.10.jar%2372!/:?]
	at com.google.gson.internal.bind.TreeTypeAdapter$GsonContextImpl.deserialize(TreeTypeAdapter.java:179) ~[gson-2.10.jar%2372!/:?]
	at net.minecraft.util.GsonHelper.m_13808_(GsonHelper.java:463) ~[server-1.20.1-20230612.114412-srg.jar%23357!/:?]
	at net.minecraft.util.GsonHelper.m_13836_(GsonHelper.java:471) ~[server-1.20.1-20230612.114412-srg.jar%23357!/:?]
	at net.minecraft.world.level.storage.loot.LootPool$Serializer.deserialize(LootPool.java:192) ~[server-1.20.1-20230612.114412-srg.jar%23357!/:?]
	at net.minecraft.world.level.storage.loot.LootPool$Serializer.deserialize(LootPool.java:189) ~[server-1.20.1-20230612.114412-srg.jar%23357!/:?]
	at com.google.gson.internal.bind.TreeTypeAdapter.read(TreeTypeAdapter.java:76) ~[gson-2.10.jar%2372!/:?]
	at com.google.gson.internal.bind.TypeAdapterRuntimeTypeWrapper.read(TypeAdapterRuntimeTypeWrapper.java:40) ~[gson-2.10.jar%2372!/:?]
	at com.google.gson.internal.bind.ArrayTypeAdapter.read(ArrayTypeAdapter.java:72) ~[gson-2.10.jar%2372!/:?]
	at com.google.gson.Gson.fromJson(Gson.java:1214) ~[gson-2.10.jar%2372!/:?]
	at com.google.gson.Gson.fromJson(Gson.java:1319) ~[gson-2.10.jar%2372!/:?]
	at com.google.gson.Gson.fromJson(Gson.java:1290) ~[gson-2.10.jar%2372!/:?]
	at com.google.gson.internal.bind.TreeTypeAdapter$GsonContextImpl.deserialize(TreeTypeAdapter.java:179) ~[gson-2.10.jar%2372!/:?]
	at net.minecraft.util.GsonHelper.m_13808_(GsonHelper.java:463) ~[server-1.20.1-20230612.114412-srg.jar%23357!/:?]
	at net.minecraft.util.GsonHelper.m_13845_(GsonHelper.java:481) ~[server-1.20.1-20230612.114412-srg.jar%23357!/:?]
	at net.minecraft.world.level.storage.loot.LootTable$Serializer.deserialize(LootTable.java:294) ~[server-1.20.1-20230612.114412-srg.jar%23357!/:?]
	at net.minecraft.world.level.storage.loot.LootTable$Serializer.deserialize(LootTable.java:291) ~[server-1.20.1-20230612.114412-srg.jar%23357!/:?]
	at com.google.gson.internal.bind.TreeTypeAdapter.read(TreeTypeAdapter.java:76) ~[gson-2.10.jar%2372!/:?]
	at com.google.gson.Gson.fromJson(Gson.java:1214) ~[gson-2.10.jar%2372!/:?]
	at com.google.gson.Gson.fromJson(Gson.java:1319) ~[gson-2.10.jar%2372!/:?]
	at com.google.gson.Gson.fromJson(Gson.java:1261) ~[gson-2.10.jar%2372!/:?]
	at net.minecraftforge.common.ForgeHooks.loadLootTable(ForgeHooks.java:871) ~[forge-1.20.1-47.3.7-universal.jar%23362!/:?]
	at net.minecraftforge.common.ForgeHooks.lambda$getLootTableDeserializer$3(ForgeHooks.java:848) ~[forge-1.20.1-47.3.7-universal.jar%23362!/:?]
	at net.minecraft.world.level.storage.loot.LootDataType.deserialize(LootDataType.java:45) ~[server-1.20.1-20230612.114412-srg.jar%23357!/:?]
	at net.minecraft.world.level.storage.loot.LootDataManager.lambda$scheduleElementParse$4(LootDataManager.java:56) ~[server-1.20.1-20230612.114412-srg.jar%23357!/:?]
	at java.util.HashMap.forEach(HashMap.java:1421) ~[?:?]
	at net.minecraft.world.level.storage.loot.LootDataManager.m_278660_(LootDataManager.java:55) ~[server-1.20.1-20230612.114412-srg.jar%23357!/:?]
	at java.util.concurrent.CompletableFuture$AsyncRun.run(CompletableFuture.java:1804) ~[?:?]
	at java.util.concurrent.CompletableFuture$AsyncRun.exec(CompletableFuture.java:1796) ~[?:?]
	at java.util.concurrent.ForkJoinTask.doExec(ForkJoinTask.java:373) ~[?:?]
	at java.util.concurrent.ForkJoinPool$WorkQueue.topLevelExec(ForkJoinPool.java:1182) ~[?:?]
	at java.util.concurrent.ForkJoinPool.scan(ForkJoinPool.java:1655) ~[?:?]
	at java.util.concurrent.ForkJoinPool.runWorker(ForkJoinPool.java:1622) ~[?:?]
	at java.util.concurrent.ForkJoinWorkerThread.run(ForkJoinWorkerThread.java:165) ~[?:?]
[04Mar2025 21:57:59.903] [Worker-Main-3/ERROR] [net.minecraftforge.common.ForgeHooks/]: Couldn't parse element loot_tables:hauntedharvest:blocks/ender_jack_o_lantern
com.google.gson.JsonSyntaxException: Expected name to be an item, was unknown string 'hauntedharvest:ender_jack_o_lantern'
	at net.minecraft.util.GsonHelper.m_13866_(GsonHelper.java:145) ~[server-1.20.1-20230612.114412-srg.jar%23357!/:?]
	at java.util.Optional.orElseThrow(Optional.java:403) ~[?:?]
	at net.minecraft.util.GsonHelper.m_13874_(GsonHelper.java:145) ~[server-1.20.1-20230612.114412-srg.jar%23357!/:?]
	at net.minecraft.util.GsonHelper.m_13909_(GsonHelper.java:153) ~[server-1.20.1-20230612.114412-srg.jar%23357!/:?]
	at net.minecraft.world.level.storage.loot.entries.LootItem$Serializer.m_7267_(LootItem.java:55) ~[server-1.20.1-20230612.114412-srg.jar%23357!/:?]
	at net.minecraft.world.level.storage.loot.entries.LootItem$Serializer.m_7267_(LootItem.java:40) ~[server-1.20.1-20230612.114412-srg.jar%23357!/:?]
	at net.minecraft.world.level.storage.loot.entries.LootPoolSingletonContainer$Serializer.m_5921_(LootPoolSingletonContainer.java:151) ~[server-1.20.1-20230612.114412-srg.jar%23357!/:?]
	at net.minecraft.world.level.storage.loot.entries.LootPoolSingletonContainer$Serializer.m_5921_(LootPoolSingletonContainer.java:129) ~[server-1.20.1-20230612.114412-srg.jar%23357!/:?]
	at net.minecraft.world.level.storage.loot.entries.LootPoolEntryContainer$Serializer.m_7561_(LootPoolEntryContainer.java:86) ~[server-1.20.1-20230612.114412-srg.jar%23357!/:?]
	at net.minecraft.world.level.storage.loot.entries.LootPoolEntryContainer$Serializer.m_7561_(LootPoolEntryContainer.java:74) ~[server-1.20.1-20230612.114412-srg.jar%23357!/:?]
	at net.minecraft.world.level.storage.loot.GsonAdapterFactory$JsonAdapter.deserialize(GsonAdapterFactory.java:102) ~[server-1.20.1-20230612.114412-srg.jar%23357!/:?]
	at com.google.gson.internal.bind.TreeTypeAdapter.read(TreeTypeAdapter.java:76) ~[gson-2.10.jar%2372!/:?]
	at com.google.gson.internal.bind.TypeAdapterRuntimeTypeWrapper.read(TypeAdapterRuntimeTypeWrapper.java:40) ~[gson-2.10.jar%2372!/:?]
	at com.google.gson.internal.bind.ArrayTypeAdapter.read(ArrayTypeAdapter.java:72) ~[gson-2.10.jar%2372!/:?]
	at com.google.gson.Gson.fromJson(Gson.java:1214) ~[gson-2.10.jar%2372!/:?]
	at com.google.gson.Gson.fromJson(Gson.java:1319) ~[gson-2.10.jar%2372!/:?]
	at com.google.gson.Gson.fromJson(Gson.java:1290) ~[gson-2.10.jar%2372!/:?]
	at com.google.gson.internal.bind.TreeTypeAdapter$GsonContextImpl.deserialize(TreeTypeAdapter.java:179) ~[gson-2.10.jar%2372!/:?]
	at net.minecraft.util.GsonHelper.m_13808_(GsonHelper.java:463) ~[server-1.20.1-20230612.114412-srg.jar%23357!/:?]
	at net.minecraft.util.GsonHelper.m_13836_(GsonHelper.java:471) ~[server-1.20.1-20230612.114412-srg.jar%23357!/:?]
	at net.minecraft.world.level.storage.loot.LootPool$Serializer.deserialize(LootPool.java:192) ~[server-1.20.1-20230612.114412-srg.jar%23357!/:?]
	at net.minecraft.world.level.storage.loot.LootPool$Serializer.deserialize(LootPool.java:189) ~[server-1.20.1-20230612.114412-srg.jar%23357!/:?]
	at com.google.gson.internal.bind.TreeTypeAdapter.read(TreeTypeAdapter.java:76) ~[gson-2.10.jar%2372!/:?]
	at com.google.gson.internal.bind.TypeAdapterRuntimeTypeWrapper.read(TypeAdapterRuntimeTypeWrapper.java:40) ~[gson-2.10.jar%2372!/:?]
	at com.google.gson.internal.bind.ArrayTypeAdapter.read(ArrayTypeAdapter.java:72) ~[gson-2.10.jar%2372!/:?]
	at com.google.gson.Gson.fromJson(Gson.java:1214) ~[gson-2.10.jar%2372!/:?]
	at com.google.gson.Gson.fromJson(Gson.java:1319) ~[gson-2.10.jar%2372!/:?]
	at com.google.gson.Gson.fromJson(Gson.java:1290) ~[gson-2.10.jar%2372!/:?]
	at com.google.gson.internal.bind.TreeTypeAdapter$GsonContextImpl.deserialize(TreeTypeAdapter.java:179) ~[gson-2.10.jar%2372!/:?]
	at net.minecraft.util.GsonHelper.m_13808_(GsonHelper.java:463) ~[server-1.20.1-20230612.114412-srg.jar%23357!/:?]
	at net.minecraft.util.GsonHelper.m_13845_(GsonHelper.java:481) ~[server-1.20.1-20230612.114412-srg.jar%23357!/:?]
	at net.minecraft.world.level.storage.loot.LootTable$Serializer.deserialize(LootTable.java:294) ~[server-1.20.1-20230612.114412-srg.jar%23357!/:?]
	at net.minecraft.world.level.storage.loot.LootTable$Serializer.deserialize(LootTable.java:291) ~[server-1.20.1-20230612.114412-srg.jar%23357!/:?]
	at com.google.gson.internal.bind.TreeTypeAdapter.read(TreeTypeAdapter.java:76) ~[gson-2.10.jar%2372!/:?]
	at com.google.gson.Gson.fromJson(Gson.java:1214) ~[gson-2.10.jar%2372!/:?]
	at com.google.gson.Gson.fromJson(Gson.java:1319) ~[gson-2.10.jar%2372!/:?]
	at com.google.gson.Gson.fromJson(Gson.java:1261) ~[gson-2.10.jar%2372!/:?]
	at net.minecraftforge.common.ForgeHooks.loadLootTable(ForgeHooks.java:871) ~[forge-1.20.1-47.3.7-universal.jar%23362!/:?]
	at net.minecraftforge.common.ForgeHooks.lambda$getLootTableDeserializer$3(ForgeHooks.java:848) ~[forge-1.20.1-47.3.7-universal.jar%23362!/:?]
	at net.minecraft.world.level.storage.loot.LootDataType.deserialize(LootDataType.java:45) ~[server-1.20.1-20230612.114412-srg.jar%23357!/:?]
	at net.minecraft.world.level.storage.loot.LootDataManager.lambda$scheduleElementParse$4(LootDataManager.java:56) ~[server-1.20.1-20230612.114412-srg.jar%23357!/:?]
	at java.util.HashMap.forEach(HashMap.java:1421) ~[?:?]
	at net.minecraft.world.level.storage.loot.LootDataManager.m_278660_(LootDataManager.java:55) ~[server-1.20.1-20230612.114412-srg.jar%23357!/:?]
	at java.util.concurrent.CompletableFuture$AsyncRun.run(CompletableFuture.java:1804) ~[?:?]
	at java.util.concurrent.CompletableFuture$AsyncRun.exec(CompletableFuture.java:1796) ~[?:?]
	at java.util.concurrent.ForkJoinTask.doExec(ForkJoinTask.java:373) ~[?:?]
	at java.util.concurrent.ForkJoinPool$WorkQueue.topLevelExec(ForkJoinPool.java:1182) ~[?:?]
	at java.util.concurrent.ForkJoinPool.scan(ForkJoinPool.java:1655) ~[?:?]
	at java.util.concurrent.ForkJoinPool.runWorker(ForkJoinPool.java:1622) ~[?:?]
	at java.util.concurrent.ForkJoinWorkerThread.run(ForkJoinWorkerThread.java:165) ~[?:?]
[04Mar2025 21:57:59.908] [Worker-Main-3/ERROR] [net.minecraftforge.common.ForgeHooks/]: Couldn't parse element loot_tables:culturaldelights:blocks/avocado_leaf_carpet
com.google.gson.JsonSyntaxException: Expected name to be an item, was unknown string 'culturaldelights:avocado_leaf_carpet'
	at net.minecraft.util.GsonHelper.m_13866_(GsonHelper.java:145) ~[server-1.20.1-20230612.114412-srg.jar%23357!/:?]
	at java.util.Optional.orElseThrow(Optional.java:403) ~[?:?]
	at net.minecraft.util.GsonHelper.m_13874_(GsonHelper.java:145) ~[server-1.20.1-20230612.114412-srg.jar%23357!/:?]
	at net.minecraft.util.GsonHelper.m_13909_(GsonHelper.java:153) ~[server-1.20.1-20230612.114412-srg.jar%23357!/:?]
	at net.minecraft.world.level.storage.loot.entries.LootItem$Serializer.m_7267_(LootItem.java:55) ~[server-1.20.1-20230612.114412-srg.jar%23357!/:?]
	at net.minecraft.world.level.storage.loot.entries.LootItem$Serializer.m_7267_(LootItem.java:40) ~[server-1.20.1-20230612.114412-srg.jar%23357!/:?]
	at net.minecraft.world.level.storage.loot.entries.LootPoolSingletonContainer$Serializer.m_5921_(LootPoolSingletonContainer.java:151) ~[server-1.20.1-20230612.114412-srg.jar%23357!/:?]
	at net.minecraft.world.level.storage.loot.entries.LootPoolSingletonContainer$Serializer.m_5921_(LootPoolSingletonContainer.java:129) ~[server-1.20.1-20230612.114412-srg.jar%23357!/:?]
	at net.minecraft.world.level.storage.loot.entries.LootPoolEntryContainer$Serializer.m_7561_(LootPoolEntryContainer.java:86) ~[server-1.20.1-20230612.114412-srg.jar%23357!/:?]
	at net.minecraft.world.level.storage.loot.entries.LootPoolEntryContainer$Serializer.m_7561_(LootPoolEntryContainer.java:74) ~[server-1.20.1-20230612.114412-srg.jar%23357!/:?]
	at net.minecraft.world.level.storage.loot.GsonAdapterFactory$JsonAdapter.deserialize(GsonAdapterFactory.java:102) ~[server-1.20.1-20230612.114412-srg.jar%23357!/:?]
	at com.google.gson.internal.bind.TreeTypeAdapter.read(TreeTypeAdapter.java:76) ~[gson-2.10.jar%2372!/:?]
	at com.google.gson.internal.bind.TypeAdapterRuntimeTypeWrapper.read(TypeAdapterRuntimeTypeWrapper.java:40) ~[gson-2.10.jar%2372!/:?]
	at com.google.gson.internal.bind.ArrayTypeAdapter.read(ArrayTypeAdapter.java:72) ~[gson-2.10.jar%2372!/:?]
	at com.google.gson.Gson.fromJson(Gson.java:1214) ~[gson-2.10.jar%2372!/:?]
	at com.google.gson.Gson.fromJson(Gson.java:1319) ~[gson-2.10.jar%2372!/:?]
	at com.google.gson.Gson.fromJson(Gson.java:1290) ~[gson-2.10.jar%2372!/:?]
	at com.google.gson.internal.bind.TreeTypeAdapter$GsonContextImpl.deserialize(TreeTypeAdapter.java:179) ~[gson-2.10.jar%2372!/:?]
	at net.minecraft.util.GsonHelper.m_13808_(GsonHelper.java:463) ~[server-1.20.1-20230612.114412-srg.jar%23357!/:?]
	at net.minecraft.util.GsonHelper.m_13836_(GsonHelper.java:471) ~[server-1.20.1-20230612.114412-srg.jar%23357!/:?]
	at net.minecraft.world.level.storage.loot.LootPool$Serializer.deserialize(LootPool.java:192) ~[server-1.20.1-20230612.114412-srg.jar%23357!/:?]
	at net.minecraft.world.level.storage.loot.LootPool$Serializer.deserialize(LootPool.java:189) ~[server-1.20.1-20230612.114412-srg.jar%23357!/:?]
	at com.google.gson.internal.bind.TreeTypeAdapter.read(TreeTypeAdapter.java:76) ~[gson-2.10.jar%2372!/:?]
	at com.google.gson.internal.bind.TypeAdapterRuntimeTypeWrapper.read(TypeAdapterRuntimeTypeWrapper.java:40) ~[gson-2.10.jar%2372!/:?]
	at com.google.gson.internal.bind.ArrayTypeAdapter.read(ArrayTypeAdapter.java:72) ~[gson-2.10.jar%2372!/:?]
	at com.google.gson.Gson.fromJson(Gson.java:1214) ~[gson-2.10.jar%2372!/:?]
	at com.google.gson.Gson.fromJson(Gson.java:1319) ~[gson-2.10.jar%2372!/:?]
	at com.google.gson.Gson.fromJson(Gson.java:1290) ~[gson-2.10.jar%2372!/:?]
	at com.google.gson.internal.bind.TreeTypeAdapter$GsonContextImpl.deserialize(TreeTypeAdapter.java:179) ~[gson-2.10.jar%2372!/:?]
	at net.minecraft.util.GsonHelper.m_13808_(GsonHelper.java:463) ~[server-1.20.1-20230612.114412-srg.jar%23357!/:?]
	at net.minecraft.util.GsonHelper.m_13845_(GsonHelper.java:481) ~[server-1.20.1-20230612.114412-srg.jar%23357!/:?]
	at net.minecraft.world.level.storage.loot.LootTable$Serializer.deserialize(LootTable.java:294) ~[server-1.20.1-20230612.114412-srg.jar%23357!/:?]
	at net.minecraft.world.level.storage.loot.LootTable$Serializer.deserialize(LootTable.java:291) ~[server-1.20.1-20230612.114412-srg.jar%23357!/:?]
	at com.google.gson.internal.bind.TreeTypeAdapter.read(TreeTypeAdapter.java:76) ~[gson-2.10.jar%2372!/:?]
	at com.google.gson.Gson.fromJson(Gson.java:1214) ~[gson-2.10.jar%2372!/:?]
	at com.google.gson.Gson.fromJson(Gson.java:1319) ~[gson-2.10.jar%2372!/:?]
	at com.google.gson.Gson.fromJson(Gson.java:1261) ~[gson-2.10.jar%2372!/:?]
	at net.minecraftforge.common.ForgeHooks.loadLootTable(ForgeHooks.java:871) ~[forge-1.20.1-47.3.7-universal.jar%23362!/:?]
	at net.minecraftforge.common.ForgeHooks.lambda$getLootTableDeserializer$3(ForgeHooks.java:848) ~[forge-1.20.1-47.3.7-universal.jar%23362!/:?]
	at net.minecraft.world.level.storage.loot.LootDataType.deserialize(LootDataType.java:45) ~[server-1.20.1-20230612.114412-srg.jar%23357!/:?]
	at net.minecraft.world.level.storage.loot.LootDataManager.lambda$scheduleElementParse$4(LootDataManager.java:56) ~[server-1.20.1-20230612.114412-srg.jar%23357!/:?]
	at java.util.HashMap.forEach(HashMap.java:1421) ~[?:?]
	at net.minecraft.world.level.storage.loot.LootDataManager.m_278660_(LootDataManager.java:55) ~[server-1.20.1-20230612.114412-srg.jar%23357!/:?]
	at java.util.concurrent.CompletableFuture$AsyncRun.run(CompletableFuture.java:1804) ~[?:?]
	at java.util.concurrent.CompletableFuture$AsyncRun.exec(CompletableFuture.java:1796) ~[?:?]
	at java.util.concurrent.ForkJoinTask.doExec(ForkJoinTask.java:373) ~[?:?]
	at java.util.concurrent.ForkJoinPool$WorkQueue.topLevelExec(ForkJoinPool.java:1182) ~[?:?]
	at java.util.concurrent.ForkJoinPool.scan(ForkJoinPool.java:1655) ~[?:?]
	at java.util.concurrent.ForkJoinPool.runWorker(ForkJoinPool.java:1622) ~[?:?]
	at java.util.concurrent.ForkJoinWorkerThread.run(ForkJoinWorkerThread.java:165) ~[?:?]
[04Mar2025 21:57:59.910] [Worker-Main-3/ERROR] [net.minecraftforge.common.ForgeHooks/]: Couldn't parse element loot_tables:twilightdelight:blocks/glacier_cake
com.google.gson.JsonSyntaxException: Expected name to be an item, was unknown string 'twilightdelight:glacier_cake_slice'
	at net.minecraft.util.GsonHelper.m_13866_(GsonHelper.java:145) ~[server-1.20.1-20230612.114412-srg.jar%23357!/:?]
	at java.util.Optional.orElseThrow(Optional.java:403) ~[?:?]
	at net.minecraft.util.GsonHelper.m_13874_(GsonHelper.java:145) ~[server-1.20.1-20230612.114412-srg.jar%23357!/:?]
	at net.minecraft.util.GsonHelper.m_13909_(GsonHelper.java:153) ~[server-1.20.1-20230612.114412-srg.jar%23357!/:?]
	at net.minecraft.world.level.storage.loot.entries.LootItem$Serializer.m_7267_(LootItem.java:55) ~[server-1.20.1-20230612.114412-srg.jar%23357!/:?]
	at net.minecraft.world.level.storage.loot.entries.LootItem$Serializer.m_7267_(LootItem.java:40) ~[server-1.20.1-20230612.114412-srg.jar%23357!/:?]
	at net.minecraft.world.level.storage.loot.entries.LootPoolSingletonContainer$Serializer.m_5921_(LootPoolSingletonContainer.java:151) ~[server-1.20.1-20230612.114412-srg.jar%23357!/:?]
	at net.minecraft.world.level.storage.loot.entries.LootPoolSingletonContainer$Serializer.m_5921_(LootPoolSingletonContainer.java:129) ~[server-1.20.1-20230612.114412-srg.jar%23357!/:?]
	at net.minecraft.world.level.storage.loot.entries.LootPoolEntryContainer$Serializer.m_7561_(LootPoolEntryContainer.java:86) ~[server-1.20.1-20230612.114412-srg.jar%23357!/:?]
	at net.minecraft.world.level.storage.loot.entries.LootPoolEntryContainer$Serializer.m_7561_(LootPoolEntryContainer.java:74) ~[server-1.20.1-20230612.114412-srg.jar%23357!/:?]
	at net.minecraft.world.level.storage.loot.GsonAdapterFactory$JsonAdapter.deserialize(GsonAdapterFactory.java:102) ~[server-1.20.1-20230612.114412-srg.jar%23357!/:?]
	at com.google.gson.internal.bind.TreeTypeAdapter.read(TreeTypeAdapter.java:76) ~[gson-2.10.jar%2372!/:?]
	at com.google.gson.internal.bind.TypeAdapterRuntimeTypeWrapper.read(TypeAdapterRuntimeTypeWrapper.java:40) ~[gson-2.10.jar%2372!/:?]
	at com.google.gson.internal.bind.ArrayTypeAdapter.read(ArrayTypeAdapter.java:72) ~[gson-2.10.jar%2372!/:?]
	at com.google.gson.Gson.fromJson(Gson.java:1214) ~[gson-2.10.jar%2372!/:?]
	at com.google.gson.Gson.fromJson(Gson.java:1319) ~[gson-2.10.jar%2372!/:?]
	at com.google.gson.Gson.fromJson(Gson.java:1290) ~[gson-2.10.jar%2372!/:?]
	at com.google.gson.internal.bind.TreeTypeAdapter$GsonContextImpl.deserialize(TreeTypeAdapter.java:179) ~[gson-2.10.jar%2372!/:?]
	at net.minecraft.util.GsonHelper.m_13808_(GsonHelper.java:463) ~[server-1.20.1-20230612.114412-srg.jar%23357!/:?]
	at net.minecraft.util.GsonHelper.m_13836_(GsonHelper.java:471) ~[server-1.20.1-20230612.114412-srg.jar%23357!/:?]
	at net.minecraft.world.level.storage.loot.LootPool$Serializer.deserialize(LootPool.java:192) ~[server-1.20.1-20230612.114412-srg.jar%23357!/:?]
	at net.minecraft.world.level.storage.loot.LootPool$Serializer.deserialize(LootPool.java:189) ~[server-1.20.1-20230612.114412-srg.jar%23357!/:?]
	at com.google.gson.internal.bind.TreeTypeAdapter.read(TreeTypeAdapter.java:76) ~[gson-2.10.jar%2372!/:?]
	at com.google.gson.internal.bind.TypeAdapterRuntimeTypeWrapper.read(TypeAdapterRuntimeTypeWrapper.java:40) ~[gson-2.10.jar%2372!/:?]
	at com.google.gson.internal.bind.ArrayTypeAdapter.read(ArrayTypeAdapter.java:72) ~[gson-2.10.jar%2372!/:?]
	at com.google.gson.Gson.fromJson(Gson.java:1214) ~[gson-2.10.jar%2372!/:?]
	at com.google.gson.Gson.fromJson(Gson.java:1319) ~[gson-2.10.jar%2372!/:?]
	at com.google.gson.Gson.fromJson(Gson.java:1290) ~[gson-2.10.jar%2372!/:?]
	at com.google.gson.internal.bind.TreeTypeAdapter$GsonContextImpl.deserialize(TreeTypeAdapter.java:179) ~[gson-2.10.jar%2372!/:?]
	at net.minecraft.util.GsonHelper.m_13808_(GsonHelper.java:463) ~[server-1.20.1-20230612.114412-srg.jar%23357!/:?]
	at net.minecraft.util.GsonHelper.m_13845_(GsonHelper.java:481) ~[server-1.20.1-20230612.114412-srg.jar%23357!/:?]
	at net.minecraft.world.level.storage.loot.LootTable$Serializer.deserialize(LootTable.java:294) ~[server-1.20.1-20230612.114412-srg.jar%23357!/:?]
	at net.minecraft.world.level.storage.loot.LootTable$Serializer.deserialize(LootTable.java:291) ~[server-1.20.1-20230612.114412-srg.jar%23357!/:?]
	at com.google.gson.internal.bind.TreeTypeAdapter.read(TreeTypeAdapter.java:76) ~[gson-2.10.jar%2372!/:?]
	at com.google.gson.Gson.fromJson(Gson.java:1214) ~[gson-2.10.jar%2372!/:?]
	at com.google.gson.Gson.fromJson(Gson.java:1319) ~[gson-2.10.jar%2372!/:?]
	at com.google.gson.Gson.fromJson(Gson.java:1261) ~[gson-2.10.jar%2372!/:?]
	at net.minecraftforge.common.ForgeHooks.loadLootTable(ForgeHooks.java:871) ~[forge-1.20.1-47.3.7-universal.jar%23362!/:?]
	at net.minecraftforge.common.ForgeHooks.lambda$getLootTableDeserializer$3(ForgeHooks.java:848) ~[forge-1.20.1-47.3.7-universal.jar%23362!/:?]
	at net.minecraft.world.level.storage.loot.LootDataType.deserialize(LootDataType.java:45) ~[server-1.20.1-20230612.114412-srg.jar%23357!/:?]
	at net.minecraft.world.level.storage.loot.LootDataManager.lambda$scheduleElementParse$4(LootDataManager.java:56) ~[server-1.20.1-20230612.114412-srg.jar%23357!/:?]
	at java.util.HashMap.forEach(HashMap.java:1421) ~[?:?]
	at net.minecraft.world.level.storage.loot.LootDataManager.m_278660_(LootDataManager.java:55) ~[server-1.20.1-20230612.114412-srg.jar%23357!/:?]
	at java.util.concurrent.CompletableFuture$AsyncRun.run(CompletableFuture.java:1804) ~[?:?]
	at java.util.concurrent.CompletableFuture$AsyncRun.exec(CompletableFuture.java:1796) ~[?:?]
	at java.util.concurrent.ForkJoinTask.doExec(ForkJoinTask.java:373) ~[?:?]
	at java.util.concurrent.ForkJoinPool$WorkQueue.topLevelExec(ForkJoinPool.java:1182) ~[?:?]
	at java.util.concurrent.ForkJoinPool.scan(ForkJoinPool.java:1655) ~[?:?]
	at java.util.concurrent.ForkJoinPool.runWorker(ForkJoinPool.java:1622) ~[?:?]
	at java.util.concurrent.ForkJoinWorkerThread.run(ForkJoinWorkerThread.java:165) ~[?:?]
[04Mar2025 21:57:59.934] [Worker-Main-3/ERROR] [net.minecraftforge.common.ForgeHooks/]: Couldn't parse element loot_tables:culturaldelights:blocks/avocado_bundle
com.google.gson.JsonSyntaxException: Expected name to be an item, was unknown string 'culturaldelights:avocado_bundle'
	at net.minecraft.util.GsonHelper.m_13866_(GsonHelper.java:145) ~[server-1.20.1-20230612.114412-srg.jar%23357!/:?]
	at java.util.Optional.orElseThrow(Optional.java:403) ~[?:?]
	at net.minecraft.util.GsonHelper.m_13874_(GsonHelper.java:145) ~[server-1.20.1-20230612.114412-srg.jar%23357!/:?]
	at net.minecraft.util.GsonHelper.m_13909_(GsonHelper.java:153) ~[server-1.20.1-20230612.114412-srg.jar%23357!/:?]
	at net.minecraft.world.level.storage.loot.entries.LootItem$Serializer.m_7267_(LootItem.java:55) ~[server-1.20.1-20230612.114412-srg.jar%23357!/:?]
	at net.minecraft.world.level.storage.loot.entries.LootItem$Serializer.m_7267_(LootItem.java:40) ~[server-1.20.1-20230612.114412-srg.jar%23357!/:?]
	at net.minecraft.world.level.storage.loot.entries.LootPoolSingletonContainer$Serializer.m_5921_(LootPoolSingletonContainer.java:151) ~[server-1.20.1-20230612.114412-srg.jar%23357!/:?]
	at net.minecraft.world.level.storage.loot.entries.LootPoolSingletonContainer$Serializer.m_5921_(LootPoolSingletonContainer.java:129) ~[server-1.20.1-20230612.114412-srg.jar%23357!/:?]
	at net.minecraft.world.level.storage.loot.entries.LootPoolEntryContainer$Serializer.m_7561_(LootPoolEntryContainer.java:86) ~[server-1.20.1-20230612.114412-srg.jar%23357!/:?]
	at net.minecraft.world.level.storage.loot.entries.LootPoolEntryContainer$Serializer.m_7561_(LootPoolEntryContainer.java:74) ~[server-1.20.1-20230612.114412-srg.jar%23357!/:?]
	at net.minecraft.world.level.storage.loot.GsonAdapterFactory$JsonAdapter.deserialize(GsonAdapterFactory.java:102) ~[server-1.20.1-20230612.114412-srg.jar%23357!/:?]
	at com.google.gson.internal.bind.TreeTypeAdapter.read(TreeTypeAdapter.java:76) ~[gson-2.10.jar%2372!/:?]
	at com.google.gson.internal.bind.TypeAdapterRuntimeTypeWrapper.read(TypeAdapterRuntimeTypeWrapper.java:40) ~[gson-2.10.jar%2372!/:?]
	at com.google.gson.internal.bind.ArrayTypeAdapter.read(ArrayTypeAdapter.java:72) ~[gson-2.10.jar%2372!/:?]
	at com.google.gson.Gson.fromJson(Gson.java:1214) ~[gson-2.10.jar%2372!/:?]
	at com.google.gson.Gson.fromJson(Gson.java:1319) ~[gson-2.10.jar%2372!/:?]
	at com.google.gson.Gson.fromJson(Gson.java:1290) ~[gson-2.10.jar%2372!/:?]
	at com.google.gson.internal.bind.TreeTypeAdapter$GsonContextImpl.deserialize(TreeTypeAdapter.java:179) ~[gson-2.10.jar%2372!/:?]
	at net.minecraft.util.GsonHelper.m_13808_(GsonHelper.java:463) ~[server-1.20.1-20230612.114412-srg.jar%23357!/:?]
	at net.minecraft.util.GsonHelper.m_13836_(GsonHelper.java:471) ~[server-1.20.1-20230612.114412-srg.jar%23357!/:?]
	at net.minecraft.world.level.storage.loot.entries.CompositeEntryBase$1.m_5921_(CompositeEntryBase.java:61) ~[server-1.20.1-20230612.114412-srg.jar%23357!/:?]
	at net.minecraft.world.level.storage.loot.entries.CompositeEntryBase$1.m_5921_(CompositeEntryBase.java:53) ~[server-1.20.1-20230612.114412-srg.jar%23357!/:?]
	at net.minecraft.world.level.storage.loot.entries.LootPoolEntryContainer$Serializer.m_7561_(LootPoolEntryContainer.java:86) ~[server-1.20.1-20230612.114412-srg.jar%23357!/:?]
	at net.minecraft.world.level.storage.loot.entries.LootPoolEntryContainer$Serializer.m_7561_(LootPoolEntryContainer.java:74) ~[server-1.20.1-20230612.114412-srg.jar%23357!/:?]
	at net.minecraft.world.level.storage.loot.GsonAdapterFactory$JsonAdapter.deserialize(GsonAdapterFactory.java:102) ~[server-1.20.1-20230612.114412-srg.jar%23357!/:?]
	at com.google.gson.internal.bind.TreeTypeAdapter.read(TreeTypeAdapter.java:76) ~[gson-2.10.jar%2372!/:?]
	at com.google.gson.internal.bind.TypeAdapterRuntimeTypeWrapper.read(TypeAdapterRuntimeTypeWrapper.java:40) ~[gson-2.10.jar%2372!/:?]
	at com.google.gson.internal.bind.ArrayTypeAdapter.read(ArrayTypeAdapter.java:72) ~[gson-2.10.jar%2372!/:?]
	at com.google.gson.Gson.fromJson(Gson.java:1214) ~[gson-2.10.jar%2372!/:?]
	at com.google.gson.Gson.fromJson(Gson.java:1319) ~[gson-2.10.jar%2372!/:?]
	at com.google.gson.Gson.fromJson(Gson.java:1290) ~[gson-2.10.jar%2372!/:?]
	at com.google.gson.internal.bind.TreeTypeAdapter$GsonContextImpl.deserialize(TreeTypeAdapter.java:179) ~[gson-2.10.jar%2372!/:?]
	at net.minecraft.util.GsonHelper.m_13808_(GsonHelper.java:463) ~[server-1.20.1-20230612.114412-srg.jar%23357!/:?]
	at net.minecraft.util.GsonHelper.m_13836_(GsonHelper.java:471) ~[server-1.20.1-20230612.114412-srg.jar%23357!/:?]
	at net.minecraft.world.level.storage.loot.LootPool$Serializer.deserialize(LootPool.java:192) ~[server-1.20.1-20230612.114412-srg.jar%23357!/:?]
	at net.minecraft.world.level.storage.loot.LootPool$Serializer.deserialize(LootPool.java:189) ~[server-1.20.1-20230612.114412-srg.jar%23357!/:?]
	at com.google.gson.internal.bind.TreeTypeAdapter.read(TreeTypeAdapter.java:76) ~[gson-2.10.jar%2372!/:?]
	at com.google.gson.internal.bind.TypeAdapterRuntimeTypeWrapper.read(TypeAdapterRuntimeTypeWrapper.java:40) ~[gson-2.10.jar%2372!/:?]
	at com.google.gson.internal.bind.ArrayTypeAdapter.read(ArrayTypeAdapter.java:72) ~[gson-2.10.jar%2372!/:?]
	at com.google.gson.Gson.fromJson(Gson.java:1214) ~[gson-2.10.jar%2372!/:?]
	at com.google.gson.Gson.fromJson(Gson.java:1319) ~[gson-2.10.jar%2372!/:?]
	at com.google.gson.Gson.fromJson(Gson.java:1290) ~[gson-2.10.jar%2372!/:?]
	at com.google.gson.internal.bind.TreeTypeAdapter$GsonContextImpl.deserialize(TreeTypeAdapter.java:179) ~[gson-2.10.jar%2372!/:?]
	at net.minecraft.util.GsonHelper.m_13808_(GsonHelper.java:463) ~[server-1.20.1-20230612.114412-srg.jar%23357!/:?]
	at net.minecraft.util.GsonHelper.m_13845_(GsonHelper.java:481) ~[server-1.20.1-20230612.114412-srg.jar%23357!/:?]
	at net.minecraft.world.level.storage.loot.LootTable$Serializer.deserialize(LootTable.java:294) ~[server-1.20.1-20230612.114412-srg.jar%23357!/:?]
	at net.minecraft.world.level.storage.loot.LootTable$Serializer.deserialize(LootTable.java:291) ~[server-1.20.1-20230612.114412-srg.jar%23357!/:?]
	at com.google.gson.internal.bind.TreeTypeAdapter.read(TreeTypeAdapter.java:76) ~[gson-2.10.jar%2372!/:?]
	at com.google.gson.Gson.fromJson(Gson.java:1214) ~[gson-2.10.jar%2372!/:?]
	at com.google.gson.Gson.fromJson(Gson.java:1319) ~[gson-2.10.jar%2372!/:?]
	at com.google.gson.Gson.fromJson(Gson.java:1261) ~[gson-2.10.jar%2372!/:?]
	at net.minecraftforge.common.ForgeHooks.loadLootTable(ForgeHooks.java:871) ~[forge-1.20.1-47.3.7-universal.jar%23362!/:?]
	at net.minecraftforge.common.ForgeHooks.lambda$getLootTableDeserializer$3(ForgeHooks.java:848) ~[forge-1.20.1-47.3.7-universal.jar%23362!/:?]
	at net.minecraft.world.level.storage.loot.LootDataType.deserialize(LootDataType.java:45) ~[server-1.20.1-20230612.114412-srg.jar%23357!/:?]
	at net.minecraft.world.level.storage.loot.LootDataManager.lambda$scheduleElementParse$4(LootDataManager.java:56) ~[server-1.20.1-20230612.114412-srg.jar%23357!/:?]
	at java.util.HashMap.forEach(HashMap.java:1421) ~[?:?]
	at net.minecraft.world.level.storage.loot.LootDataManager.m_278660_(LootDataManager.java:55) ~[server-1.20.1-20230612.114412-srg.jar%23357!/:?]
	at java.util.concurrent.CompletableFuture$AsyncRun.run(CompletableFuture.java:1804) ~[?:?]
	at java.util.concurrent.CompletableFuture$AsyncRun.exec(CompletableFuture.java:1796) ~[?:?]
	at java.util.concurrent.ForkJoinTask.doExec(ForkJoinTask.java:373) ~[?:?]
	at java.util.concurrent.ForkJoinPool$WorkQueue.topLevelExec(ForkJoinPool.java:1182) ~[?:?]
	at java.util.concurrent.ForkJoinPool.scan(ForkJoinPool.java:1655) ~[?:?]
	at java.util.concurrent.ForkJoinPool.runWorker(ForkJoinPool.java:1622) ~[?:?]
	at java.util.concurrent.ForkJoinWorkerThread.run(ForkJoinWorkerThread.java:165) ~[?:?]
[04Mar2025 21:58:00.063] [main/INFO] [net.minecraft.world.item.crafting.RecipeManager/]: Skipping loading recipe deep_aether:pumpkin_pie as it's serializer returned null
[04Mar2025 21:58:00.064] [main/INFO] [net.minecraft.world.item.crafting.RecipeManager/]: Skipping loading recipe cratedelight:berry_crate as it's serializer returned null
[04Mar2025 21:58:00.104] [main/INFO] [net.minecraft.world.item.crafting.RecipeManager/]: Skipping loading recipe delightful:integration/habitat/cutting/tall_white_anthurium as it's serializer returned null
[04Mar2025 21:58:00.106] [main/INFO] [net.minecraft.world.item.crafting.RecipeManager/]: Skipping loading recipe aether:skyroot_milk_bucket_cake as it's serializer returned null
[04Mar2025 21:58:00.107] [main/INFO] [net.minecraft.world.item.crafting.RecipeManager/]: Skipping loading recipe biomeswevegone:allium_oddion_soup as it's serializer returned null
[04Mar2025 21:58:00.112] [main/INFO] [net.minecraft.world.item.crafting.RecipeManager/]: Skipping loading recipe delightful:knives/blasting/copper_thermal as it's serializer returned null
[04Mar2025 21:58:00.114] [main/INFO] [net.minecraft.world.item.crafting.RecipeManager/]: Skipping loading recipe delightful:knives/ritual/living_knife as it's serializer returned null
[04Mar2025 21:58:00.116] [main/INFO] [net.minecraft.world.item.crafting.RecipeManager/]: Skipping loading recipe delightful:knives/repairing/skyroot_knife as it's serializer returned null
[04Mar2025 21:58:00.124] [main/INFO] [net.minecraft.world.item.crafting.RecipeManager/]: Skipping loading recipe delightful:cutting/makes_dye/purple as it's serializer returned null
[04Mar2025 21:58:00.133] [main/INFO] [net.minecraft.world.item.crafting.RecipeManager/]: Skipping loading recipe quark:cookie as it's serializer returned null
[04Mar2025 21:58:00.139] [main/INFO] [net.minecraft.world.item.crafting.RecipeManager/]: Skipping loading recipe delightful:knives/osmium_knife as it's serializer returned null
[04Mar2025 21:58:00.140] [main/INFO] [net.minecraft.world.item.crafting.RecipeManager/]: Skipping loading recipe naturalist:cooked_egg as it's serializer returned null
[04Mar2025 21:58:00.141] [main/INFO] [net.minecraft.world.item.crafting.RecipeManager/]: Skipping loading recipe delightful:knives/smelting/bone/bone_meal_from_smelting_axe as it's serializer returned null
[04Mar2025 21:58:00.142] [main/ERROR] [net.minecraft.world.item.crafting.RecipeManager/]: Parsing error loading recipe veggiesdelight:botany/wild_bellpepper: com.google.gson.JsonSyntaxException: Invalid or unsupported recipe type 'botanypots:crop'
[04Mar2025 21:58:00.143] [main/INFO] [net.minecraft.world.item.crafting.RecipeManager/]: Skipping loading recipe delightful:integration/deeperdarker/cutting/gloomy_cactus as it's serializer returned null
[04Mar2025 21:58:00.144] [main/INFO] [net.minecraft.world.item.crafting.RecipeManager/]: Skipping loading recipe delightful:integration/immersiveengineering/squeezer/cantaloupe_seeds as it's serializer returned null
[04Mar2025 21:58:00.145] [main/INFO] [net.minecraft.world.item.crafting.RecipeManager/]: Skipping loading recipe aether:moa_egg_pumpkin_pie as it's serializer returned null
[04Mar2025 21:58:00.157] [main/INFO] [net.minecraft.world.item.crafting.RecipeManager/]: Skipping loading recipe incubation:fried_egg_from_smoking as it's serializer returned null
[04Mar2025 21:58:00.159] [main/INFO] [net.minecraft.world.item.crafting.RecipeManager/]: Skipping loading recipe delightful:food/cooking/crab_rangoon_from_milk as it's serializer returned null
[04Mar2025 21:58:00.160] [main/INFO] [net.minecraft.world.item.crafting.RecipeManager/]: Skipping loading recipe delightful:integration/ars_nouveau/mendosteen_crate as it's serializer returned null
[04Mar2025 21:58:00.162] [main/INFO] [net.minecraft.world.item.crafting.RecipeManager/]: Skipping loading recipe delightful:integration/windswept/goat_shanks_windswept as it's serializer returned null
[04Mar2025 21:58:00.163] [main/INFO] [net.minecraft.world.item.crafting.RecipeManager/]: Skipping loading recipe delightful:knives/smelting/lead_eidolon as it's serializer returned null
[04Mar2025 21:58:00.173] [main/INFO] [net.minecraft.world.item.crafting.RecipeManager/]: Skipping loading recipe wildberries:cutting/blueberry_pie as it's serializer returned null
[04Mar2025 21:58:00.173] [main/INFO] [net.minecraft.world.item.crafting.RecipeManager/]: Skipping loading recipe botanypots:rusticdelight/crop/wild_bell_peppers as it's serializer returned null
[04Mar2025 21:58:00.174] [main/INFO] [net.minecraft.world.item.crafting.RecipeManager/]: Skipping loading recipe delightful:knives/blasting/bone/bone_meal_from_blasting_axe as it's serializer returned null
[04Mar2025 21:58:00.185] [main/INFO] [net.minecraft.world.item.crafting.RecipeManager/]: Skipping loading recipe delightful:food/cooking/lavender_tea as it's serializer returned null
[04Mar2025 21:58:00.185] [main/INFO] [net.minecraft.world.item.crafting.RecipeManager/]: Skipping loading recipe delightful:knives/blasting/invar_thermal as it's serializer returned null
[04Mar2025 21:58:00.185] [main/ERROR] [net.minecraft.world.item.crafting.RecipeManager/]: Parsing error loading recipe irons_spellbooks:curios/concentration_amulet: com.google.gson.JsonSyntaxException: Unknown item 'irons_spellbooks:mithril_ingot'
[04Mar2025 21:58:00.186] [main/INFO] [net.minecraft.world.item.crafting.RecipeManager/]: Skipping loading recipe some_assembly_required:crafting_shapeless/burger_bun as it's serializer returned null
[04Mar2025 21:58:00.186] [main/INFO] [net.minecraft.world.item.crafting.RecipeManager/]: Skipping loading recipe delightful:knives/smelting/lead_thermal as it's serializer returned null
[04Mar2025 21:58:00.186] [main/INFO] [net.minecraft.world.item.crafting.RecipeManager/]: Skipping loading recipe delightful:integration/ars_nouveau/source_berry_ice_cream as it's serializer returned null
[04Mar2025 21:58:00.191] [main/INFO] [net.minecraft.world.item.crafting.RecipeManager/]: Skipping loading recipe upgrade_aquatic:mulberry_pie as it's serializer returned null
[04Mar2025 21:58:00.191] [main/INFO] [net.minecraft.world.item.crafting.RecipeManager/]: Skipping loading recipe delightful:knives/smelting/lead_immersiveengineering as it's serializer returned null
[04Mar2025 21:58:00.192] [main/INFO] [net.minecraft.world.item.crafting.RecipeManager/]: Skipping loading recipe delightful:integration/biomemakeover/cactus_flesh_from_barrel_cactus_flowered as it's serializer returned null
[04Mar2025 21:58:00.200] [main/INFO] [net.minecraft.world.item.crafting.RecipeManager/]: Skipping loading recipe spawn:tuna_sandwich as it's serializer returned null
[04Mar2025 21:58:00.201] [main/INFO] [net.minecraft.world.item.crafting.RecipeManager/]: Skipping loading recipe delightful:integration/biomeswevegone/unpack_green_apple_crate as it's serializer returned null
[04Mar2025 21:58:00.218] [main/INFO] [net.minecraft.world.item.crafting.RecipeManager/]: Skipping loading recipe delightful:integration/farmersrespite/pouring/lavender_tea as it's serializer returned null
[04Mar2025 21:58:00.220] [main/INFO] [net.minecraft.world.item.crafting.RecipeManager/]: Skipping loading recipe delightful:integration/ars_nouveau/source_berry_ice_cream_block as it's serializer returned null
[04Mar2025 21:58:00.225] [main/INFO] [net.minecraft.world.item.crafting.RecipeManager/]: Skipping loading recipe casualness_delight:cutting/quiche_lorraine as it's serializer returned null
[04Mar2025 21:58:00.226] [main/INFO] [net.minecraft.world.item.crafting.RecipeManager/]: Skipping loading recipe delightful:integration/biomeswevegone/unpack_blueberry_sack as it's serializer returned null
[04Mar2025 21:58:00.226] [main/INFO] [net.minecraft.world.item.crafting.RecipeManager/]: Skipping loading recipe delightful:knives/valkyrum_knife as it's serializer returned null
[04Mar2025 21:58:00.232] [main/INFO] [net.minecraft.world.item.crafting.RecipeManager/]: Skipping loading recipe delightful:integration/farmersrespite/emptying/azalea_tea as it's serializer returned null
[04Mar2025 21:58:00.233] [main/INFO] [net.minecraft.world.item.crafting.RecipeManager/]: Skipping loading recipe delightful:knives/smelting/bone/bone_meal_from_smelting_chestplate as it's serializer returned null
[04Mar2025 21:58:00.234] [main/INFO] [net.minecraft.world.item.crafting.RecipeManager/]: Skipping loading recipe delightful:knives/blasting/tin_thermal as it's serializer returned null
[04Mar2025 21:58:00.234] [main/INFO] [net.minecraft.world.item.crafting.RecipeManager/]: Skipping loading recipe vintagedelight:pb_j as it's serializer returned null
[04Mar2025 21:58:00.246] [main/INFO] [net.minecraft.world.item.crafting.RecipeManager/]: Skipping loading recipe delightful:knives/smelting/nickel_thermal as it's serializer returned null
[04Mar2025 21:58:00.247] [main/INFO] [net.minecraft.world.item.crafting.RecipeManager/]: Skipping loading recipe delightful:food/cooking/nut_milk as it's serializer returned null
[04Mar2025 21:58:00.247] [main/INFO] [net.minecraft.world.item.crafting.RecipeManager/]: Skipping loading recipe delightful:knives/draco_arcanus_knife as it's serializer returned null
[04Mar2025 21:58:00.249] [main/INFO] [net.minecraft.world.item.crafting.RecipeManager/]: Skipping loading recipe vintagedelight:stuffed_burrito as it's serializer returned null
[04Mar2025 21:58:00.249] [main/INFO] [net.minecraft.world.item.crafting.RecipeManager/]: Skipping loading recipe sprout:water_sausage as it's serializer returned null
[04Mar2025 21:58:00.250] [main/INFO] [net.minecraft.world.item.crafting.RecipeManager/]: Skipping loading recipe delightful:knives/onyx_knife as it's serializer returned null
[04Mar2025 21:58:00.250] [main/INFO] [net.minecraft.world.item.crafting.RecipeManager/]: Skipping loading recipe sunflowerdelight:cutting/rose_bush as it's serializer returned null
[04Mar2025 21:58:00.252] [main/INFO] [net.minecraft.world.item.crafting.RecipeManager/]: Skipping loading recipe delightful:integration/autumnity/cutting/large_pumpkin_slice as it's serializer returned null
[04Mar2025 21:58:00.252] [main/INFO] [net.minecraft.world.item.crafting.RecipeManager/]: Skipping loading recipe delightful:integration/biomeswevegone/yucca_fruit_crate as it's serializer returned null
[04Mar2025 21:58:00.254] [main/INFO] [net.minecraft.world.item.crafting.RecipeManager/]: Skipping loading recipe delightful:knives/smithing/warden_knife as it's serializer returned null
[04Mar2025 21:58:00.254] [main/INFO] [net.minecraft.world.item.crafting.RecipeManager/]: Skipping loading recipe additionaladditions:fried_egg_from_smoking as it's serializer returned null
[04Mar2025 21:58:00.262] [main/INFO] [net.minecraft.world.item.crafting.RecipeManager/]: Skipping loading recipe delightful:knives/lapis_lazuli_knife as it's serializer returned null
[04Mar2025 21:58:00.269] [main/INFO] [net.minecraft.world.item.crafting.RecipeManager/]: Skipping loading recipe frozenup:truffle_cake_from_chocolate as it's serializer returned null
[04Mar2025 21:58:00.270] [main/INFO] [net.minecraft.world.item.crafting.RecipeManager/]: Skipping loading recipe delightful:knives/smelting/bronze_thermal as it's serializer returned null
[04Mar2025 21:58:00.276] [main/INFO] [net.minecraft.world.item.crafting.RecipeManager/]: Skipping loading recipe wildberries:cutting/sweet_berry_pie as it's serializer returned null
[04Mar2025 21:58:00.276] [main/INFO] [net.minecraft.world.item.crafting.RecipeManager/]: Skipping loading recipe delightful:knives/blasting/tin_mekanism as it's serializer returned null
[04Mar2025 21:58:00.281] [main/INFO] [net.minecraft.world.item.crafting.RecipeManager/]: Skipping loading recipe delightful:knives/steel_knife as it's serializer returned null
[04Mar2025 21:58:00.282] [main/INFO] [net.minecraft.world.item.crafting.RecipeManager/]: Skipping loading recipe delightful:knives/blasting/diamond_diamond_nuggets as it's serializer returned null
[04Mar2025 21:58:00.282] [main/INFO] [net.minecraft.world.item.crafting.RecipeManager/]: Skipping loading recipe delightful:knives/smelting/copper_copperized as it's serializer returned null
[04Mar2025 21:58:00.283] [main/INFO] [net.minecraft.world.item.crafting.RecipeManager/]: Skipping loading recipe delightful:food/cooking/coconut_curry_no_ginger as it's serializer returned null
[04Mar2025 21:58:00.283] [main/ERROR] [net.minecraft.world.item.crafting.RecipeManager/]: Parsing error loading recipe twilightdelight:neapolitan/phytochemical_cake_slice: com.google.gson.JsonSyntaxException: Unknown item 'twilightdelight:phytochemical_cake'
[04Mar2025 21:58:00.283] [main/INFO] [net.minecraft.world.item.crafting.RecipeManager/]: Skipping loading recipe twilightforest:jeed/frosted as it's serializer returned null
[04Mar2025 21:58:00.291] [main/INFO] [net.minecraft.world.item.crafting.RecipeManager/]: Skipping loading recipe vampiresdelight:blood_hot_dog as it's serializer returned null
[04Mar2025 21:58:00.295] [main/INFO] [net.minecraft.world.item.crafting.RecipeManager/]: Skipping loading recipe cratedelight:salmon_crate as it's serializer returned null
[04Mar2025 21:58:00.299] [main/INFO] [net.minecraft.world.item.crafting.RecipeManager/]: Skipping loading recipe delightful:knives/mythril_knife as it's serializer returned null
[04Mar2025 21:58:00.300] [main/INFO] [net.minecraft.world.item.crafting.RecipeManager/]: Skipping loading recipe delightful:integration/ars_nouveau/cutting/blue_archwood_wood as it's serializer returned null
[04Mar2025 21:58:00.300] [main/INFO] [net.minecraft.world.item.crafting.RecipeManager/]: Skipping loading recipe delightful:integration/farmersrespite/emptying/lavender_tea as it's serializer returned null
[04Mar2025 21:58:00.300] [main/INFO] [net.minecraft.world.item.crafting.RecipeManager/]: Skipping loading recipe cratedelight:cocoabeans_bag as it's serializer returned null
[04Mar2025 21:58:00.301] [main/INFO] [net.minecraft.world.item.crafting.RecipeManager/]: Skipping loading recipe delightful:integration/venison as it's serializer returned null
[04Mar2025 21:58:00.305] [main/INFO] [net.minecraft.world.item.crafting.RecipeManager/]: Skipping loading recipe delightful:food/kettle_yh/lavender_tea as it's serializer returned null
[04Mar2025 21:58:00.306] [main/ERROR] [net.minecraft.world.item.crafting.RecipeManager/]: Parsing error loading recipe veggiesdelight:steak_fajitas: com.google.gson.JsonSyntaxException: Unknown item 'veggiesdelight:steak_fajitas'
[04Mar2025 21:58:00.307] [main/INFO] [net.minecraft.world.item.crafting.RecipeManager/]: Skipping loading recipe wildberries:cranberry_pie_from_slices as it's serializer returned null
[04Mar2025 21:58:00.308] [main/INFO] [net.minecraft.world.item.crafting.RecipeManager/]: Skipping loading recipe delightful:knives/steeleaf_knife as it's serializer returned null
[04Mar2025 21:58:00.309] [main/ERROR] [net.minecraft.world.item.crafting.RecipeManager/]: Parsing error loading recipe cozy_home:drawer_quartz_recipe: com.google.gson.JsonSyntaxException: Unknown item 'cozy_home:deleted_mod_element'
[04Mar2025 21:58:00.310] [main/INFO] [net.minecraft.world.item.crafting.RecipeManager/]: Skipping loading recipe twilightforest:jeed/hunger as it's serializer returned null
[04Mar2025 21:58:00.311] [main/ERROR] [net.minecraft.world.item.crafting.RecipeManager/]: Parsing error loading recipe vintagedelight:fermenting/frost_fermenta: com.google.gson.JsonSyntaxException: Unknown item 'minecraft:rotten_tomato'
[04Mar2025 21:58:00.311] [main/ERROR] [net.minecraft.world.item.crafting.RecipeManager/]: Parsing error loading recipe farmerslarder:milk_from_nuts_kettle_recipe: com.google.gson.JsonParseException: No base fluid for brewing recipe
[04Mar2025 21:58:00.317] [main/INFO] [net.minecraft.world.item.crafting.RecipeManager/]: Skipping loading recipe delightful:integration/farmersrespite/filling/azalea_tea as it's serializer returned null
[04Mar2025 21:58:00.317] [main/INFO] [net.minecraft.world.item.crafting.RecipeManager/]: Skipping loading recipe delightful:integration/biomeswevegone/cutting/green_apple_pie as it's serializer returned null
[04Mar2025 21:58:00.317] [main/INFO] [net.minecraft.world.item.crafting.RecipeManager/]: Skipping loading recipe cratedelight:sugar_bag as it's serializer returned null
[04Mar2025 21:58:00.317] [main/INFO] [net.minecraft.world.item.crafting.RecipeManager/]: Skipping loading recipe duckling:pumpkin_pie as it's serializer returned null
[04Mar2025 21:58:00.318] [main/ERROR] [net.minecraft.world.item.crafting.RecipeManager/]: Parsing error loading recipe alexsdelight:barbecue_on_a_stick: com.google.gson.JsonSyntaxException: Unknown item 'amfd:singular_cooked_moose_rib'
[04Mar2025 21:58:00.319] [main/INFO] [net.minecraft.world.item.crafting.RecipeManager/]: Skipping loading recipe vintagedelight:deluxe_burger_from_bun as it's serializer returned null
[04Mar2025 21:58:00.319] [main/INFO] [net.minecraft.world.item.crafting.RecipeManager/]: Skipping loading recipe wildberries:cutting/blackberry_pie as it's serializer returned null
[04Mar2025 21:58:00.319] [main/ERROR] [net.minecraft.world.item.crafting.RecipeManager/]: Parsing error loading recipe twilightdelight:neapolitan/aurora_cake_slice: com.google.gson.JsonSyntaxException: Unknown item 'twilightdelight:aurora_cake'
[04Mar2025 21:58:00.319] [main/INFO] [net.minecraft.world.item.crafting.RecipeManager/]: Skipping loading recipe delightful:cutting/makes_dye/lime as it's serializer returned null
[04Mar2025 21:58:00.320] [main/INFO] [net.minecraft.world.item.crafting.RecipeManager/]: Skipping loading recipe duckling:cake as it's serializer returned null
[04Mar2025 21:58:00.321] [main/INFO] [net.minecraft.world.item.crafting.RecipeManager/]: Skipping loading recipe cratedelight:egg_crate as it's serializer returned null
[04Mar2025 21:58:00.322] [main/INFO] [net.minecraft.world.item.crafting.RecipeManager/]: Skipping loading recipe cratedelight:golden_apple_crate as it's serializer returned null
[04Mar2025 21:58:00.322] [main/INFO] [net.minecraft.world.item.crafting.RecipeManager/]: Skipping loading recipe delightful:integration/unusualend/chorus_muffin as it's serializer returned null
[04Mar2025 21:58:00.401] [main/INFO] [net.minecraft.world.item.crafting.RecipeManager/]: Skipping loading recipe delightful:knives/smelting/silver_eidolon as it's serializer returned null
[04Mar2025 21:58:00.406] [main/ERROR] [net.minecraft.world.item.crafting.RecipeManager/]: Parsing error loading recipe twilightdelight:rainbow_ice_cream: com.google.gson.JsonSyntaxException: Unknown item 'twilightdelight:aurora_ice_cream'
[04Mar2025 21:58:00.407] [main/INFO] [net.minecraft.world.item.crafting.RecipeManager/]: Skipping loading recipe delightful:knives/holystone_knife as it's serializer returned null
[04Mar2025 21:58:00.407] [main/INFO] [net.minecraft.world.item.crafting.RecipeManager/]: Skipping loading recipe delightful:knives/blasting/constantan_immersiveengineering as it's serializer returned null
[04Mar2025 21:58:00.419] [main/INFO] [net.minecraft.world.item.crafting.RecipeManager/]: Skipping loading recipe delightful:integration/rottenleather/chunkwich as it's serializer returned null
[04Mar2025 21:58:00.420] [main/INFO] [net.minecraft.world.item.crafting.RecipeManager/]: Skipping loading recipe delightful:knives/smelting/steel_immersiveengineering as it's serializer returned null
[04Mar2025 21:58:00.421] [main/INFO] [net.minecraft.world.item.crafting.RecipeManager/]: Skipping loading recipe undergardendelight:cutting/knife/gloomgourd_pie as it's serializer returned null
[04Mar2025 21:58:00.422] [main/INFO] [net.minecraft.world.item.crafting.RecipeManager/]: Skipping loading recipe delightful:knives/thyrium_knife as it's serializer returned null
[04Mar2025 21:58:00.422] [main/INFO] [net.minecraft.world.item.crafting.RecipeManager/]: Skipping loading recipe wildberries:glow_berry_pie_from_slices as it's serializer returned null
[04Mar2025 21:58:00.422] [main/INFO] [net.minecraft.world.item.crafting.RecipeManager/]: Skipping loading recipe abnormals_delight:buzzier_bees/cutting/white_clover as it's serializer returned null
[04Mar2025 21:58:00.427] [main/INFO] [net.minecraft.world.item.crafting.RecipeManager/]: Skipping loading recipe delightful:knives/blasting/constantan_thermal as it's serializer returned null
[04Mar2025 21:58:00.427] [main/INFO] [net.minecraft.world.item.crafting.RecipeManager/]: Skipping loading recipe delightful:integration/ecologics/bowl_from_coconut_husk as it's serializer returned null
[04Mar2025 21:58:00.428] [main/INFO] [net.minecraft.world.item.crafting.RecipeManager/]: Skipping loading recipe delightful:knives/zanite_knife as it's serializer returned null
[04Mar2025 21:58:00.435] [main/INFO] [net.minecraft.world.item.crafting.RecipeManager/]: Skipping loading recipe delightful:cutting/raw_venison as it's serializer returned null
[04Mar2025 21:58:00.440] [main/INFO] [net.minecraft.world.item.crafting.RecipeManager/]: Skipping loading recipe ars_nouveau:source_berry_roll as it's serializer returned null
[04Mar2025 21:58:00.441] [main/INFO] [net.minecraft.world.item.crafting.RecipeManager/]: Skipping loading recipe delightful:knives/electrum_knife as it's serializer returned null
[04Mar2025 21:58:00.441] [main/INFO] [net.minecraft.world.item.crafting.RecipeManager/]: Skipping loading recipe delightful:integration/sunflowerdelight/red_dye_from_rosebud as it's serializer returned null
[04Mar2025 21:58:00.442] [main/INFO] [net.minecraft.world.item.crafting.RecipeManager/]: Skipping loading recipe delightful:knives/smelting/silver_immersiveengineering as it's serializer returned null
[04Mar2025 21:58:00.444] [main/INFO] [net.minecraft.world.item.crafting.RecipeManager/]: Skipping loading recipe delightful:knives/smelting/invar_thermal as it's serializer returned null
[04Mar2025 21:58:00.444] [main/INFO] [net.minecraft.world.item.crafting.RecipeManager/]: Skipping loading recipe delightful:cutting/makes_dye/cyan as it's serializer returned null
[04Mar2025 21:58:00.444] [main/INFO] [net.minecraft.world.item.crafting.RecipeManager/]: Skipping loading recipe wildberries:raspberry_pie_from_slices as it's serializer returned null
[04Mar2025 21:58:00.445] [main/INFO] [net.minecraft.world.item.crafting.RecipeManager/]: Skipping loading recipe delightful:knives/smithing/stratus_knife as it's serializer returned null
[04Mar2025 21:58:00.447] [main/INFO] [net.minecraft.world.item.crafting.RecipeManager/]: Skipping loading recipe casualness_delight:cutting/cheese_wheel as it's serializer returned null
[04Mar2025 21:58:00.450] [main/INFO] [net.minecraft.world.item.crafting.RecipeManager/]: Skipping loading recipe casualness_delight:crafting_shaped/donkey_burger as it's serializer returned null
[04Mar2025 21:58:00.450] [main/INFO] [net.minecraft.world.item.crafting.RecipeManager/]: Skipping loading recipe delightful:knives/blasting/lead_immersiveengineering as it's serializer returned null
[04Mar2025 21:58:00.450] [main/INFO] [net.minecraft.world.item.crafting.RecipeManager/]: Skipping loading recipe delightful:knives/blasting/bone/bone_meal_from_blasting_shovel as it's serializer returned null
[04Mar2025 21:58:00.451] [main/INFO] [net.minecraft.world.item.crafting.RecipeManager/]: Skipping loading recipe untameddelight:boar_hamburger as it's serializer returned null
[04Mar2025 21:58:00.451] [main/ERROR] [net.minecraft.world.item.crafting.RecipeManager/]: Parsing error loading recipe veggiesdelight:botany/wild_sweet_potatoes: com.google.gson.JsonSyntaxException: Invalid or unsupported recipe type 'botanypots:crop'
[04Mar2025 21:58:00.455] [main/ERROR] [net.minecraft.world.item.crafting.RecipeManager/]: Parsing error loading recipe cozy_home:andesite_brick_to_block_recipe: com.google.gson.JsonSyntaxException: Unknown item 'cozy_home:andesite_brick'
[04Mar2025 21:58:00.456] [main/INFO] [net.minecraft.world.item.crafting.RecipeManager/]: Skipping loading recipe sunflowerdelight:cooking/rose_lemonade as it's serializer returned null
[04Mar2025 21:58:00.456] [main/INFO] [net.minecraft.world.item.crafting.RecipeManager/]: Skipping loading recipe duckling:holiday_fruit_cake as it's serializer returned null
[04Mar2025 21:58:00.456] [main/INFO] [net.minecraft.world.item.crafting.RecipeManager/]: Skipping loading recipe delightful:food/marshmallow_stick_create_confectionery as it's serializer returned null
[04Mar2025 21:58:00.457] [main/INFO] [net.minecraft.world.item.crafting.RecipeManager/]: Skipping loading recipe delightful:knives/repairing/skyjade_knife as it's serializer returned null
[04Mar2025 21:58:00.459] [main/INFO] [net.minecraft.world.item.crafting.RecipeManager/]: Skipping loading recipe supplementaries:pancake_fd as it's serializer returned null
[04Mar2025 21:58:00.462] [main/INFO] [net.minecraft.world.item.crafting.RecipeManager/]: Skipping loading recipe delightful:food/honey_glazed_walnut as it's serializer returned null
[04Mar2025 21:58:00.463] [main/INFO] [net.minecraft.world.item.crafting.RecipeManager/]: Skipping loading recipe delightful:knives/repairing/stratus_knife as it's serializer returned null
[04Mar2025 21:58:00.466] [main/INFO] [net.minecraft.world.item.crafting.RecipeManager/]: Skipping loading recipe delightful:knives/smithing/pearlescent_knife as it's serializer returned null
[04Mar2025 21:58:00.466] [main/INFO] [net.minecraft.world.item.crafting.RecipeManager/]: Skipping loading recipe neapolitan:banana/banana_bread as it's serializer returned null
[04Mar2025 21:58:00.470] [main/INFO] [net.minecraft.world.item.crafting.RecipeManager/]: Skipping loading recipe delightful:food/cooking/sinigang as it's serializer returned null
[04Mar2025 21:58:00.470] [main/INFO] [net.minecraft.world.item.crafting.RecipeManager/]: Skipping loading recipe delightful:knives/smithing/fluix_knife as it's serializer returned null
[04Mar2025 21:58:00.472] [main/ERROR] [net.minecraft.world.item.crafting.RecipeManager/]: Parsing error loading recipe farmerslarder:cactus_juice_kettle_recipe: com.google.gson.JsonParseException: No base fluid for brewing recipe
[04Mar2025 21:58:00.473] [main/INFO] [net.minecraft.world.item.crafting.RecipeManager/]: Skipping loading recipe deep_aether:skyroot_milk_bucket_cake as it's serializer returned null
[04Mar2025 21:58:00.474] [main/INFO] [net.minecraft.world.item.crafting.RecipeManager/]: Skipping loading recipe delightful:integration/ars_nouveau/cutting/green_archwood_log as it's serializer returned null
[04Mar2025 21:58:00.474] [main/INFO] [net.minecraft.world.item.crafting.RecipeManager/]: Skipping loading recipe delightful:integration/immersiveengineering/squeezer/salmonberry_pips as it's serializer returned null
[04Mar2025 21:58:00.479] [main/INFO] [net.minecraft.world.item.crafting.RecipeManager/]: Skipping loading recipe buzzier_bees:white_clover_compat as it's serializer returned null
[04Mar2025 21:58:00.480] [main/INFO] [net.minecraft.world.item.crafting.RecipeManager/]: Skipping loading recipe delightful:knives/smelting/tin_thermal as it's serializer returned null
[04Mar2025 21:58:00.480] [main/INFO] [net.minecraft.world.item.crafting.RecipeManager/]: Skipping loading recipe delightful:food/cooking/glow_jam_jar as it's serializer returned null
[04Mar2025 21:58:00.481] [main/INFO] [net.minecraft.world.item.crafting.RecipeManager/]: Skipping loading recipe delightful:knives/blasting/bone/bone_meal_from_blasting_leggings as it's serializer returned null
[04Mar2025 21:58:00.481] [main/ERROR] [net.minecraft.world.item.crafting.RecipeManager/]: Parsing error loading recipe twilightdelight:refreshing_ice_cream: com.google.gson.JsonSyntaxException: Unknown item 'twilightdelight:glacier_ice_cream'
[04Mar2025 21:58:00.481] [main/INFO] [net.minecraft.world.item.crafting.RecipeManager/]: Skipping loading recipe delightful:food/cooking/venison_stew_no_animal_fat as it's serializer returned null
[04Mar2025 21:58:00.481] [main/INFO] [net.minecraft.world.item.crafting.RecipeManager/]: Skipping loading recipe delightful:knives/smithing/netherite_opal_knife as it's serializer returned null
[04Mar2025 21:58:00.482] [main/INFO] [net.minecraft.world.item.crafting.RecipeManager/]: Skipping loading recipe seasonals:crafting/pumpkin_adzuki_stew as it's serializer returned null
[04Mar2025 21:58:00.484] [main/INFO] [net.minecraft.world.item.crafting.RecipeManager/]: Skipping loading recipe delightful:matcha_ice_cream_block as it's serializer returned null
[04Mar2025 21:58:00.485] [main/INFO] [net.minecraft.world.item.crafting.RecipeManager/]: Skipping loading recipe delightful:knives/blasting/bone/bone_meal_from_blasting_chestplate as it's serializer returned null
[04Mar2025 21:58:00.485] [main/INFO] [net.minecraft.world.item.crafting.RecipeManager/]: Skipping loading recipe delightful:knives/skyroot_knife as it's serializer returned null
[04Mar2025 21:58:00.489] [main/ERROR] [net.minecraft.world.item.crafting.RecipeManager/]: Parsing error loading recipe cozy_home:spruce_fireplace_recipe: com.google.gson.JsonSyntaxException: Unknown item 'cozy_home:plank_spruce_0'
[04Mar2025 21:58:00.490] [main/INFO] [net.minecraft.world.item.crafting.RecipeManager/]: Skipping loading recipe vintagedelight:cheese_burger_from_bun as it's serializer returned null
[04Mar2025 21:58:00.490] [main/ERROR] [net.minecraft.world.item.crafting.RecipeManager/]: Parsing error loading recipe veggiesdelight:botany/cauliflower: com.google.gson.JsonSyntaxException: Invalid or unsupported recipe type 'botanypots:crop'
[04Mar2025 21:58:00.491] [main/INFO] [net.minecraft.world.item.crafting.RecipeManager/]: Skipping loading recipe supplementaries:soap_from_animal_fat as it's serializer returned null
[04Mar2025 21:58:00.496] [main/INFO] [net.minecraft.world.item.crafting.RecipeManager/]: Skipping loading recipe delightful:integration/ars_nouveau/source_berry_pie_from_slices as it's serializer returned null
[04Mar2025 21:58:00.496] [main/INFO] [net.minecraft.world.item.crafting.RecipeManager/]: Skipping loading recipe delightful:integration/habitat/cutting/tall_red_anthurium as it's serializer returned null
[04Mar2025 21:58:00.496] [main/INFO] [net.minecraft.world.item.crafting.RecipeManager/]: Skipping loading recipe delightful:knives/smithing/obsidian_infused_enderite_knife as it's serializer returned null
[04Mar2025 21:58:00.496] [main/ERROR] [net.minecraft.world.item.crafting.RecipeManager/]: Parsing error loading recipe veggiesdelight:botany/garlic: com.google.gson.JsonSyntaxException: Invalid or unsupported recipe type 'botanypots:crop'
[04Mar2025 21:58:00.497] [main/INFO] [net.minecraft.world.item.crafting.RecipeManager/]: Skipping loading recipe delightful:knives/smithing/enderite_knife as it's serializer returned null
[04Mar2025 21:58:00.497] [main/INFO] [net.minecraft.world.item.crafting.RecipeManager/]: Skipping loading recipe delightful:knives/utherium_knife as it's serializer returned null
[04Mar2025 21:58:00.497] [main/INFO] [net.minecraft.world.item.crafting.RecipeManager/]: Skipping loading recipe frozenup:mug_of_milk as it's serializer returned null
[04Mar2025 21:58:00.503] [main/INFO] [net.minecraft.world.item.crafting.RecipeManager/]: Skipping loading recipe delightful:integration/ars_nouveau/unpack_mendosteen_crate as it's serializer returned null
[04Mar2025 21:58:00.504] [main/INFO] [net.minecraft.world.item.crafting.RecipeManager/]: Skipping loading recipe delightful:knives/kiwano_knife as it's serializer returned null
[04Mar2025 21:58:00.505] [main/INFO] [net.minecraft.world.item.crafting.RecipeManager/]: Skipping loading recipe delightful:knives/repairing/zanite_knife as it's serializer returned null
[04Mar2025 21:58:00.509] [main/INFO] [net.minecraft.world.item.crafting.RecipeManager/]: Skipping loading recipe delightful:cutting/small_cactus as it's serializer returned null
[04Mar2025 21:58:00.509] [main/INFO] [net.minecraft.world.item.crafting.RecipeManager/]: Skipping loading recipe delightful:knives/leaf_knife as it's serializer returned null
[04Mar2025 21:58:00.512] [main/INFO] [net.minecraft.world.item.crafting.RecipeManager/]: Skipping loading recipe delightful:knives/smelting/bone/bone_meal_from_smelting_leggings as it's serializer returned null
[04Mar2025 21:58:00.513] [main/INFO] [net.minecraft.world.item.crafting.RecipeManager/]: Skipping loading recipe delightful:cutting/cooked_venison as it's serializer returned null
[04Mar2025 21:58:00.514] [main/INFO] [net.minecraft.world.item.crafting.RecipeManager/]: Skipping loading recipe biomeswevegone:green_apple_pie as it's serializer returned null
[04Mar2025 21:58:00.514] [main/ERROR] [net.minecraft.world.item.crafting.RecipeManager/]: Parsing error loading recipe veggiesdelight:botany/sweet_potato: com.google.gson.JsonSyntaxException: Invalid or unsupported recipe type 'botanypots:crop'
[04Mar2025 21:58:00.515] [main/INFO] [net.minecraft.world.item.crafting.RecipeManager/]: Skipping loading recipe abnormals_delight:autumnity/pumpkin_bread as it's serializer returned null
[04Mar2025 21:58:00.515] [main/INFO] [net.minecraft.world.item.crafting.RecipeManager/]: Skipping loading recipe delightful:knives/blasting/silver_immersiveengineering as it's serializer returned null
[04Mar2025 21:58:00.518] [main/INFO] [net.minecraft.world.item.crafting.RecipeManager/]: Skipping loading recipe delightful:food/cooking/nut_milk_from_skyroot_bucket as it's serializer returned null
[04Mar2025 21:58:00.518] [main/INFO] [net.minecraft.world.item.crafting.RecipeManager/]: Skipping loading recipe naturalist:pumpkin_pie as it's serializer returned null
[04Mar2025 21:58:00.518] [main/INFO] [net.minecraft.world.item.crafting.RecipeManager/]: Skipping loading recipe delightful:knives/constantan_knife as it's serializer returned null
[04Mar2025 21:58:00.519] [main/INFO] [net.minecraft.world.item.crafting.RecipeManager/]: Skipping loading recipe delightful:knives/smelting/bone/bone_meal_from_smelting_shovel as it's serializer returned null
[04Mar2025 21:58:00.520] [main/INFO] [net.minecraft.world.item.crafting.RecipeManager/]: Skipping loading recipe delightful:integration/ars_nouveau/frostaya_crate as it's serializer returned null
[04Mar2025 21:58:00.520] [main/INFO] [net.minecraft.world.item.crafting.RecipeManager/]: Skipping loading recipe buzzier_bees:white_clover as it's serializer returned null
[04Mar2025 21:58:00.520] [main/INFO] [net.minecraft.world.item.crafting.RecipeManager/]: Skipping loading recipe delightful:integration/ars_nouveau/unpack_bastion_fruit_crate as it's serializer returned null
[04Mar2025 21:58:00.520] [main/INFO] [net.minecraft.world.item.crafting.RecipeManager/]: Skipping loading recipe frozenup:mug_of_truffle_hot_chocolate as it's serializer returned null
[04Mar2025 21:58:00.521] [main/INFO] [net.minecraft.world.item.crafting.RecipeManager/]: Skipping loading recipe wildberries:cutting/raspberry_pie as it's serializer returned null
[04Mar2025 21:58:00.522] [main/INFO] [net.minecraft.world.item.crafting.RecipeManager/]: Skipping loading recipe delightful:knives/blasting/silver_eidolon as it's serializer returned null
[04Mar2025 21:58:00.523] [main/INFO] [net.minecraft.world.item.crafting.RecipeManager/]: Skipping loading recipe delightful:integration/biomeswevegone/blueberry_pie_from_slices as it's serializer returned null
[04Mar2025 21:58:00.524] [main/INFO] [net.minecraft.world.item.crafting.RecipeManager/]: Skipping loading recipe delightful:knives/skyjade_knife as it's serializer returned null
[04Mar2025 21:58:00.524] [main/INFO] [net.minecraft.world.item.crafting.RecipeManager/]: Skipping loading recipe delightful:integration/ars_nouveau/cutting/source_berry_pie as it's serializer returned null
[04Mar2025 21:58:00.527] [main/INFO] [net.minecraft.world.item.crafting.RecipeManager/]: Skipping loading recipe delightful:knives/smelting/osmium_mekanism as it's serializer returned null
[04Mar2025 21:58:00.531] [main/INFO] [net.minecraft.world.item.crafting.RecipeManager/]: Skipping loading recipe delightful:knives/invar_knife as it's serializer returned null
[04Mar2025 21:58:00.535] [main/INFO] [net.minecraft.world.item.crafting.RecipeManager/]: Skipping loading recipe delightful:knives/knightmetal_knife as it's serializer returned null
[04Mar2025 21:58:00.536] [main/INFO] [net.minecraft.world.item.crafting.RecipeManager/]: Skipping loading recipe deep_aether:cake as it's serializer returned null
[04Mar2025 21:58:00.537] [main/INFO] [net.minecraft.world.item.crafting.RecipeManager/]: Skipping loading recipe additionaladditions:honeyed_apple as it's serializer returned null
[04Mar2025 21:58:00.540] [main/INFO] [net.minecraft.world.item.crafting.RecipeManager/]: Skipping loading recipe delightful:integration/ars_nouveau/cutting/purple_archwood_log as it's serializer returned null
[04Mar2025 21:58:00.540] [main/INFO] [net.minecraft.world.item.crafting.RecipeManager/]: Skipping loading recipe delightful:knives/copper_knife as it's serializer returned null
[04Mar2025 21:58:00.540] [main/INFO] [net.minecraft.world.item.crafting.RecipeManager/]: Skipping loading recipe twilightforest:jeed/blindness as it's serializer returned null
[04Mar2025 21:58:00.540] [main/INFO] [net.minecraft.world.item.crafting.RecipeManager/]: Skipping loading recipe delightful:knives/blasting/emerald_emeraldequipment as it's serializer returned null
[04Mar2025 21:58:00.540] [main/INFO] [net.minecraft.world.item.crafting.RecipeManager/]: Skipping loading recipe casualness_delight:crafting_shaped/green_tongue as it's serializer returned null
[04Mar2025 21:58:00.540] [main/INFO] [net.minecraft.world.item.crafting.RecipeManager/]: Skipping loading recipe delightful:knives/bronze_knife as it's serializer returned null
[04Mar2025 21:58:00.545] [main/INFO] [net.minecraft.world.item.crafting.RecipeManager/]: Skipping loading recipe delightful:integration/habitat/cutting/kabloom_fruit as it's serializer returned null
[04Mar2025 21:58:00.548] [main/INFO] [net.minecraft.world.item.crafting.RecipeManager/]: Skipping loading recipe delightful:integration/ars_nouveau/unpack_frostaya_crate as it's serializer returned null
[04Mar2025 21:58:00.548] [main/INFO] [net.minecraft.world.item.crafting.RecipeManager/]: Skipping loading recipe aether:nature_staff as it's serializer returned null
[04Mar2025 21:58:00.549] [main/INFO] [net.minecraft.world.item.crafting.RecipeManager/]: Skipping loading recipe cratedelight:apple_crate as it's serializer returned null
[04Mar2025 21:58:00.549] [main/INFO] [net.minecraft.world.item.crafting.RecipeManager/]: Skipping loading recipe delightful:integration/farmersrespite/pouring/azalea_tea as it's serializer returned null
[04Mar2025 21:58:00.550] [main/INFO] [net.minecraft.world.item.crafting.RecipeManager/]: Skipping loading recipe delightful:integration/aether_redux/infuse_and_charge_infused_veridium_knife as it's serializer returned null
[04Mar2025 21:58:00.550] [main/INFO] [net.minecraft.world.item.crafting.RecipeManager/]: Skipping loading recipe aether:moa_egg_cake as it's serializer returned null
[04Mar2025 21:58:00.550] [main/INFO] [net.minecraft.world.item.crafting.RecipeManager/]: Skipping loading recipe buzzier_bees:pink_clover_compat as it's serializer returned null
[04Mar2025 21:58:00.554] [main/INFO] [net.minecraft.world.item.crafting.RecipeManager/]: Skipping loading recipe wildberries:blackberry_pie as it's serializer returned null
[04Mar2025 21:58:00.555] [main/INFO] [net.minecraft.world.item.crafting.RecipeManager/]: Skipping loading recipe delightful:knives/black_opal_knife as it's serializer returned null
[04Mar2025 21:58:00.555] [main/INFO] [net.minecraft.world.item.crafting.RecipeManager/]: Skipping loading recipe delightful:integration/atmospheric/lime_dye_from_aloe as it's serializer returned null
[04Mar2025 21:58:00.555] [main/INFO] [net.minecraft.world.item.crafting.RecipeManager/]: Skipping loading recipe delightful:integration/cooked_venison as it's serializer returned null
[04Mar2025 21:58:00.556] [main/INFO] [net.minecraft.world.item.crafting.RecipeManager/]: Skipping loading recipe delightful:integration/sunflowerdelight/cutting/rosebud as it's serializer returned null
[04Mar2025 21:58:00.559] [main/INFO] [net.minecraft.world.item.crafting.RecipeManager/]: Skipping loading recipe delightful:knives/aluminum_knife as it's serializer returned null
[04Mar2025 21:58:00.564] [main/INFO] [net.minecraft.world.item.crafting.RecipeManager/]: Skipping loading recipe delightful:food/cooking/crab_rangoon as it's serializer returned null
[04Mar2025 21:58:00.565] [main/INFO] [net.minecraft.world.item.crafting.RecipeManager/]: Skipping loading recipe frozenup:mug_of_chocolate_milk_from_chocolate as it's serializer returned null
[04Mar2025 21:58:00.565] [main/INFO] [net.minecraft.world.item.crafting.RecipeManager/]: Skipping loading recipe botanypots:rusticdelight/crop/wild_coffee as it's serializer returned null
[04Mar2025 21:58:00.567] [main/INFO] [net.minecraft.world.item.crafting.RecipeManager/]: Skipping loading recipe delightful:knives/smelting/nickel_immersiveengineering as it's serializer returned null
[04Mar2025 21:58:00.571] [main/INFO] [net.minecraft.world.item.crafting.RecipeManager/]: Skipping loading recipe delightful:knives/blasting/bone/bone_meal_from_blasting_hoe as it's serializer returned null
[04Mar2025 21:58:00.572] [main/INFO] [net.minecraft.world.item.crafting.RecipeManager/]: Skipping loading recipe delightful:knives/amethyst_knife as it's serializer returned null
[04Mar2025 21:58:00.573] [main/ERROR] [net.minecraft.world.item.crafting.RecipeManager/]: Parsing error loading recipe farmerslarder:pumpkin_juice_kettle_recipe: com.google.gson.JsonParseException: No base fluid for brewing recipe
[04Mar2025 21:58:00.573] [main/INFO] [net.minecraft.world.item.crafting.RecipeManager/]: Skipping loading recipe delightful:knives/smelting/tin_mekanism as it's serializer returned null
[04Mar2025 21:58:00.574] [main/INFO] [net.minecraft.world.item.crafting.RecipeManager/]: Skipping loading recipe wildberries:cranberry_pie as it's serializer returned null
[04Mar2025 21:58:00.574] [main/INFO] [net.minecraft.world.item.crafting.RecipeManager/]: Skipping loading recipe delightful:knives/smelting/electrum_immersiveengineering as it's serializer returned null
[04Mar2025 21:58:00.575] [main/INFO] [net.minecraft.world.item.crafting.RecipeManager/]: Skipping loading recipe delightful:integration/create_sa/gilded_quartz_knife as it's serializer returned null
[04Mar2025 21:58:00.575] [main/INFO] [net.minecraft.world.item.crafting.RecipeManager/]: Skipping loading recipe delightful:knives/smithing/alf_knife as it's serializer returned null
[04Mar2025 21:58:00.576] [main/INFO] [net.minecraft.world.item.crafting.RecipeManager/]: Skipping loading recipe delightful:knives/smelting/bone/bone_meal_from_smelting_pickaxe as it's serializer returned null
[04Mar2025 21:58:00.576] [main/INFO] [net.minecraft.world.item.crafting.RecipeManager/]: Skipping loading recipe seasonals:crafting/pumpkin_puree as it's serializer returned null
[04Mar2025 21:58:00.578] [main/INFO] [net.minecraft.world.item.crafting.RecipeManager/]: Skipping loading recipe delightful:cutting/makes_dye/orange as it's serializer returned null
[04Mar2025 21:58:00.578] [main/ERROR] [net.minecraft.world.item.crafting.RecipeManager/]: Parsing error loading recipe farmerslarder:bear_jerky_recipe: com.google.gson.JsonSyntaxException: Unknown item 'untameddelight:bear_steak'
[04Mar2025 21:58:00.578] [main/INFO] [net.minecraft.world.item.crafting.RecipeManager/]: Skipping loading recipe upgrade_aquatic:cutting/mulberry_pie as it's serializer returned null
[04Mar2025 21:58:00.578] [main/INFO] [net.minecraft.world.item.crafting.RecipeManager/]: Skipping loading recipe twilightforest:jeed/poison as it's serializer returned null
[04Mar2025 21:58:00.579] [main/INFO] [net.minecraft.world.item.crafting.RecipeManager/]: Skipping loading recipe delightful:knives/repairing/gravitite_knife as it's serializer returned null
[04Mar2025 21:58:00.580] [main/INFO] [net.minecraft.world.item.crafting.RecipeManager/]: Skipping loading recipe delightful:knives/froststeel_knife as it's serializer returned null
[04Mar2025 21:58:00.580] [main/INFO] [net.minecraft.world.item.crafting.RecipeManager/]: Skipping loading recipe corn_delight:cooking/stuffed_pumpkin_from_cornbread as it's serializer returned null
[04Mar2025 21:58:00.585] [main/INFO] [net.minecraft.world.item.crafting.RecipeManager/]: Skipping loading recipe delightful:integration/ars_nouveau/imbuement_pomegranate as it's serializer returned null
[04Mar2025 21:58:00.589] [main/INFO] [net.minecraft.world.item.crafting.RecipeManager/]: Skipping loading recipe delightful:knives/veridium_knife as it's serializer returned null
[04Mar2025 21:58:00.589] [main/INFO] [net.minecraft.world.item.crafting.RecipeManager/]: Skipping loading recipe biomeswevegone:blooming_oddion as it's serializer returned null
[04Mar2025 21:58:00.590] [main/INFO] [net.minecraft.world.item.crafting.RecipeManager/]: Skipping loading recipe delightful:knives/gravitite_knife as it's serializer returned null
[04Mar2025 21:58:00.590] [main/INFO] [net.minecraft.world.item.crafting.RecipeManager/]: Skipping loading recipe delightful:integration/ars_nouveau/cutting/red_archwood_log as it's serializer returned null
[04Mar2025 21:58:00.590] [main/INFO] [net.minecraft.world.item.crafting.RecipeManager/]: Skipping loading recipe delightful:knives/large_amethyst_knife as it's serializer returned null
[04Mar2025 21:58:00.590] [main/INFO] [net.minecraft.world.item.crafting.RecipeManager/]: Skipping loading recipe delightful:integration/ars_nouveau/source_berry_milkshake as it's serializer returned null
[04Mar2025 21:58:00.591] [main/INFO] [net.minecraft.world.item.crafting.RecipeManager/]: Skipping loading recipe delightful:cutting/makes_dye/pink as it's serializer returned null
[04Mar2025 21:58:00.591] [main/INFO] [net.minecraft.world.item.crafting.RecipeManager/]: Skipping loading recipe delightful:knives/ironwood_knife as it's serializer returned null
[04Mar2025 21:58:00.591] [main/INFO] [net.minecraft.world.item.crafting.RecipeManager/]: Skipping loading recipe wildberries:raspberry_pie as it's serializer returned null
[04Mar2025 21:58:00.592] [main/ERROR] [net.minecraft.world.item.crafting.RecipeManager/]: Parsing error loading recipe twilightdelight:neapolitan/glacier_cake_slice: com.google.gson.JsonSyntaxException: Unknown item 'twilightdelight:glacier_cake'
[04Mar2025 21:58:00.592] [main/INFO] [net.minecraft.world.item.crafting.RecipeManager/]: Skipping loading recipe delightful:knives/smelting/constantan_immersiveengineering as it's serializer returned null
[04Mar2025 21:58:00.593] [main/INFO] [net.minecraft.world.item.crafting.RecipeManager/]: Skipping loading recipe neapolitan:strawberry/strawberry_scones as it's serializer returned null
[04Mar2025 21:58:00.593] [main/INFO] [net.minecraft.world.item.crafting.RecipeManager/]: Skipping loading recipe botanypots:rusticdelight/crop/wild_cotton as it's serializer returned null
[04Mar2025 21:58:00.593] [main/INFO] [net.minecraft.world.item.crafting.RecipeManager/]: Skipping loading recipe delightful:integration/ars_nouveau/bastion_fruit_crate as it's serializer returned null
[04Mar2025 21:58:00.594] [main/INFO] [net.minecraft.world.item.crafting.RecipeManager/]: Skipping loading recipe delightful:knives/experience_knife as it's serializer returned null
[04Mar2025 21:58:00.594] [main/INFO] [net.minecraft.world.item.crafting.RecipeManager/]: Skipping loading recipe delightful:knives/nether_quartz_knife as it's serializer returned null
[04Mar2025 21:58:00.594] [main/INFO] [net.minecraft.world.item.crafting.RecipeManager/]: Skipping loading recipe naturalist:cake as it's serializer returned null
[04Mar2025 21:58:00.595] [main/INFO] [net.minecraft.world.item.crafting.RecipeManager/]: Skipping loading recipe delightful:food/cooking/nut_butter_bottle as it's serializer returned null
[04Mar2025 21:58:00.595] [main/INFO] [net.minecraft.world.item.crafting.RecipeManager/]: Skipping loading recipe delightful:integration/habitat/cutting/ball_cactus_block as it's serializer returned null
[04Mar2025 21:58:00.595] [main/INFO] [net.minecraft.world.item.crafting.RecipeManager/]: Skipping loading recipe delightful:integration/neapolitan/lime_dye_from_mint as it's serializer returned null
[04Mar2025 21:58:00.595] [main/INFO] [net.minecraft.world.item.crafting.RecipeManager/]: Skipping loading recipe delightful:integration/ars_nouveau/cutting/purple_archwood_wood as it's serializer returned null
[04Mar2025 21:58:00.596] [main/INFO] [net.minecraft.world.item.crafting.RecipeManager/]: Skipping loading recipe delightful:food/kettle_yh/azalea_tea as it's serializer returned null
[04Mar2025 21:58:00.599] [main/INFO] [net.minecraft.world.item.crafting.RecipeManager/]: Skipping loading recipe incubation:fried_egg_from_campfire_cooking as it's serializer returned null
[04Mar2025 21:58:00.599] [main/INFO] [net.minecraft.world.item.crafting.RecipeManager/]: Skipping loading recipe ecologics:tropical_stew as it's serializer returned null
[04Mar2025 21:58:00.600] [main/INFO] [net.minecraft.world.item.crafting.RecipeManager/]: Skipping loading recipe delightful:food/cooking/azalea_tea as it's serializer returned null
[04Mar2025 21:58:00.609] [main/INFO] [net.minecraft.world.item.crafting.RecipeManager/]: Skipping loading recipe unusualend:chorus_pie_recipe as it's serializer returned null
[04Mar2025 21:58:00.610] [main/INFO] [net.minecraft.world.item.crafting.RecipeManager/]: Skipping loading recipe frozenup:mug_of_chocolate_milk as it's serializer returned null
[04Mar2025 21:58:00.610] [main/INFO] [net.minecraft.world.item.crafting.RecipeManager/]: Skipping loading recipe aether:skyroot_milk_bucket_moa_egg_cake as it's serializer returned null
[04Mar2025 21:58:00.616] [main/INFO] [net.minecraft.world.item.crafting.RecipeManager/]: Skipping loading recipe delightful:effect_providers/rotten as it's serializer returned null
[04Mar2025 21:58:00.617] [main/INFO] [net.minecraft.world.item.crafting.RecipeManager/]: Skipping loading recipe delightful:knives/terra_knife as it's serializer returned null
[04Mar2025 21:58:00.620] [main/INFO] [net.minecraft.world.item.crafting.RecipeManager/]: Skipping loading recipe twigs:azalea_flowers_from_flowering_azalea as it's serializer returned null
[04Mar2025 21:58:00.621] [main/INFO] [net.minecraft.world.item.crafting.RecipeManager/]: Skipping loading recipe delightful:integration/ars_nouveau/bombegranate_crate as it's serializer returned null
[04Mar2025 21:58:00.625] [main/ERROR] [net.minecraft.world.item.crafting.RecipeManager/]: Parsing error loading recipe farmerslarder:sweet_berry_juice_kettle_recipe: com.google.gson.JsonParseException: No base fluid for brewing recipe
[04Mar2025 21:58:00.625] [main/INFO] [net.minecraft.world.item.crafting.RecipeManager/]: Skipping loading recipe quark:building/stonecutting/mud_pillar_stonecutter as it's serializer returned null
[04Mar2025 21:58:00.626] [main/INFO] [net.minecraft.world.item.crafting.RecipeManager/]: Skipping loading recipe delightful:integration/biomeswevegone/unpack_baobab_fruit_crate as it's serializer returned null
[04Mar2025 21:58:00.626] [main/ERROR] [net.minecraft.world.item.crafting.RecipeManager/]: Parsing error loading recipe farmerslarder:cooking_oil_from_canola_recipe: com.google.gson.JsonSyntaxException: Unknown item 'frycooks_delight:canola_seeds'
[04Mar2025 21:58:00.626] [main/INFO] [net.minecraft.world.item.crafting.RecipeManager/]: Skipping loading recipe wildberries:blackberry_pie_from_slices as it's serializer returned null
[04Mar2025 21:58:00.629] [main/INFO] [net.minecraft.world.item.crafting.RecipeManager/]: Skipping loading recipe delightful:food/clover_honey as it's serializer returned null
[04Mar2025 21:58:00.629] [main/INFO] [net.minecraft.world.item.crafting.RecipeManager/]: Skipping loading recipe finsandtails:crab_sandwich as it's serializer returned null
[04Mar2025 21:58:00.629] [main/INFO] [net.minecraft.world.item.crafting.RecipeManager/]: Skipping loading recipe delightful:knives/blasting/osmium_mekanism as it's serializer returned null
[04Mar2025 21:58:00.631] [main/INFO] [net.minecraft.world.item.crafting.RecipeManager/]: Skipping loading recipe delightful:knives/smelting/bone/bone_meal_from_smelting_boots as it's serializer returned null
[04Mar2025 21:58:00.631] [main/INFO] [net.minecraft.world.item.crafting.RecipeManager/]: Skipping loading recipe delightful:knives/soul_steel_knife as it's serializer returned null
[04Mar2025 21:58:00.632] [main/INFO] [net.minecraft.world.item.crafting.RecipeManager/]: Skipping loading recipe delightful:knives/mixing/blazing_knife as it's serializer returned null
[04Mar2025 21:58:00.632] [main/INFO] [net.minecraft.world.item.crafting.RecipeManager/]: Skipping loading recipe delightful:knives/emerald_knife as it's serializer returned null
[04Mar2025 21:58:00.632] [main/INFO] [net.minecraft.world.item.crafting.RecipeManager/]: Skipping loading recipe delightful:integration/farmersrespite/brewing/azalea_tea_from_water as it's serializer returned null
[04Mar2025 21:58:00.634] [main/INFO] [net.minecraft.world.item.crafting.RecipeManager/]: Skipping loading recipe delightful:knives/blasting/bronze_thermal as it's serializer returned null
[04Mar2025 21:58:00.634] [main/INFO] [net.minecraft.world.item.crafting.RecipeManager/]: Skipping loading recipe delightful:knives/blasting/copper_create as it's serializer returned null
[04Mar2025 21:58:00.639] [main/INFO] [net.minecraft.world.item.crafting.RecipeManager/]: Skipping loading recipe delightful:knives/blasting/copper_copperized as it's serializer returned null
[04Mar2025 21:58:00.644] [main/INFO] [net.minecraft.world.item.crafting.RecipeManager/]: Skipping loading recipe delightful:integration/immersive_weathering/tallow_from_animal_fat as it's serializer returned null
[04Mar2025 21:58:00.644] [main/INFO] [net.minecraft.world.item.crafting.RecipeManager/]: Skipping loading recipe twigs:azalea_flowers_from_flowering_azalea_leaves as it's serializer returned null
[04Mar2025 21:58:00.646] [main/INFO] [net.minecraft.world.item.crafting.RecipeManager/]: Skipping loading recipe delightful:knives/crystalline_knife as it's serializer returned null
[04Mar2025 21:58:00.646] [main/INFO] [net.minecraft.world.item.crafting.RecipeManager/]: Skipping loading recipe delightful:integration/farmersrespite/brewing/lavender_tea_from_water as it's serializer returned null
[04Mar2025 21:58:00.647] [main/INFO] [net.minecraft.world.item.crafting.RecipeManager/]: Skipping loading recipe delightful:knives/refined_glowstone_knife as it's serializer returned null
[04Mar2025 21:58:00.647] [main/INFO] [net.minecraft.world.item.crafting.RecipeManager/]: Skipping loading recipe delightful:integration/habitat/cutting/flowering_pink_ball_cactus_block as it's serializer returned null
[04Mar2025 21:58:00.648] [main/INFO] [net.minecraft.world.item.crafting.RecipeManager/]: Skipping loading recipe phantasm:chorus_fruit_salad as it's serializer returned null
[04Mar2025 21:58:00.651] [main/INFO] [net.minecraft.world.item.crafting.RecipeManager/]: Skipping loading recipe delightful:integration/habitat/cutting/tall_yellow_anthurium as it's serializer returned null
[04Mar2025 21:58:00.652] [main/INFO] [net.minecraft.world.item.crafting.RecipeManager/]: Skipping loading recipe farmersdelight:cutting/buzzier_bees/pink_clover as it's serializer returned null
[04Mar2025 21:58:00.653] [main/INFO] [net.minecraft.world.item.crafting.RecipeManager/]: Skipping loading recipe delightful:salmonberry_ice_cream_block as it's serializer returned null
[04Mar2025 21:58:00.653] [main/INFO] [net.minecraft.world.item.crafting.RecipeManager/]: Skipping loading recipe delightful:knives/blasting/bone/bone_meal_from_blasting_pickaxe as it's serializer returned null
[04Mar2025 21:58:00.653] [main/INFO] [net.minecraft.world.item.crafting.RecipeManager/]: Skipping loading recipe upgrade_aquatic:mulberry_pie_from_slices as it's serializer returned null
[04Mar2025 21:58:00.653] [main/INFO] [net.minecraft.world.item.crafting.RecipeManager/]: Skipping loading recipe delightful:knives/smelting/electrum_thermal as it's serializer returned null
[04Mar2025 21:58:00.654] [main/INFO] [net.minecraft.world.item.crafting.RecipeManager/]: Skipping loading recipe delightful:knives/blasting/nickel_immersiveengineering as it's serializer returned null
[04Mar2025 21:58:00.654] [main/INFO] [net.minecraft.world.item.crafting.RecipeManager/]: Skipping loading recipe delightful:knives/certus_quartz_knife as it's serializer returned null
[04Mar2025 21:58:00.655] [main/INFO] [net.minecraft.world.item.crafting.RecipeManager/]: Skipping loading recipe delightful:integration/windswept/cooked_goat_shanks_windswept as it's serializer returned null
[04Mar2025 21:58:00.655] [main/INFO] [net.minecraft.world.item.crafting.RecipeManager/]: Skipping loading recipe delightful:knives/blasting/silver_thermal as it's serializer returned null
[04Mar2025 21:58:00.655] [main/INFO] [net.minecraft.world.item.crafting.RecipeManager/]: Skipping loading recipe delightful:food/baklava_no_citrus as it's serializer returned null
[04Mar2025 21:58:00.656] [main/INFO] [net.minecraft.world.item.crafting.RecipeManager/]: Skipping loading recipe delightful:integration/ars_nouveau/cutting/red_archwood_wood as it's serializer returned null
[04Mar2025 21:58:00.656] [main/INFO] [net.minecraft.world.item.crafting.RecipeManager/]: Skipping loading recipe frozenup:truffle_cake as it's serializer returned null
[04Mar2025 21:58:00.656] [main/INFO] [net.minecraft.world.item.crafting.RecipeManager/]: Skipping loading recipe enlightened_end:smithing/adamantite_knife as it's serializer returned null
[04Mar2025 21:58:00.657] [main/INFO] [net.minecraft.world.item.crafting.RecipeManager/]: Skipping loading recipe frozenup:mug_of_truffle_hot_chocolate_from_chocolate as it's serializer returned null
[04Mar2025 21:58:00.661] [main/INFO] [net.minecraft.world.item.crafting.RecipeManager/]: Skipping loading recipe wildberries:cutting/cranberry_pie as it's serializer returned null
[04Mar2025 21:58:00.662] [main/INFO] [net.minecraft.world.item.crafting.RecipeManager/]: Skipping loading recipe delightful:knives/smelting/copper_create as it's serializer returned null
[04Mar2025 21:58:00.667] [main/INFO] [net.minecraft.world.item.crafting.RecipeManager/]: Skipping loading recipe delightful:food/berry_matcha_latte_neapolitan as it's serializer returned null
[04Mar2025 21:58:00.668] [main/INFO] [net.minecraft.world.item.crafting.RecipeManager/]: Skipping loading recipe wildberries:cutting/glow_berry_pie_slice as it's serializer returned null
[04Mar2025 21:58:00.668] [main/INFO] [net.minecraft.world.item.crafting.RecipeManager/]: Skipping loading recipe delightful:integration/unusualend/chorus_pie as it's serializer returned null
[04Mar2025 21:58:00.671] [main/INFO] [net.minecraft.world.item.crafting.RecipeManager/]: Skipping loading recipe delightful:knives/blasting/bone/bone_meal_from_blasting_sword as it's serializer returned null
[04Mar2025 21:58:00.671] [main/INFO] [net.minecraft.world.item.crafting.RecipeManager/]: Skipping loading recipe abnormals_delight:neapolitan/melon_popsicle as it's serializer returned null
[04Mar2025 21:58:00.674] [main/INFO] [net.minecraft.world.item.crafting.RecipeManager/]: Skipping loading recipe botanypots:rusticdelight/crop/coffee as it's serializer returned null
[04Mar2025 21:58:00.676] [main/INFO] [net.minecraft.world.item.crafting.RecipeManager/]: Skipping loading recipe delightful:knives/smelting/steel_mekanism as it's serializer returned null
[04Mar2025 21:58:00.676] [main/INFO] [net.minecraft.world.item.crafting.RecipeManager/]: Skipping loading recipe delightful:integration/ars_nouveau/imbuement_mangosteen as it's serializer returned null
[04Mar2025 21:58:00.677] [main/INFO] [net.minecraft.world.item.crafting.RecipeManager/]: Skipping loading recipe delightful:knives/smelting/bone/bone_meal_from_smelting_hoe as it's serializer returned null
[04Mar2025 21:58:00.677] [main/INFO] [net.minecraft.world.item.crafting.RecipeManager/]: Skipping loading recipe cratedelight:gunpowder as it's serializer returned null
[04Mar2025 21:58:00.678] [main/INFO] [net.minecraft.world.item.crafting.RecipeManager/]: Skipping loading recipe delightful:integration/habitat/cutting/flowering_yellow_ball_cactus_block as it's serializer returned null
[04Mar2025 21:58:00.678] [main/INFO] [net.minecraft.world.item.crafting.RecipeManager/]: Skipping loading recipe delightful:knives/smithing/resonarium_knife as it's serializer returned null
[04Mar2025 21:58:00.679] [main/INFO] [net.minecraft.world.item.crafting.RecipeManager/]: Skipping loading recipe delightful:knives/smithing/rose_gold_knife as it's serializer returned null
[04Mar2025 21:58:00.679] [main/INFO] [net.minecraft.world.item.crafting.RecipeManager/]: Skipping loading recipe neapolitan:cake as it's serializer returned null
[04Mar2025 21:58:00.682] [main/INFO] [net.minecraft.world.item.crafting.RecipeManager/]: Skipping loading recipe delightful:integration/biomeswevegone/unpack_yucca_fruit_crate as it's serializer returned null
[04Mar2025 21:58:00.690] [main/INFO] [net.minecraft.world.item.crafting.RecipeManager/]: Skipping loading recipe buzzier_bees:pink_clover as it's serializer returned null
[04Mar2025 21:58:00.690] [main/INFO] [net.minecraft.world.item.crafting.RecipeManager/]: Skipping loading recipe naturalist:cooked_egg_from_campfire_cooking as it's serializer returned null
[04Mar2025 21:58:00.700] [main/INFO] [net.minecraft.world.item.crafting.RecipeManager/]: Skipping loading recipe delightful:integration/immersiveengineering/squeezer/peanut_vd as it's serializer returned null
[04Mar2025 21:58:00.703] [main/INFO] [net.minecraft.world.item.crafting.RecipeManager/]: Skipping loading recipe delightful:food/deluxe_cheeseburger_from_bun as it's serializer returned null
[04Mar2025 21:58:00.703] [main/INFO] [net.minecraft.world.item.crafting.RecipeManager/]: Skipping loading recipe delightful:food/matcha_ice_cream as it's serializer returned null
[04Mar2025 21:58:00.707] [main/INFO] [net.minecraft.world.item.crafting.RecipeManager/]: Skipping loading recipe twilightforest:jeed/resistance as it's serializer returned null
[04Mar2025 21:58:00.708] [main/INFO] [net.minecraft.world.item.crafting.RecipeManager/]: Skipping loading recipe delightful:integration/habitat/cutting/flowering_red_ball_cactus_block as it's serializer returned null
[04Mar2025 21:58:00.708] [main/INFO] [net.minecraft.world.item.crafting.RecipeManager/]: Skipping loading recipe abnormals_delight:buzzier_bees/cutting/pink_clover as it's serializer returned null
[04Mar2025 21:58:00.709] [main/INFO] [net.minecraft.world.item.crafting.RecipeManager/]: Skipping loading recipe delightful:cutting/makes_dye/yellow as it's serializer returned null
[04Mar2025 21:58:00.709] [main/INFO] [net.minecraft.world.item.crafting.RecipeManager/]: Skipping loading recipe casualness_delight:cutting/stargazy_pie as it's serializer returned null
[04Mar2025 21:58:00.710] [main/INFO] [net.minecraft.world.item.crafting.RecipeManager/]: Skipping loading recipe delightful:knives/smelting/copper_thermal as it's serializer returned null
[04Mar2025 21:58:00.710] [main/INFO] [net.minecraft.world.item.crafting.RecipeManager/]: Skipping loading recipe delightful:knives/tin_knife as it's serializer returned null
[04Mar2025 21:58:00.711] [main/INFO] [net.minecraft.world.item.crafting.RecipeManager/]: Skipping loading recipe delightful:knives/smelting/constantan_thermal as it's serializer returned null
[04Mar2025 21:58:00.711] [main/INFO] [net.minecraft.world.item.crafting.RecipeManager/]: Skipping loading recipe delightful:food/cheeseburger_from_milk as it's serializer returned null
[04Mar2025 21:58:00.712] [main/INFO] [net.minecraft.world.item.crafting.RecipeManager/]: Skipping loading recipe delightful:integration/ars_nouveau/cutting/green_archwood_wood as it's serializer returned null
[04Mar2025 21:58:00.713] [main/INFO] [net.minecraft.world.item.crafting.RecipeManager/]: Skipping loading recipe delightful:knives/blasting/steel_immersiveengineering as it's serializer returned null
[04Mar2025 21:58:00.713] [main/ERROR] [net.minecraft.world.item.crafting.RecipeManager/]: Parsing error loading recipe farmerslarder:sugar_from_other_sources_recipe: com.google.gson.JsonSyntaxException: Unknown item 'pamhc2trees:maplesyrupitem'
[04Mar2025 21:58:00.714] [main/INFO] [net.minecraft.world.item.crafting.RecipeManager/]: Skipping loading recipe delightful:knives/smelting/bronze_mekanism as it's serializer returned null
[04Mar2025 21:58:00.718] [main/INFO] [net.minecraft.world.item.crafting.RecipeManager/]: Skipping loading recipe cratedelight:glowberry_crate as it's serializer returned null
[04Mar2025 21:58:00.721] [main/INFO] [net.minecraft.world.item.crafting.RecipeManager/]: Skipping loading recipe neapolitan:adzuki/adzuki_bun as it's serializer returned null
[04Mar2025 21:58:00.722] [main/INFO] [net.minecraft.world.item.crafting.RecipeManager/]: Skipping loading recipe delightful:knives/blasting/bone/bone_meal_from_blasting_helmet as it's serializer returned null
[04Mar2025 21:58:00.723] [main/INFO] [net.minecraft.world.item.crafting.RecipeManager/]: Skipping loading recipe sunflowerdelight:rose_candy_craft as it's serializer returned null
[04Mar2025 21:58:00.723] [main/ERROR] [net.minecraft.world.item.crafting.RecipeManager/]: Parsing error loading recipe farmerslarder:glowberry_juice_kettle_recipe: com.google.gson.JsonParseException: No base fluid for brewing recipe
[04Mar2025 21:58:00.724] [main/INFO] [net.minecraft.world.item.crafting.RecipeManager/]: Skipping loading recipe incubation:fried_egg as it's serializer returned null
[04Mar2025 21:58:00.726] [main/ERROR] [net.minecraft.world.item.crafting.RecipeManager/]: Parsing error loading recipe veggiesdelight:botany/bellpepper: com.google.gson.JsonSyntaxException: Invalid or unsupported recipe type 'botanypots:crop'
[04Mar2025 21:58:00.727] [main/INFO] [net.minecraft.world.item.crafting.RecipeManager/]: Skipping loading recipe wildberries:sweet_berry_pie as it's serializer returned null
[04Mar2025 21:58:00.727] [main/INFO] [net.minecraft.world.item.crafting.RecipeManager/]: Skipping loading recipe delightful:integration/aether_redux/infuse_and_charge_veridium_knife as it's serializer returned null
[04Mar2025 21:58:00.728] [main/INFO] [net.minecraft.world.item.crafting.RecipeManager/]: Skipping loading recipe undergardendelight:gloomgourd_pie as it's serializer returned null
[04Mar2025 21:58:00.728] [main/ERROR] [net.minecraft.world.item.crafting.RecipeManager/]: Parsing error loading recipe farmerslarder:bison_meat_to_beef: com.google.gson.JsonSyntaxException: Unknown item 'untameddelight:bison_meat'
[04Mar2025 21:58:00.729] [main/INFO] [net.minecraft.world.item.crafting.RecipeManager/]: Skipping loading recipe delightful:knives/blasting/nickel_thermal as it's serializer returned null
[04Mar2025 21:58:00.729] [main/INFO] [net.minecraft.world.item.crafting.RecipeManager/]: Skipping loading recipe wildberries:glow_berry_pie_craft as it's serializer returned null
[04Mar2025 21:58:00.730] [main/INFO] [net.minecraft.world.item.crafting.RecipeManager/]: Skipping loading recipe delightful:integration/biomeswevegone/baobab_fruit_crate as it's serializer returned null
[04Mar2025 21:58:00.733] [main/INFO] [net.minecraft.world.item.crafting.RecipeManager/]: Skipping loading recipe delightful:knives/smelting/copper_immersiveengineering as it's serializer returned null
[04Mar2025 21:58:00.733] [main/INFO] [net.minecraft.world.item.crafting.RecipeManager/]: Skipping loading recipe delightful:knives/allthemodium_knife as it's serializer returned null
[04Mar2025 21:58:00.737] [main/INFO] [net.minecraft.world.item.crafting.RecipeManager/]: Skipping loading recipe untameddelight:kebab_wrap as it's serializer returned null
[04Mar2025 21:58:00.739] [main/INFO] [net.minecraft.world.item.crafting.RecipeManager/]: Skipping loading recipe delightful:food/smore as it's serializer returned null
[04Mar2025 21:58:00.740] [main/ERROR] [net.minecraft.world.item.crafting.RecipeManager/]: Parsing error loading recipe twilightdelight:neapolitan/torchberry_cake_slice: com.google.gson.JsonSyntaxException: Unknown item 'twilightdelight:torchberry_cake'
[04Mar2025 21:58:00.741] [main/INFO] [net.minecraft.world.item.crafting.RecipeManager/]: Skipping loading recipe wildberries:blueberry_pie_from_slices as it's serializer returned null
[04Mar2025 21:58:00.743] [main/INFO] [net.minecraft.world.item.crafting.RecipeManager/]: Skipping loading recipe delightful:food/prickly_pear_juice as it's serializer returned null
[04Mar2025 21:58:00.745] [main/INFO] [net.minecraft.world.item.crafting.RecipeManager/]: Skipping loading recipe delightful:knives/blasting/lead_eidolon as it's serializer returned null
[04Mar2025 21:58:00.745] [main/INFO] [net.minecraft.world.item.crafting.RecipeManager/]: Skipping loading recipe delightful:integration/farmersrespite/filling/lavender_tea as it's serializer returned null
[04Mar2025 21:58:00.745] [main/INFO] [net.minecraft.world.item.crafting.RecipeManager/]: Skipping loading recipe vampiresdelight:pure_sorbet as it's serializer returned null
[04Mar2025 21:58:00.751] [main/INFO] [net.minecraft.world.item.crafting.RecipeManager/]: Skipping loading recipe corn_delight:cooking/classic_corn_dog as it's serializer returned null
[04Mar2025 21:58:00.752] [main/INFO] [net.minecraft.world.item.crafting.RecipeManager/]: Skipping loading recipe delightful:knives/fiery_knife as it's serializer returned null
[04Mar2025 21:58:00.752] [main/INFO] [net.minecraft.world.item.crafting.RecipeManager/]: Skipping loading recipe abnormals_delight:autumnity/cooking/stuffed_pumpkin_block as it's serializer returned null
[04Mar2025 21:58:00.754] [main/ERROR] [net.minecraft.world.item.crafting.RecipeManager/]: Parsing error loading recipe veggiesdelight:botany/wild_cauliflowers: com.google.gson.JsonSyntaxException: Invalid or unsupported recipe type 'botanypots:crop'
[04Mar2025 21:58:00.757] [main/INFO] [net.minecraft.world.item.crafting.RecipeManager/]: Skipping loading recipe cratedelight:golden_carrot_crate as it's serializer returned null
[04Mar2025 21:58:00.758] [main/INFO] [net.minecraft.world.item.crafting.RecipeManager/]: Skipping loading recipe delightful:food/cooking/jam_jar as it's serializer returned null
[04Mar2025 21:58:00.760] [main/INFO] [net.minecraft.world.item.crafting.RecipeManager/]: Skipping loading recipe biomeswevegone:blueberry_pie as it's serializer returned null
[04Mar2025 21:58:00.760] [main/INFO] [net.minecraft.world.item.crafting.RecipeManager/]: Skipping loading recipe delightful:knives/blasting/lead_thermal as it's serializer returned null
[04Mar2025 21:58:00.761] [main/INFO] [net.minecraft.world.item.crafting.RecipeManager/]: Skipping loading recipe delightful:knives/blasting/electrum_immersiveengineering as it's serializer returned null
[04Mar2025 21:58:00.761] [main/INFO] [net.minecraft.world.item.crafting.RecipeManager/]: Skipping loading recipe autumnity:pumpkin_bread as it's serializer returned null
[04Mar2025 21:58:00.761] [main/INFO] [net.minecraft.world.item.crafting.RecipeManager/]: Skipping loading recipe delightful:knives/sinisite_knife as it's serializer returned null
[04Mar2025 21:58:00.762] [main/INFO] [net.minecraft.world.item.crafting.RecipeManager/]: Skipping loading recipe delightful:food/cooking/coconut_curry as it's serializer returned null
[04Mar2025 21:58:00.763] [main/INFO] [net.minecraft.world.item.crafting.RecipeManager/]: Skipping loading recipe delightful:knives/lead_knife as it's serializer returned null
[04Mar2025 21:58:00.763] [main/INFO] [net.minecraft.world.item.crafting.RecipeManager/]: Skipping loading recipe botanypots:delightful/crop/cantaloupe as it's serializer returned null
[04Mar2025 21:58:00.764] [main/INFO] [net.minecraft.world.item.crafting.RecipeManager/]: Skipping loading recipe ars_nouveau:source_berry_pie as it's serializer returned null
[04Mar2025 21:58:00.764] [main/INFO] [net.minecraft.world.item.crafting.RecipeManager/]: Skipping loading recipe delightful:cutting/makes_dye/green as it's serializer returned null
[04Mar2025 21:58:00.765] [main/INFO] [net.minecraft.world.item.crafting.RecipeManager/]: Skipping loading recipe delightful:knives/blasting/bronze_mekanism as it's serializer returned null
[04Mar2025 21:58:00.766] [main/INFO] [net.minecraft.world.item.crafting.RecipeManager/]: Skipping loading recipe delightful:knives/adamantium_knife as it's serializer returned null
[04Mar2025 21:58:00.766] [main/INFO] [net.minecraft.world.item.crafting.RecipeManager/]: Skipping loading recipe quark:building/crafting/mud_pillar as it's serializer returned null
[04Mar2025 21:58:00.766] [main/INFO] [net.minecraft.world.item.crafting.RecipeManager/]: Skipping loading recipe delightful:food/cooking/nut_milk_from_copper_cup as it's serializer returned null
[04Mar2025 21:58:00.767] [main/INFO] [net.minecraft.world.item.crafting.RecipeManager/]: Skipping loading recipe delightful:integration/biomeswevegone/cutting/blueberry_pie as it's serializer returned null
[04Mar2025 21:58:00.767] [main/INFO] [net.minecraft.world.item.crafting.RecipeManager/]: Skipping loading recipe delightful:integration/ars_nouveau/source_berry_cookie as it's serializer returned null
[04Mar2025 21:58:00.768] [main/INFO] [net.minecraft.world.item.crafting.RecipeManager/]: Skipping loading recipe wildberries:sweet_berry_pie_from_slices as it's serializer returned null
[04Mar2025 21:58:00.770] [main/INFO] [net.minecraft.world.item.crafting.RecipeManager/]: Skipping loading recipe twigs:azalea_flowers_from_azalea_flower_ecologics as it's serializer returned null
[04Mar2025 21:58:00.772] [main/INFO] [net.minecraft.world.item.crafting.RecipeManager/]: Skipping loading recipe delightful:cutting/makes_dye/magenta as it's serializer returned null
[04Mar2025 21:58:00.772] [main/INFO] [net.minecraft.world.item.crafting.RecipeManager/]: Skipping loading recipe delightful:knives/manasteel_knife as it's serializer returned null
[04Mar2025 21:58:00.772] [main/INFO] [net.minecraft.world.item.crafting.RecipeManager/]: Skipping loading recipe vampiresdelight:bat_taco as it's serializer returned null
[04Mar2025 21:58:00.773] [main/INFO] [net.minecraft.world.item.crafting.RecipeManager/]: Skipping loading recipe delightful:integration/ars_nouveau/cutting/blue_archwood_log as it's serializer returned null
[04Mar2025 21:58:00.773] [main/INFO] [net.minecraft.world.item.crafting.RecipeManager/]: Skipping loading recipe delightful:knives/elementium_knife as it's serializer returned null
[04Mar2025 21:58:00.774] [main/INFO] [net.minecraft.world.item.crafting.RecipeManager/]: Skipping loading recipe delightful:integration/ars_nouveau/unpack_bombegranate_crate as it's serializer returned null
[04Mar2025 21:58:00.774] [main/INFO] [net.minecraft.world.item.crafting.RecipeManager/]: Skipping loading recipe delightful:knives/nickel_knife as it's serializer returned null
[04Mar2025 21:58:00.775] [main/INFO] [net.minecraft.world.item.crafting.RecipeManager/]: Skipping loading recipe delightful:knives/blasting/electrum_thermal as it's serializer returned null
[04Mar2025 21:58:00.775] [main/INFO] [net.minecraft.world.item.crafting.RecipeManager/]: Skipping loading recipe delightful:food/deluxe_cheeseburger_from_milk as it's serializer returned null
[04Mar2025 21:58:00.778] [main/INFO] [net.minecraft.world.item.crafting.RecipeManager/]: Skipping loading recipe abnormals_delight:autumnity/cooking/escargot as it's serializer returned null
[04Mar2025 21:58:00.778] [main/INFO] [net.minecraft.world.item.crafting.RecipeManager/]: Skipping loading recipe delightful:knives/necronium_knife as it's serializer returned null
[04Mar2025 21:58:00.781] [main/INFO] [net.minecraft.world.item.crafting.RecipeManager/]: Skipping loading recipe wildberries:blueberry_pie as it's serializer returned null
[04Mar2025 21:58:00.781] [main/INFO] [net.minecraft.world.item.crafting.RecipeManager/]: Skipping loading recipe delightful:knives/repairing/holystone_knife as it's serializer returned null
[04Mar2025 21:58:00.781] [main/INFO] [net.minecraft.world.item.crafting.RecipeManager/]: Skipping loading recipe biomeswevegone:white_puffball_stew as it's serializer returned null
[04Mar2025 21:58:00.786] [main/INFO] [net.minecraft.world.item.crafting.RecipeManager/]: Skipping loading recipe botanypots:rusticdelight/crop/bell_peppers as it's serializer returned null
[04Mar2025 21:58:00.786] [main/INFO] [net.minecraft.world.item.crafting.RecipeManager/]: Skipping loading recipe delightful:knives/silver_knife as it's serializer returned null
[04Mar2025 21:58:00.787] [main/INFO] [net.minecraft.world.item.crafting.RecipeManager/]: Skipping loading recipe delightful:food/salmonberry_ice_cream as it's serializer returned null
[04Mar2025 21:58:00.787] [main/INFO] [net.minecraft.world.item.crafting.RecipeManager/]: Skipping loading recipe delightful:knives/smelting/silver_thermal as it's serializer returned null
[04Mar2025 21:58:00.789] [main/INFO] [net.minecraft.world.item.crafting.RecipeManager/]: Skipping loading recipe delightful:integration/biomeswevegone/blueberry_sack as it's serializer returned null
[04Mar2025 21:58:00.790] [main/ERROR] [net.minecraft.world.item.crafting.RecipeManager/]: Parsing error loading recipe twilightdelight:twilight_ice_cream: com.google.gson.JsonSyntaxException: Unknown item 'twilightdelight:torchberry_ice_cream'
[04Mar2025 21:58:00.790] [main/INFO] [net.minecraft.world.item.crafting.RecipeManager/]: Skipping loading recipe delightful:knives/smelting/bone/bone_meal_from_smelting_helmet as it's serializer returned null
[04Mar2025 21:58:00.792] [main/INFO] [net.minecraft.world.item.crafting.RecipeManager/]: Skipping loading recipe delightful:knives/cloggrum_knife as it's serializer returned null
[04Mar2025 21:58:00.793] [main/INFO] [net.minecraft.world.item.crafting.RecipeManager/]: Skipping loading recipe biomemakeover:glowshroom_stew as it's serializer returned null
[04Mar2025 21:58:00.794] [main/INFO] [net.minecraft.world.item.crafting.RecipeManager/]: Skipping loading recipe farmersdelight:cutting/cooked_crab as it's serializer returned null
[04Mar2025 21:58:00.794] [main/INFO] [net.minecraft.world.item.crafting.RecipeManager/]: Skipping loading recipe additionaladditions:fried_egg as it's serializer returned null
[04Mar2025 21:58:00.794] [main/INFO] [net.minecraft.world.item.crafting.RecipeManager/]: Skipping loading recipe delightful:knives/smithing/forgotten_knife as it's serializer returned null
[04Mar2025 21:58:00.795] [main/INFO] [net.minecraft.world.item.crafting.RecipeManager/]: Skipping loading recipe delightful:food/cheeseburger_from_bun as it's serializer returned null
[04Mar2025 21:58:00.796] [main/INFO] [net.minecraft.world.item.crafting.RecipeManager/]: Skipping loading recipe delightful:knives/fiery_iron_knife as it's serializer returned null
[04Mar2025 21:58:00.797] [main/INFO] [net.minecraft.world.item.crafting.RecipeManager/]: Skipping loading recipe delightful:integration/biomeswevegone/green_apple_pie_from_slices as it's serializer returned null
[04Mar2025 21:58:00.797] [main/INFO] [net.minecraft.world.item.crafting.RecipeManager/]: Skipping loading recipe cratedelight:gunpowder_bag as it's serializer returned null
[04Mar2025 21:58:00.799] [main/INFO] [net.minecraft.world.item.crafting.RecipeManager/]: Skipping loading recipe farmersdelight:cutting/buzzier_bees/white_clover as it's serializer returned null
[04Mar2025 21:58:00.800] [main/INFO] [net.minecraft.world.item.crafting.RecipeManager/]: Skipping loading recipe delightful:integration/ars_nouveau/source_berry_gummy as it's serializer returned null
[04Mar2025 21:58:00.800] [main/INFO] [net.minecraft.world.item.crafting.RecipeManager/]: Skipping loading recipe farmersdelight:cutting/cooked_crab_ecologics as it's serializer returned null
[04Mar2025 21:58:00.800] [main/INFO] [net.minecraft.world.item.crafting.RecipeManager/]: Skipping loading recipe twilightforest:jeed/regeneration as it's serializer returned null
[04Mar2025 21:58:00.801] [main/INFO] [net.minecraft.world.item.crafting.RecipeManager/]: Skipping loading recipe cratedelight:cod_crate as it's serializer returned null
[04Mar2025 21:58:00.801] [main/INFO] [net.minecraft.world.item.crafting.RecipeManager/]: Skipping loading recipe additionaladditions:fried_egg_from_campfire_cooking as it's serializer returned null
[04Mar2025 21:58:00.802] [main/ERROR] [net.minecraft.world.item.crafting.RecipeManager/]: Parsing error loading recipe culturaldelights:fermenting/pickle: com.google.gson.JsonSyntaxException: Invalid or unsupported recipe type 'brewinandchewin:fermenting'
[04Mar2025 21:58:00.802] [main/INFO] [net.minecraft.world.item.crafting.RecipeManager/]: Skipping loading recipe delightful:integration/ecologics/cutting/coconut_husk as it's serializer returned null
[04Mar2025 21:58:00.802] [main/INFO] [net.minecraft.world.item.crafting.RecipeManager/]: Skipping loading recipe delightful:knives/smelting/emerald_emeraldequipment as it's serializer returned null
[04Mar2025 21:58:00.802] [main/INFO] [net.minecraft.world.item.crafting.RecipeManager/]: Skipping loading recipe naturalist:shellstone as it's serializer returned null
[04Mar2025 21:58:00.803] [main/INFO] [net.minecraft.world.item.crafting.RecipeManager/]: Skipping loading recipe twilightforest:jeed/slowness as it's serializer returned null
[04Mar2025 21:58:00.803] [main/INFO] [net.minecraft.world.item.crafting.RecipeManager/]: Skipping loading recipe delightful:integration/immersiveengineering/squeezer/acorn as it's serializer returned null
[04Mar2025 21:58:00.803] [main/INFO] [net.minecraft.world.item.crafting.RecipeManager/]: Skipping loading recipe delightful:knives/refined_obsidian_knife as it's serializer returned null
[04Mar2025 21:58:00.805] [main/INFO] [net.minecraft.world.item.crafting.RecipeManager/]: Skipping loading recipe delightful:knives/blasting/bone/bone_meal_from_blasting_boots as it's serializer returned null
[04Mar2025 21:58:00.805] [main/INFO] [net.minecraft.world.item.crafting.RecipeManager/]: Skipping loading recipe delightful:integration/biomeswevegone/green_apple_crate as it's serializer returned null
[04Mar2025 21:58:00.807] [main/INFO] [net.minecraft.world.item.crafting.RecipeManager/]: Skipping loading recipe delightful:integration/unusualend/cutting/chorus_pie as it's serializer returned null
[04Mar2025 21:58:00.807] [main/INFO] [net.minecraft.world.item.crafting.RecipeManager/]: Skipping loading recipe delightful:integration/unusualend/chorus_pie_from_slices as it's serializer returned null
[04Mar2025 21:58:00.807] [main/INFO] [net.minecraft.world.item.crafting.RecipeManager/]: Skipping loading recipe delightful:integration/habitat/cutting/tall_purple_anthurium as it's serializer returned null
[04Mar2025 21:58:00.808] [main/INFO] [net.minecraft.world.item.crafting.RecipeManager/]: Skipping loading recipe botanypots:rusticdelight/crop/cotton as it's serializer returned null
[04Mar2025 21:58:00.808] [main/INFO] [net.minecraft.world.item.crafting.RecipeManager/]: Skipping loading recipe delightful:knives/blasting/steel_mekanism as it's serializer returned null
[04Mar2025 21:58:00.809] [main/INFO] [net.minecraft.world.item.crafting.RecipeManager/]: Skipping loading recipe delightful:knives/smithing/gilded_netherite_knife as it's serializer returned null
[04Mar2025 21:58:00.809] [main/INFO] [net.minecraft.world.item.crafting.RecipeManager/]: Skipping loading recipe naturalist:cooked_egg_from_smoking as it's serializer returned null
[04Mar2025 21:58:00.809] [main/ERROR] [net.minecraft.world.item.crafting.RecipeManager/]: Parsing error loading recipe festive_delight:spring_rolls_craft: com.google.gson.JsonSyntaxException: Unknown item 'farmersdelight:wheat_dought'
[04Mar2025 21:58:00.810] [main/INFO] [net.minecraft.world.item.crafting.RecipeManager/]: Skipping loading recipe delightful:integration/biomesoplenty/huge_clover_petal as it's serializer returned null
[04Mar2025 21:58:00.810] [main/INFO] [net.minecraft.world.item.crafting.RecipeManager/]: Skipping loading recipe delightful:integration/seasonals/cooking/pumpkin_adzuki_stew as it's serializer returned null
[04Mar2025 21:58:00.810] [main/INFO] [net.minecraft.world.item.crafting.RecipeManager/]: Skipping loading recipe delightful:knives/smelting/diamond_diamond_nuggets as it's serializer returned null
[04Mar2025 21:58:00.811] [main/INFO] [net.minecraft.world.item.crafting.RecipeManager/]: Skipping loading recipe delightful:integration/habitat/cutting/flowering_orange_ball_cactus_block as it's serializer returned null
[04Mar2025 21:58:00.812] [main/INFO] [net.minecraft.world.item.crafting.RecipeManager/]: Skipping loading recipe twilightforest:jeed/fire_resistance as it's serializer returned null
[04Mar2025 21:58:00.812] [main/INFO] [net.minecraft.world.item.crafting.RecipeManager/]: Skipping loading recipe delightful:knives/smelting/bone/bone_meal_from_smelting_sword as it's serializer returned null
[04Mar2025 21:58:00.813] [main/ERROR] [net.minecraft.world.item.crafting.RecipeManager/]: Parsing error loading recipe veggiesdelight:botany/wild_garlic: com.google.gson.JsonSyntaxException: Invalid or unsupported recipe type 'botanypots:crop'
[04Mar2025 21:58:00.813] [main/INFO] [net.minecraft.world.item.crafting.RecipeManager/]: Skipping loading recipe delightful:knives/blasting/copper_immersiveengineering as it's serializer returned null
[04Mar2025 21:58:00.814] [main/INFO] [net.minecraft.world.item.crafting.RecipeManager/]: Skipping loading recipe delightful:food/cheeseburger as it's serializer returned null
[04Mar2025 21:58:00.818] [main/INFO] [net.minecraft.world.item.crafting.RecipeManager/]: Loaded 39 recipes
[04Mar2025 21:58:00.845] [main/ERROR] [net.minecraft.server.ServerAdvancementManager/]: Parsing error loading custom advancement spartanshields:recipes/dark_steel_riot_basic_shield: Unknown item id 'enderio:octadic_capacitor'
[04Mar2025 21:58:00.864] [main/ERROR] [net.minecraft.server.ServerAdvancementManager/]: Parsing error loading custom advancement largemeals:recipes/cooking/mushroom_pot_pie_block: Unknown item id 'farmersdelight:chicken_cut'
[04Mar2025 21:58:00.883] [main/ERROR] [net.minecraft.server.ServerAdvancementManager/]: Parsing error loading custom advancement farmersrespite:main/stunt_tea_bush: Invalid criterion trigger: farmersrespite:stunt_tea_bush
[04Mar2025 21:58:00.924] [main/ERROR] [net.minecraft.server.ServerAdvancementManager/]: Parsing error loading custom advancement spartanshields:recipes/basic_mekanists_tower_shield: Unknown item id 'mekanism:energy_tablet'
[04Mar2025 21:58:00.941] [main/ERROR] [net.minecraft.server.ServerAdvancementManager/]: Parsing error loading custom advancement largemeals:recipes/cooking/omurice_block: Unknown item id 'farmersdelight:chicken_cut'
[04Mar2025 21:58:00.952] [main/ERROR] [net.minecraft.server.ServerAdvancementManager/]: Parsing error loading custom advancement farmersplus:recipes/misc/red_mushroom_from_bag: Unknown required criterion 'red_mushroom_bag'
[04Mar2025 21:58:00.954] [main/ERROR] [net.minecraft.server.ServerAdvancementManager/]: Parsing error loading custom advancement farmersplus:recipes/misc/brown_mushroom_from_bag: Unknown required criterion 'brown_mushroom_bag'
[04Mar2025 21:58:00.959] [main/ERROR] [net.minecraft.server.ServerAdvancementManager/]: Parsing error loading custom advancement spartanshields:recipes/dark_steel_riot_tower_shield: Unknown item id 'enderio:octadic_capacitor'
[04Mar2025 21:58:00.964] [main/ERROR] [net.minecraft.server.ServerAdvancementManager/]: Parsing error loading custom advancement spartanshields:recipes/basic_mekanists_basic_shield: Unknown item id 'mekanism:energy_tablet'
[04Mar2025 21:58:00.966] [main/ERROR] [net.minecraft.server.ServerAdvancementManager/]: Parsing error loading custom advancement largemeals:recipes/cooking/chicken_curry: Unknown item id 'farmersdelight:chicken_cut'
[04Mar2025 21:58:01.018] [main/INFO] [net.minecraft.advancements.AdvancementList/]: Loaded 4633 advancements
[04Mar2025 21:58:01.038] [main/INFO] [twilightforest/]: Loaded 9 Stalactite configs!
[04Mar2025 21:58:01.246] [main/INFO] [top.theillusivec4.curios.Curios/]: Loaded 13 curio slots
[04Mar2025 21:58:01.254] [main/INFO] [top.theillusivec4.curios.Curios/]: Loaded 1 curio entities
[04Mar2025 21:58:01.276] [main/WARN] [net.minecraftforge.common.loot.LootModifierManager/]: Could not decode GlobalLootModifier with json id corn_delight:village_house - error: Unknown registry key in ResourceKey[minecraft:root / forge:global_loot_modifier_serializers]: mmlib:add_loot_table
[04Mar2025 21:58:01.276] [main/WARN] [net.minecraftforge.common.loot.LootModifierManager/]: Could not decode GlobalLootModifier with json id corn_delight:shipwreck_loot - error: Unknown registry key in ResourceKey[minecraft:root / forge:global_loot_modifier_serializers]: mmlib:add_loot_table
[04Mar2025 21:58:01.276] [main/WARN] [net.minecraftforge.common.loot.LootModifierManager/]: Unable to decode loot conditions
com.google.gson.JsonSyntaxException: Unknown type 'minecraft:alternatives'
	at net.minecraft.world.level.storage.loot.GsonAdapterFactory$JsonAdapter.deserialize(GsonAdapterFactory.java:99) ~[server-1.20.1-20230612.114412-srg.jar%23357!/:?]
	at com.google.gson.internal.bind.TreeTypeAdapter.read(TreeTypeAdapter.java:76) ~[gson-2.10.jar%2372!/:?]
	at com.google.gson.internal.bind.TypeAdapterRuntimeTypeWrapper.read(TypeAdapterRuntimeTypeWrapper.java:40) ~[gson-2.10.jar%2372!/:?]
	at com.google.gson.internal.bind.ArrayTypeAdapter.read(ArrayTypeAdapter.java:72) ~[gson-2.10.jar%2372!/:?]
	at com.google.gson.Gson.fromJson(Gson.java:1214) ~[gson-2.10.jar%2372!/:?]
	at com.google.gson.Gson.fromJson(Gson.java:1319) ~[gson-2.10.jar%2372!/:?]
	at com.google.gson.Gson.fromJson(Gson.java:1261) ~[gson-2.10.jar%2372!/:?]
	at net.minecraftforge.common.loot.IGlobalLootModifier.lambda$static$1(IGlobalLootModifier.java:39) ~[forge-1.20.1-47.3.7-universal.jar%23362!/:?]
	at com.mojang.serialization.Decoder$1.lambda$decode$1(Decoder.java:49) ~[datafixerupper-6.0.8.jar%2377!/:?]
	at com.mojang.serialization.DataResult.lambda$flatMap$11(DataResult.java:139) ~[datafixerupper-6.0.8.jar%2377!/:?]
	at com.mojang.datafixers.util.Either$Left.map(Either.java:38) ~[datafixerupper-6.0.8.jar%2377!/:?]
	at com.mojang.serialization.DataResult.flatMap(DataResult.java:137) ~[datafixerupper-6.0.8.jar%2377!/:?]
	at com.mojang.serialization.Decoder$1.decode(Decoder.java:49) ~[datafixerupper-6.0.8.jar%2377!/:?]
	at com.mojang.serialization.Codec$2.decode(Codec.java:71) ~[datafixerupper-6.0.8.jar%2377!/:?]
	at com.mojang.serialization.Decoder.parse(Decoder.java:18) ~[datafixerupper-6.0.8.jar%2377!/:?]
	at com.mojang.serialization.codecs.FieldDecoder.decode(FieldDecoder.java:29) ~[datafixerupper-6.0.8.jar%2377!/:?]
	at com.mojang.serialization.MapCodec$1.decode(MapCodec.java:34) ~[datafixerupper-6.0.8.jar%2377!/:?]
	at com.mojang.serialization.codecs.RecordCodecBuilder$Instance$5.decode(RecordCodecBuilder.java:323) ~[datafixerupper-6.0.8.jar%2377!/:?]
	at com.mojang.serialization.codecs.RecordCodecBuilder$2.decode(RecordCodecBuilder.java:107) ~[datafixerupper-6.0.8.jar%2377!/:?]
	at com.mojang.serialization.codecs.KeyDispatchCodec.lambda$decode$3(KeyDispatchCodec.java:67) ~[datafixerupper-6.0.8.jar%2377!/:?]
	at com.mojang.serialization.DataResult.lambda$flatMap$11(DataResult.java:139) ~[datafixerupper-6.0.8.jar%2377!/:?]
	at com.mojang.datafixers.util.Either$Left.map(Either.java:38) ~[datafixerupper-6.0.8.jar%2377!/:?]
	at com.mojang.serialization.DataResult.flatMap(DataResult.java:137) ~[datafixerupper-6.0.8.jar%2377!/:?]
	at com.mojang.serialization.codecs.KeyDispatchCodec.lambda$decode$4(KeyDispatchCodec.java:58) ~[datafixerupper-6.0.8.jar%2377!/:?]
	at com.mojang.serialization.DataResult.lambda$flatMap$11(DataResult.java:139) ~[datafixerupper-6.0.8.jar%2377!/:?]
	at com.mojang.datafixers.util.Either$Left.map(Either.java:38) ~[datafixerupper-6.0.8.jar%2377!/:?]
	at com.mojang.serialization.DataResult.flatMap(DataResult.java:137) ~[datafixerupper-6.0.8.jar%2377!/:?]
	at com.mojang.serialization.codecs.KeyDispatchCodec.decode(KeyDispatchCodec.java:56) ~[datafixerupper-6.0.8.jar%2377!/:?]
	at com.mojang.serialization.MapDecoder.lambda$compressedDecode$1(MapDecoder.java:52) ~[datafixerupper-6.0.8.jar%2377!/:?]
	at com.mojang.serialization.DataResult.lambda$flatMap$11(DataResult.java:139) ~[datafixerupper-6.0.8.jar%2377!/:?]
	at com.mojang.datafixers.util.Either$Left.map(Either.java:38) ~[datafixerupper-6.0.8.jar%2377!/:?]
	at com.mojang.serialization.DataResult.flatMap(DataResult.java:137) ~[datafixerupper-6.0.8.jar%2377!/:?]
	at com.mojang.serialization.MapDecoder.compressedDecode(MapDecoder.java:52) ~[datafixerupper-6.0.8.jar%2377!/:?]
	at com.mojang.serialization.MapCodec$MapCodecCodec.decode(MapCodec.java:91) ~[datafixerupper-6.0.8.jar%2377!/:?]
	at com.mojang.serialization.Decoder.parse(Decoder.java:18) ~[datafixerupper-6.0.8.jar%2377!/:?]
	at net.minecraftforge.common.loot.LootModifierManager.apply(LootModifierManager.java:79) ~[forge-1.20.1-47.3.7-universal.jar%23362!/:?]
	at net.minecraftforge.common.loot.LootModifierManager.m_5787_(LootModifierManager.java:38) ~[forge-1.20.1-47.3.7-universal.jar%23362!/:?]
	at net.minecraft.server.packs.resources.SimplePreparableReloadListener.m_10789_(SimplePreparableReloadListener.java:13) ~[server-1.20.1-20230612.114412-srg.jar%23357!/:?]
	at java.util.concurrent.CompletableFuture$UniAccept.tryFire(CompletableFuture.java:718) ~[?:?]
	at java.util.concurrent.CompletableFuture$Completion.run(CompletableFuture.java:482) ~[?:?]
	at net.minecraft.server.packs.resources.SimpleReloadInstance.m_143940_(SimpleReloadInstance.java:69) ~[server-1.20.1-20230612.114412-srg.jar%23357!/:?]
	at net.minecraft.Util.m_214652_(Util.java:783) ~[server-1.20.1-20230612.114412-srg.jar%23357!/:?]
	at net.minecraft.Util.m_214679_(Util.java:772) ~[server-1.20.1-20230612.114412-srg.jar%23357!/:?]
	at net.minecraft.server.Main.main(Main.java:166) ~[server-1.20.1-20230612.114412-srg.jar%23357!/:?]
	at jdk.internal.reflect.NativeMethodAccessorImpl.invoke0(Native Method) ~[?:?]
	at jdk.internal.reflect.NativeMethodAccessorImpl.invoke(NativeMethodAccessorImpl.java:77) ~[?:?]
	at jdk.internal.reflect.DelegatingMethodAccessorImpl.invoke(DelegatingMethodAccessorImpl.java:43) ~[?:?]
	at java.lang.reflect.Method.invoke(Method.java:569) ~[?:?]
	at net.minecraftforge.fml.loading.targets.CommonLaunchHandler.runTarget(CommonLaunchHandler.java:111) ~[fmlloader-1.20.1-47.3.7.jar%2369!/:?]
	at net.minecraftforge.fml.loading.targets.CommonLaunchHandler.serverService(CommonLaunchHandler.java:103) ~[fmlloader-1.20.1-47.3.7.jar%2369!/:?]
	at net.minecraftforge.fml.loading.targets.CommonServerLaunchHandler.lambda$makeService$0(CommonServerLaunchHandler.java:27) ~[fmlloader-1.20.1-47.3.7.jar%2369!/:?]
	at cpw.mods.modlauncher.LaunchServiceHandlerDecorator.launch(LaunchServiceHandlerDecorator.java:30) ~[modlauncher-10.0.9.jar%2355!/:?]
	at cpw.mods.modlauncher.LaunchServiceHandler.launch(LaunchServiceHandler.java:53) ~[modlauncher-10.0.9.jar%2355!/:?]
	at cpw.mods.modlauncher.LaunchServiceHandler.launch(LaunchServiceHandler.java:71) ~[modlauncher-10.0.9.jar%2355!/:?]
	at cpw.mods.modlauncher.Launcher.run(Launcher.java:108) ~[modlauncher-10.0.9.jar%2355!/:?]
	at cpw.mods.modlauncher.Launcher.main(Launcher.java:78) ~[modlauncher-10.0.9.jar%2355!/:?]
	at cpw.mods.modlauncher.BootstrapLaunchConsumer.accept(BootstrapLaunchConsumer.java:26) ~[modlauncher-10.0.9.jar%2355!/:?]
	at cpw.mods.modlauncher.BootstrapLaunchConsumer.accept(BootstrapLaunchConsumer.java:23) ~[modlauncher-10.0.9.jar%2355!/:?]
	at cpw.mods.bootstraplauncher.BootstrapLauncher.main(BootstrapLauncher.java:141) ~[bootstraplauncher-1.1.2.jar:?]
[04Mar2025 21:58:01.279] [main/WARN] [net.minecraftforge.common.loot.LootModifierManager/]: Could not decode GlobalLootModifier with json id nethersdelight:chopping_leather - error: Unknown type 'minecraft:alternatives'
[04Mar2025 21:58:01.279] [main/WARN] [net.minecraftforge.common.loot.LootModifierManager/]: Unable to decode loot conditions
com.google.gson.JsonSyntaxException: Unknown type 'minecraft:alternative'
	at net.minecraft.world.level.storage.loot.GsonAdapterFactory$JsonAdapter.deserialize(GsonAdapterFactory.java:99) ~[server-1.20.1-20230612.114412-srg.jar%23357!/:?]
	at com.google.gson.internal.bind.TreeTypeAdapter.read(TreeTypeAdapter.java:76) ~[gson-2.10.jar%2372!/:?]
	at com.google.gson.internal.bind.TypeAdapterRuntimeTypeWrapper.read(TypeAdapterRuntimeTypeWrapper.java:40) ~[gson-2.10.jar%2372!/:?]
	at com.google.gson.internal.bind.ArrayTypeAdapter.read(ArrayTypeAdapter.java:72) ~[gson-2.10.jar%2372!/:?]
	at com.google.gson.Gson.fromJson(Gson.java:1214) ~[gson-2.10.jar%2372!/:?]
	at com.google.gson.Gson.fromJson(Gson.java:1319) ~[gson-2.10.jar%2372!/:?]
	at com.google.gson.Gson.fromJson(Gson.java:1261) ~[gson-2.10.jar%2372!/:?]
	at net.minecraftforge.common.loot.IGlobalLootModifier.lambda$static$1(IGlobalLootModifier.java:39) ~[forge-1.20.1-47.3.7-universal.jar%23362!/:?]
	at com.mojang.serialization.Decoder$1.lambda$decode$1(Decoder.java:49) ~[datafixerupper-6.0.8.jar%2377!/:?]
	at com.mojang.serialization.DataResult.lambda$flatMap$11(DataResult.java:139) ~[datafixerupper-6.0.8.jar%2377!/:?]
	at com.mojang.datafixers.util.Either$Left.map(Either.java:38) ~[datafixerupper-6.0.8.jar%2377!/:?]
	at com.mojang.serialization.DataResult.flatMap(DataResult.java:137) ~[datafixerupper-6.0.8.jar%2377!/:?]
	at com.mojang.serialization.Decoder$1.decode(Decoder.java:49) ~[datafixerupper-6.0.8.jar%2377!/:?]
	at com.mojang.serialization.Codec$2.decode(Codec.java:71) ~[datafixerupper-6.0.8.jar%2377!/:?]
	at com.mojang.serialization.Decoder.parse(Decoder.java:18) ~[datafixerupper-6.0.8.jar%2377!/:?]
	at com.mojang.serialization.codecs.FieldDecoder.decode(FieldDecoder.java:29) ~[datafixerupper-6.0.8.jar%2377!/:?]
	at com.mojang.serialization.MapCodec$1.decode(MapCodec.java:34) ~[datafixerupper-6.0.8.jar%2377!/:?]
	at com.mojang.serialization.codecs.RecordCodecBuilder$Instance$5.decode(RecordCodecBuilder.java:323) ~[datafixerupper-6.0.8.jar%2377!/:?]
	at com.mojang.serialization.codecs.RecordCodecBuilder$2.decode(RecordCodecBuilder.java:107) ~[datafixerupper-6.0.8.jar%2377!/:?]
	at com.mojang.serialization.codecs.KeyDispatchCodec.lambda$decode$3(KeyDispatchCodec.java:67) ~[datafixerupper-6.0.8.jar%2377!/:?]
	at com.mojang.serialization.DataResult.lambda$flatMap$11(DataResult.java:139) ~[datafixerupper-6.0.8.jar%2377!/:?]
	at com.mojang.datafixers.util.Either$Left.map(Either.java:38) ~[datafixerupper-6.0.8.jar%2377!/:?]
	at com.mojang.serialization.DataResult.flatMap(DataResult.java:137) ~[datafixerupper-6.0.8.jar%2377!/:?]
	at com.mojang.serialization.codecs.KeyDispatchCodec.lambda$decode$4(KeyDispatchCodec.java:58) ~[datafixerupper-6.0.8.jar%2377!/:?]
	at com.mojang.serialization.DataResult.lambda$flatMap$11(DataResult.java:139) ~[datafixerupper-6.0.8.jar%2377!/:?]
	at com.mojang.datafixers.util.Either$Left.map(Either.java:38) ~[datafixerupper-6.0.8.jar%2377!/:?]
	at com.mojang.serialization.DataResult.flatMap(DataResult.java:137) ~[datafixerupper-6.0.8.jar%2377!/:?]
	at com.mojang.serialization.codecs.KeyDispatchCodec.decode(KeyDispatchCodec.java:56) ~[datafixerupper-6.0.8.jar%2377!/:?]
	at com.mojang.serialization.MapDecoder.lambda$compressedDecode$1(MapDecoder.java:52) ~[datafixerupper-6.0.8.jar%2377!/:?]
	at com.mojang.serialization.DataResult.lambda$flatMap$11(DataResult.java:139) ~[datafixerupper-6.0.8.jar%2377!/:?]
	at com.mojang.datafixers.util.Either$Left.map(Either.java:38) ~[datafixerupper-6.0.8.jar%2377!/:?]
	at com.mojang.serialization.DataResult.flatMap(DataResult.java:137) ~[datafixerupper-6.0.8.jar%2377!/:?]
	at com.mojang.serialization.MapDecoder.compressedDecode(MapDecoder.java:52) ~[datafixerupper-6.0.8.jar%2377!/:?]
	at com.mojang.serialization.MapCodec$MapCodecCodec.decode(MapCodec.java:91) ~[datafixerupper-6.0.8.jar%2377!/:?]
	at com.mojang.serialization.Decoder.parse(Decoder.java:18) ~[datafixerupper-6.0.8.jar%2377!/:?]
	at net.minecraftforge.common.loot.LootModifierManager.apply(LootModifierManager.java:79) ~[forge-1.20.1-47.3.7-universal.jar%23362!/:?]
	at net.minecraftforge.common.loot.LootModifierManager.m_5787_(LootModifierManager.java:38) ~[forge-1.20.1-47.3.7-universal.jar%23362!/:?]
	at net.minecraft.server.packs.resources.SimplePreparableReloadListener.m_10789_(SimplePreparableReloadListener.java:13) ~[server-1.20.1-20230612.114412-srg.jar%23357!/:?]
	at java.util.concurrent.CompletableFuture$UniAccept.tryFire(CompletableFuture.java:718) ~[?:?]
	at java.util.concurrent.CompletableFuture$Completion.run(CompletableFuture.java:482) ~[?:?]
	at net.minecraft.server.packs.resources.SimpleReloadInstance.m_143940_(SimpleReloadInstance.java:69) ~[server-1.20.1-20230612.114412-srg.jar%23357!/:?]
	at net.minecraft.Util.m_214652_(Util.java:783) ~[server-1.20.1-20230612.114412-srg.jar%23357!/:?]
	at net.minecraft.Util.m_214679_(Util.java:772) ~[server-1.20.1-20230612.114412-srg.jar%23357!/:?]
	at net.minecraft.server.Main.main(Main.java:166) ~[server-1.20.1-20230612.114412-srg.jar%23357!/:?]
	at jdk.internal.reflect.NativeMethodAccessorImpl.invoke0(Native Method) ~[?:?]
	at jdk.internal.reflect.NativeMethodAccessorImpl.invoke(NativeMethodAccessorImpl.java:77) ~[?:?]
	at jdk.internal.reflect.DelegatingMethodAccessorImpl.invoke(DelegatingMethodAccessorImpl.java:43) ~[?:?]
	at java.lang.reflect.Method.invoke(Method.java:569) ~[?:?]
	at net.minecraftforge.fml.loading.targets.CommonLaunchHandler.runTarget(CommonLaunchHandler.java:111) ~[fmlloader-1.20.1-47.3.7.jar%2369!/:?]
	at net.minecraftforge.fml.loading.targets.CommonLaunchHandler.serverService(CommonLaunchHandler.java:103) ~[fmlloader-1.20.1-47.3.7.jar%2369!/:?]
	at net.minecraftforge.fml.loading.targets.CommonServerLaunchHandler.lambda$makeService$0(CommonServerLaunchHandler.java:27) ~[fmlloader-1.20.1-47.3.7.jar%2369!/:?]
	at cpw.mods.modlauncher.LaunchServiceHandlerDecorator.launch(LaunchServiceHandlerDecorator.java:30) ~[modlauncher-10.0.9.jar%2355!/:?]
	at cpw.mods.modlauncher.LaunchServiceHandler.launch(LaunchServiceHandler.java:53) ~[modlauncher-10.0.9.jar%2355!/:?]
	at cpw.mods.modlauncher.LaunchServiceHandler.launch(LaunchServiceHandler.java:71) ~[modlauncher-10.0.9.jar%2355!/:?]
	at cpw.mods.modlauncher.Launcher.run(Launcher.java:108) ~[modlauncher-10.0.9.jar%2355!/:?]
	at cpw.mods.modlauncher.Launcher.main(Launcher.java:78) ~[modlauncher-10.0.9.jar%2355!/:?]
	at cpw.mods.modlauncher.BootstrapLaunchConsumer.accept(BootstrapLaunchConsumer.java:26) ~[modlauncher-10.0.9.jar%2355!/:?]
	at cpw.mods.modlauncher.BootstrapLaunchConsumer.accept(BootstrapLaunchConsumer.java:23) ~[modlauncher-10.0.9.jar%2355!/:?]
	at cpw.mods.bootstraplauncher.BootstrapLauncher.main(BootstrapLauncher.java:141) ~[bootstraplauncher-1.1.2.jar:?]
[04Mar2025 21:58:01.281] [main/WARN] [net.minecraftforge.common.loot.LootModifierManager/]: Could not decode GlobalLootModifier with json id nethersdelight:chopping_string - error: Unknown type 'minecraft:alternative'
[04Mar2025 21:58:01.282] [main/WARN] [net.minecraftforge.common.loot.LootModifierManager/]: Unable to decode loot conditions
com.google.gson.JsonSyntaxException: Unknown type 'alternative'
	at net.minecraft.world.level.storage.loot.GsonAdapterFactory$JsonAdapter.deserialize(GsonAdapterFactory.java:99) ~[server-1.20.1-20230612.114412-srg.jar%23357!/:?]
	at com.google.gson.internal.bind.TreeTypeAdapter.read(TreeTypeAdapter.java:76) ~[gson-2.10.jar%2372!/:?]
	at com.google.gson.internal.bind.TypeAdapterRuntimeTypeWrapper.read(TypeAdapterRuntimeTypeWrapper.java:40) ~[gson-2.10.jar%2372!/:?]
	at com.google.gson.internal.bind.ArrayTypeAdapter.read(ArrayTypeAdapter.java:72) ~[gson-2.10.jar%2372!/:?]
	at com.google.gson.Gson.fromJson(Gson.java:1214) ~[gson-2.10.jar%2372!/:?]
	at com.google.gson.Gson.fromJson(Gson.java:1319) ~[gson-2.10.jar%2372!/:?]
	at com.google.gson.Gson.fromJson(Gson.java:1261) ~[gson-2.10.jar%2372!/:?]
	at net.minecraftforge.common.loot.IGlobalLootModifier.lambda$static$1(IGlobalLootModifier.java:39) ~[forge-1.20.1-47.3.7-universal.jar%23362!/:?]
	at com.mojang.serialization.Decoder$1.lambda$decode$1(Decoder.java:49) ~[datafixerupper-6.0.8.jar%2377!/:?]
	at com.mojang.serialization.DataResult.lambda$flatMap$11(DataResult.java:139) ~[datafixerupper-6.0.8.jar%2377!/:?]
	at com.mojang.datafixers.util.Either$Left.map(Either.java:38) ~[datafixerupper-6.0.8.jar%2377!/:?]
	at com.mojang.serialization.DataResult.flatMap(DataResult.java:137) ~[datafixerupper-6.0.8.jar%2377!/:?]
	at com.mojang.serialization.Decoder$1.decode(Decoder.java:49) ~[datafixerupper-6.0.8.jar%2377!/:?]
	at com.mojang.serialization.Codec$2.decode(Codec.java:71) ~[datafixerupper-6.0.8.jar%2377!/:?]
	at com.mojang.serialization.Decoder.parse(Decoder.java:18) ~[datafixerupper-6.0.8.jar%2377!/:?]
	at com.mojang.serialization.codecs.FieldDecoder.decode(FieldDecoder.java:29) ~[datafixerupper-6.0.8.jar%2377!/:?]
	at com.mojang.serialization.MapCodec$1.decode(MapCodec.java:34) ~[datafixerupper-6.0.8.jar%2377!/:?]
	at com.mojang.serialization.codecs.RecordCodecBuilder$Instance$7.decode(RecordCodecBuilder.java:406) ~[datafixerupper-6.0.8.jar%2377!/:?]
	at com.mojang.serialization.codecs.RecordCodecBuilder$2.decode(RecordCodecBuilder.java:107) ~[datafixerupper-6.0.8.jar%2377!/:?]
	at com.mojang.serialization.codecs.KeyDispatchCodec.lambda$decode$3(KeyDispatchCodec.java:67) ~[datafixerupper-6.0.8.jar%2377!/:?]
	at com.mojang.serialization.DataResult.lambda$flatMap$11(DataResult.java:139) ~[datafixerupper-6.0.8.jar%2377!/:?]
	at com.mojang.datafixers.util.Either$Left.map(Either.java:38) ~[datafixerupper-6.0.8.jar%2377!/:?]
	at com.mojang.serialization.DataResult.flatMap(DataResult.java:137) ~[datafixerupper-6.0.8.jar%2377!/:?]
	at com.mojang.serialization.codecs.KeyDispatchCodec.lambda$decode$4(KeyDispatchCodec.java:58) ~[datafixerupper-6.0.8.jar%2377!/:?]
	at com.mojang.serialization.DataResult.lambda$flatMap$11(DataResult.java:139) ~[datafixerupper-6.0.8.jar%2377!/:?]
	at com.mojang.datafixers.util.Either$Left.map(Either.java:38) ~[datafixerupper-6.0.8.jar%2377!/:?]
	at com.mojang.serialization.DataResult.flatMap(DataResult.java:137) ~[datafixerupper-6.0.8.jar%2377!/:?]
	at com.mojang.serialization.codecs.KeyDispatchCodec.decode(KeyDispatchCodec.java:56) ~[datafixerupper-6.0.8.jar%2377!/:?]
	at com.mojang.serialization.MapDecoder.lambda$compressedDecode$1(MapDecoder.java:52) ~[datafixerupper-6.0.8.jar%2377!/:?]
	at com.mojang.serialization.DataResult.lambda$flatMap$11(DataResult.java:139) ~[datafixerupper-6.0.8.jar%2377!/:?]
	at com.mojang.datafixers.util.Either$Left.map(Either.java:38) ~[datafixerupper-6.0.8.jar%2377!/:?]
	at com.mojang.serialization.DataResult.flatMap(DataResult.java:137) ~[datafixerupper-6.0.8.jar%2377!/:?]
	at com.mojang.serialization.MapDecoder.compressedDecode(MapDecoder.java:52) ~[datafixerupper-6.0.8.jar%2377!/:?]
	at com.mojang.serialization.MapCodec$MapCodecCodec.decode(MapCodec.java:91) ~[datafixerupper-6.0.8.jar%2377!/:?]
	at com.mojang.serialization.Decoder.parse(Decoder.java:18) ~[datafixerupper-6.0.8.jar%2377!/:?]
	at net.minecraftforge.common.loot.LootModifierManager.apply(LootModifierManager.java:79) ~[forge-1.20.1-47.3.7-universal.jar%23362!/:?]
	at net.minecraftforge.common.loot.LootModifierManager.m_5787_(LootModifierManager.java:38) ~[forge-1.20.1-47.3.7-universal.jar%23362!/:?]
	at net.minecraft.server.packs.resources.SimplePreparableReloadListener.m_10789_(SimplePreparableReloadListener.java:13) ~[server-1.20.1-20230612.114412-srg.jar%23357!/:?]
	at java.util.concurrent.CompletableFuture$UniAccept.tryFire(CompletableFuture.java:718) ~[?:?]
	at java.util.concurrent.CompletableFuture$Completion.run(CompletableFuture.java:482) ~[?:?]
	at net.minecraft.server.packs.resources.SimpleReloadInstance.m_143940_(SimpleReloadInstance.java:69) ~[server-1.20.1-20230612.114412-srg.jar%23357!/:?]
	at net.minecraft.Util.m_214652_(Util.java:783) ~[server-1.20.1-20230612.114412-srg.jar%23357!/:?]
	at net.minecraft.Util.m_214679_(Util.java:772) ~[server-1.20.1-20230612.114412-srg.jar%23357!/:?]
	at net.minecraft.server.Main.main(Main.java:166) ~[server-1.20.1-20230612.114412-srg.jar%23357!/:?]
	at jdk.internal.reflect.NativeMethodAccessorImpl.invoke0(Native Method) ~[?:?]
	at jdk.internal.reflect.NativeMethodAccessorImpl.invoke(NativeMethodAccessorImpl.java:77) ~[?:?]
	at jdk.internal.reflect.DelegatingMethodAccessorImpl.invoke(DelegatingMethodAccessorImpl.java:43) ~[?:?]
	at java.lang.reflect.Method.invoke(Method.java:569) ~[?:?]
	at net.minecraftforge.fml.loading.targets.CommonLaunchHandler.runTarget(CommonLaunchHandler.java:111) ~[fmlloader-1.20.1-47.3.7.jar%2369!/:?]
	at net.minecraftforge.fml.loading.targets.CommonLaunchHandler.serverService(CommonLaunchHandler.java:103) ~[fmlloader-1.20.1-47.3.7.jar%2369!/:?]
	at net.minecraftforge.fml.loading.targets.CommonServerLaunchHandler.lambda$makeService$0(CommonServerLaunchHandler.java:27) ~[fmlloader-1.20.1-47.3.7.jar%2369!/:?]
	at cpw.mods.modlauncher.LaunchServiceHandlerDecorator.launch(LaunchServiceHandlerDecorator.java:30) ~[modlauncher-10.0.9.jar%2355!/:?]
	at cpw.mods.modlauncher.LaunchServiceHandler.launch(LaunchServiceHandler.java:53) ~[modlauncher-10.0.9.jar%2355!/:?]
	at cpw.mods.modlauncher.LaunchServiceHandler.launch(LaunchServiceHandler.java:71) ~[modlauncher-10.0.9.jar%2355!/:?]
	at cpw.mods.modlauncher.Launcher.run(Launcher.java:108) ~[modlauncher-10.0.9.jar%2355!/:?]
	at cpw.mods.modlauncher.Launcher.main(Launcher.java:78) ~[modlauncher-10.0.9.jar%2355!/:?]
	at cpw.mods.modlauncher.BootstrapLaunchConsumer.accept(BootstrapLaunchConsumer.java:26) ~[modlauncher-10.0.9.jar%2355!/:?]
	at cpw.mods.modlauncher.BootstrapLaunchConsumer.accept(BootstrapLaunchConsumer.java:23) ~[modlauncher-10.0.9.jar%2355!/:?]
	at cpw.mods.bootstraplauncher.BootstrapLauncher.main(BootstrapLauncher.java:141) ~[bootstraplauncher-1.1.2.jar:?]
[04Mar2025 21:58:01.284] [main/WARN] [net.minecraftforge.common.loot.LootModifierManager/]: Could not decode GlobalLootModifier with json id miners_delight:scavenging_tentacles - error: Unknown type 'alternative'
[04Mar2025 21:58:01.284] [main/WARN] [net.minecraftforge.common.loot.LootModifierManager/]: Unable to decode loot conditions
com.google.gson.JsonSyntaxException: Unknown type 'alternative'
	at net.minecraft.world.level.storage.loot.GsonAdapterFactory$JsonAdapter.deserialize(GsonAdapterFactory.java:99) ~[server-1.20.1-20230612.114412-srg.jar%23357!/:?]
	at com.google.gson.internal.bind.TreeTypeAdapter.read(TreeTypeAdapter.java:76) ~[gson-2.10.jar%2372!/:?]
	at com.google.gson.internal.bind.TypeAdapterRuntimeTypeWrapper.read(TypeAdapterRuntimeTypeWrapper.java:40) ~[gson-2.10.jar%2372!/:?]
	at com.google.gson.internal.bind.ArrayTypeAdapter.read(ArrayTypeAdapter.java:72) ~[gson-2.10.jar%2372!/:?]
	at com.google.gson.Gson.fromJson(Gson.java:1214) ~[gson-2.10.jar%2372!/:?]
	at com.google.gson.Gson.fromJson(Gson.java:1319) ~[gson-2.10.jar%2372!/:?]
	at com.google.gson.Gson.fromJson(Gson.java:1261) ~[gson-2.10.jar%2372!/:?]
	at net.minecraftforge.common.loot.IGlobalLootModifier.lambda$static$1(IGlobalLootModifier.java:39) ~[forge-1.20.1-47.3.7-universal.jar%23362!/:?]
	at com.mojang.serialization.Decoder$1.lambda$decode$1(Decoder.java:49) ~[datafixerupper-6.0.8.jar%2377!/:?]
	at com.mojang.serialization.DataResult.lambda$flatMap$11(DataResult.java:139) ~[datafixerupper-6.0.8.jar%2377!/:?]
	at com.mojang.datafixers.util.Either$Left.map(Either.java:38) ~[datafixerupper-6.0.8.jar%2377!/:?]
	at com.mojang.serialization.DataResult.flatMap(DataResult.java:137) ~[datafixerupper-6.0.8.jar%2377!/:?]
	at com.mojang.serialization.Decoder$1.decode(Decoder.java:49) ~[datafixerupper-6.0.8.jar%2377!/:?]
	at com.mojang.serialization.Codec$2.decode(Codec.java:71) ~[datafixerupper-6.0.8.jar%2377!/:?]
	at com.mojang.serialization.Decoder.parse(Decoder.java:18) ~[datafixerupper-6.0.8.jar%2377!/:?]
	at com.mojang.serialization.codecs.FieldDecoder.decode(FieldDecoder.java:29) ~[datafixerupper-6.0.8.jar%2377!/:?]
	at com.mojang.serialization.MapCodec$1.decode(MapCodec.java:34) ~[datafixerupper-6.0.8.jar%2377!/:?]
	at com.mojang.serialization.codecs.RecordCodecBuilder$Instance$5.decode(RecordCodecBuilder.java:323) ~[datafixerupper-6.0.8.jar%2377!/:?]
	at com.mojang.serialization.codecs.RecordCodecBuilder$2.decode(RecordCodecBuilder.java:107) ~[datafixerupper-6.0.8.jar%2377!/:?]
	at com.mojang.serialization.codecs.KeyDispatchCodec.lambda$decode$3(KeyDispatchCodec.java:67) ~[datafixerupper-6.0.8.jar%2377!/:?]
	at com.mojang.serialization.DataResult.lambda$flatMap$11(DataResult.java:139) ~[datafixerupper-6.0.8.jar%2377!/:?]
	at com.mojang.datafixers.util.Either$Left.map(Either.java:38) ~[datafixerupper-6.0.8.jar%2377!/:?]
	at com.mojang.serialization.DataResult.flatMap(DataResult.java:137) ~[datafixerupper-6.0.8.jar%2377!/:?]
	at com.mojang.serialization.codecs.KeyDispatchCodec.lambda$decode$4(KeyDispatchCodec.java:58) ~[datafixerupper-6.0.8.jar%2377!/:?]
	at com.mojang.serialization.DataResult.lambda$flatMap$11(DataResult.java:139) ~[datafixerupper-6.0.8.jar%2377!/:?]
	at com.mojang.datafixers.util.Either$Left.map(Either.java:38) ~[datafixerupper-6.0.8.jar%2377!/:?]
	at com.mojang.serialization.DataResult.flatMap(DataResult.java:137) ~[datafixerupper-6.0.8.jar%2377!/:?]
	at com.mojang.serialization.codecs.KeyDispatchCodec.decode(KeyDispatchCodec.java:56) ~[datafixerupper-6.0.8.jar%2377!/:?]
	at com.mojang.serialization.MapDecoder.lambda$compressedDecode$1(MapDecoder.java:52) ~[datafixerupper-6.0.8.jar%2377!/:?]
	at com.mojang.serialization.DataResult.lambda$flatMap$11(DataResult.java:139) ~[datafixerupper-6.0.8.jar%2377!/:?]
	at com.mojang.datafixers.util.Either$Left.map(Either.java:38) ~[datafixerupper-6.0.8.jar%2377!/:?]
	at com.mojang.serialization.DataResult.flatMap(DataResult.java:137) ~[datafixerupper-6.0.8.jar%2377!/:?]
	at com.mojang.serialization.MapDecoder.compressedDecode(MapDecoder.java:52) ~[datafixerupper-6.0.8.jar%2377!/:?]
	at com.mojang.serialization.MapCodec$MapCodecCodec.decode(MapCodec.java:91) ~[datafixerupper-6.0.8.jar%2377!/:?]
	at com.mojang.serialization.Decoder.parse(Decoder.java:18) ~[datafixerupper-6.0.8.jar%2377!/:?]
	at net.minecraftforge.common.loot.LootModifierManager.apply(LootModifierManager.java:79) ~[forge-1.20.1-47.3.7-universal.jar%23362!/:?]
	at net.minecraftforge.common.loot.LootModifierManager.m_5787_(LootModifierManager.java:38) ~[forge-1.20.1-47.3.7-universal.jar%23362!/:?]
	at net.minecraft.server.packs.resources.SimplePreparableReloadListener.m_10789_(SimplePreparableReloadListener.java:13) ~[server-1.20.1-20230612.114412-srg.jar%23357!/:?]
	at java.util.concurrent.CompletableFuture$UniAccept.tryFire(CompletableFuture.java:718) ~[?:?]
	at java.util.concurrent.CompletableFuture$Completion.run(CompletableFuture.java:482) ~[?:?]
	at net.minecraft.server.packs.resources.SimpleReloadInstance.m_143940_(SimpleReloadInstance.java:69) ~[server-1.20.1-20230612.114412-srg.jar%23357!/:?]
	at net.minecraft.Util.m_214652_(Util.java:783) ~[server-1.20.1-20230612.114412-srg.jar%23357!/:?]
	at net.minecraft.Util.m_214679_(Util.java:772) ~[server-1.20.1-20230612.114412-srg.jar%23357!/:?]
	at net.minecraft.server.Main.main(Main.java:166) ~[server-1.20.1-20230612.114412-srg.jar%23357!/:?]
	at jdk.internal.reflect.NativeMethodAccessorImpl.invoke0(Native Method) ~[?:?]
	at jdk.internal.reflect.NativeMethodAccessorImpl.invoke(NativeMethodAccessorImpl.java:77) ~[?:?]
	at jdk.internal.reflect.DelegatingMethodAccessorImpl.invoke(DelegatingMethodAccessorImpl.java:43) ~[?:?]
	at java.lang.reflect.Method.invoke(Method.java:569) ~[?:?]
	at net.minecraftforge.fml.loading.targets.CommonLaunchHandler.runTarget(CommonLaunchHandler.java:111) ~[fmlloader-1.20.1-47.3.7.jar%2369!/:?]
	at net.minecraftforge.fml.loading.targets.CommonLaunchHandler.serverService(CommonLaunchHandler.java:103) ~[fmlloader-1.20.1-47.3.7.jar%2369!/:?]
	at net.minecraftforge.fml.loading.targets.CommonServerLaunchHandler.lambda$makeService$0(CommonServerLaunchHandler.java:27) ~[fmlloader-1.20.1-47.3.7.jar%2369!/:?]
	at cpw.mods.modlauncher.LaunchServiceHandlerDecorator.launch(LaunchServiceHandlerDecorator.java:30) ~[modlauncher-10.0.9.jar%2355!/:?]
	at cpw.mods.modlauncher.LaunchServiceHandler.launch(LaunchServiceHandler.java:53) ~[modlauncher-10.0.9.jar%2355!/:?]
	at cpw.mods.modlauncher.LaunchServiceHandler.launch(LaunchServiceHandler.java:71) ~[modlauncher-10.0.9.jar%2355!/:?]
	at cpw.mods.modlauncher.Launcher.run(Launcher.java:108) ~[modlauncher-10.0.9.jar%2355!/:?]
	at cpw.mods.modlauncher.Launcher.main(Launcher.java:78) ~[modlauncher-10.0.9.jar%2355!/:?]
	at cpw.mods.modlauncher.BootstrapLaunchConsumer.accept(BootstrapLaunchConsumer.java:26) ~[modlauncher-10.0.9.jar%2355!/:?]
	at cpw.mods.modlauncher.BootstrapLaunchConsumer.accept(BootstrapLaunchConsumer.java:23) ~[modlauncher-10.0.9.jar%2355!/:?]
	at cpw.mods.bootstraplauncher.BootstrapLauncher.main(BootstrapLauncher.java:141) ~[bootstraplauncher-1.1.2.jar:?]
[04Mar2025 21:58:01.286] [main/WARN] [net.minecraftforge.common.loot.LootModifierManager/]: Could not decode GlobalLootModifier with json id miners_delight:scavenging_silverfish - error: Unknown type 'alternative'
[04Mar2025 21:58:01.357] [main/ERROR] [io.github.apace100.apoli.Apoli/]: Error loading power "strictly:sun_strength": Input does not contain a key [type]: MapLike[{"entity_action":{"type":"origins:apply_effect","effect":{"effect":"minecraft:strength","is_ambient":true,"show_particles":false,"show_icon":false,"amplifier":1,"duration":1000}},"interval":200}]
[04Mar2025 21:58:01.357] [main/ERROR] [io.github.apace100.apoli.Apoli/]: Loading for all instances of power strictly:sun_strength failed.
[04Mar2025 21:58:01.361] [main/ERROR] [io.github.apace100.apoli.Apoli/]: Error loading power "strictly:thick_fur_cont": At EntityType: Identifier "minecraft:tipped_arrow" was not registered in registry "minecraft:entity_type"., At ResourceLocation: JsonObject
[04Mar2025 21:58:01.362] [main/ERROR] [io.github.apace100.apoli.Apoli/]: Loading for all instances of power strictly:thick_fur_cont failed.
[04Mar2025 21:58:01.425] [main/WARN] [io.github.apace100.apoli.Apoli/]: Power "medievalorigins:moon_elf/nimble" will only be partially loaded: Failed to read fields: At Attribute: Identifier "combatroll:count" was not registered in registry "minecraft:attribute".
[04Mar2025 21:58:01.515] [main/WARN] [io.github.apace100.apoli.Apoli/]: Power "medievalorigins:high_elf/gear_spawn" will only be partially loaded: At Item: Identifier "runes:frost_stone" was not registered in registry "minecraft:item"., At ResourceLocation: JsonObject; At Item: Identifier "wizards:wand_frost" was not registered in registry "minecraft:item"., At ResourceLocation: JsonObject, At ResourceLocation: JsonObject
[04Mar2025 21:58:01.571] [main/WARN] [io.github.apace100.apoli.Apoli/]: Power "medievalorigins:dwarf/mythril_resonance" will only be partially loaded: Failed to read fields: At Attribute: Identifier "reach-entity-attributes:reach" was not registered in registry "minecraft:attribute".
[04Mar2025 21:58:01.645] [main/WARN] [io.github.apace100.apoli.Apoli/]: Power "strictly:new_diet" will only be partially loaded: Failed to read fields: No key conditions in MapLike[{"type":"origins:and"}]
[04Mar2025 21:58:01.740] [main/WARN] [io.github.apace100.apoli.Apoli/]: Power "medievalorigins:high_elf/mana_irons_ars" will only be partially loaded: Failed to read fields: At Attribute: Identifier "ars_nouveau:ars_nouveau.perk.max_mana" was not registered in registry "minecraft:attribute"., At Attribute: Identifier "ars_nouveau:ars_nouveau.perk.mana_regen" was not registered in registry "minecraft:attribute".
[04Mar2025 21:58:01.778] [main/WARN] [io.github.apace100.apoli.Apoli/]: Power "medievalorigins:wood_elf/empowered_shot_apotheosis" will only be partially loaded: Failed to read fields: At Attribute: Identifier "attributeslib:arrow_velocity" was not registered in registry "minecraft:attribute".
[04Mar2025 21:58:01.786] [main/WARN] [io.github.apace100.apoli.Apoli/]: Power "strictly:skull_wand" will only be partially loaded: At Item: Identifier "orcz:skullwand" was not registered in registry "minecraft:item"., At ResourceLocation: JsonObject, At ResourceLocation: JsonObject
[04Mar2025 21:58:01.816] [main/WARN] [io.github.apace100.apoli.Apoli/]: Power "strictly:cloak" will only be partially loaded: At Item: Identifier "blue_skies:bag_of_spoils" was not registered in registry "minecraft:item"., At ResourceLocation: JsonObject, At ResourceLocation: JsonObject
[04Mar2025 21:58:01.857] [main/ERROR] [io.github.apace100.apoli.Apoli/]: Error loading power "strictly:slowwalker": No key duration_per_stack in MapLike[{"type":"origins:stacking_status_effect","entity_action":{"type":"origins:apply_effect","effects":[{"effect":"minecraft:luck","duration":-1,"is_ambient":false,"show_particles":false,"show_icon":false},{"effect":"minecraft:slowness","duration":-1,"is_ambient":false,"show_particles":false,"show_icon":true}]}}]; No key max_stacks in MapLike[{"type":"origins:stacking_status_effect","entity_action":{"type":"origins:apply_effect","effects":[{"effect":"minecraft:luck","duration":-1,"is_ambient":false,"show_particles":false,"show_icon":false},{"effect":"minecraft:slowness","duration":-1,"is_ambient":false,"show_particles":false,"show_icon":true}]}}]; No key min_stacks in MapLike[{"type":"origins:stacking_status_effect","entity_action":{"type":"origins:apply_effect","effects":[{"effect":"minecraft:luck","duration":-1,"is_ambient":false,"show_particles":false,"show_icon":false},{"effect":"minecraft:slowness","duration":-1,"is_ambient":false,"show_particles":false,"show_icon":true}]}}]
[04Mar2025 21:58:01.857] [main/ERROR] [io.github.apace100.apoli.Apoli/]: Loading for all instances of power strictly:slowwalker failed.
[04Mar2025 21:58:01.879] [main/ERROR] [io.github.apace100.apoli.Apoli/]: Error loading power "strictly:holy_shield": At MobEffectInstance: Error reading status effect: could not find status effect with id: dungeons_gear:shielding, At ResourceLocation: JsonObject; At MobEffect: Identifier "dungeons_gear:shielding" was not registered in registry "minecraft:mob_effect"., At ResourceLocation: JsonObject; At MobEffect: Identifier "dungeons_gear:shielding" was not registered in registry "minecraft:mob_effect"., At ResourceLocation: JsonObject
[04Mar2025 21:58:01.879] [main/ERROR] [io.github.apace100.apoli.Apoli/]: Loading for all instances of power strictly:holy_shield failed.
[04Mar2025 21:58:01.897] [main/WARN] [io.github.apace100.apoli.Apoli/]: Power "medievalorigins:goblin/greedy" will only be partially loaded: Failed to read fields: At Attribute: Identifier "additionalentityattributes:generic.dig_speed" was not registered in registry "minecraft:attribute".; At Attribute: Identifier "reach-entity-attributes:reach" was not registered in registry "minecraft:attribute".
[04Mar2025 21:58:01.911] [main/WARN] [io.github.apace100.apoli.Apoli/]: Power "strictly:durendal" will only be partially loaded: At Item: Identifier "pmmo_xp_bottles:combat" was not registered in registry "minecraft:item"., At ResourceLocation: JsonObject, At ResourceLocation: JsonObject
[04Mar2025 21:58:01.920] [main/ERROR] [io.github.apace100.apoli.Apoli/]: Error loading power "medievalorigins:revenant/summon_scaling": At Attribute: Identifier "spell_power:soul" was not registered in registry "minecraft:attribute".; No key update_health in MapLike[{"type":"medievalorigins:owner_attribute_transfer","owner_attribute":"spell_power:soul","modifiers":[{"attribute":"minecraft:generic.max_health","operation":"addition","value":5.0},{"attribute":"minecraft:generic.attack_damage","operation":"addition","value":0.5},{"attribute":"minecraft:generic.armor","operation":"addition","value":1},{"attribute":"generic.movement_speed","operation":"addition","value":0.001}]}]; No key tick_rate in MapLike[{"type":"medievalorigins:owner_attribute_transfer","owner_attribute":"spell_power:soul","modifiers":[{"attribute":"minecraft:generic.max_health","operation":"addition","value":5.0},{"attribute":"minecraft:generic.attack_damage","operation":"addition","value":0.5},{"attribute":"minecraft:generic.armor","operation":"addition","value":1},{"attribute":"generic.movement_speed","operation":"addition","value":0.001}]}]
[04Mar2025 21:58:01.920] [main/ERROR] [io.github.apace100.apoli.Apoli/]: Loading for all instances of power medievalorigins:revenant/summon_scaling failed.
[04Mar2025 21:58:01.934] [main/WARN] [io.github.apace100.apoli.Apoli/]: Power "strictly:spider_like" will only be partially loaded: Input does not contain a key [type]: MapLike[{"key":"key.jump","continuous":true}], At ResourceLocation: JsonObject
[04Mar2025 21:58:01.936] [main/WARN] [io.github.apace100.apoli.Apoli/]: Power "strictly:skofnung" will only be partially loaded: At Item: Identifier "pmmo_xp_bottles:endurance" was not registered in registry "minecraft:item"., At ResourceLocation: JsonObject, At ResourceLocation: JsonObject
[04Mar2025 21:58:01.960] [main/ERROR] [io.github.apace100.apoli.Apoli/]: Error loading power "medievalorigins:valkyrie/wings": Unknown registry key: medievalorigins:icarus_wings
[04Mar2025 21:58:01.960] [main/ERROR] [io.github.apace100.apoli.Apoli/]: Loading for all instances of power medievalorigins:valkyrie/wings failed.
[04Mar2025 21:58:01.966] [main/WARN] [io.github.apace100.apoli.Apoli/]: Power "medievalorigins:alfiq/pickpocket" will only be partially loaded: Failed to read fields: Unknown registry key: origins:modify_resource, At ResourceLocation: JsonObject, At ResourceLocation: JsonObject
[04Mar2025 21:58:01.967] [main/WARN] [io.github.apace100.apoli.Apoli/]: Power "strictly:scholar" will only be partially loaded: At Item: Identifier "relics:holy_locket" was not registered in registry "minecraft:item"., At ResourceLocation: JsonObject, At ResourceLocation: JsonObject
[04Mar2025 21:58:01.972] [main/WARN] [io.github.apace100.apoli.Apoli/]: Power "strictly:smoke_sickness" will only be partially loaded: Failed to read fields: Unknown registry key: origins:stacking_status_effect, At ResourceLocation: JsonObject; Unknown registry key: origins:stacking_status_effect, At ResourceLocation: JsonObject, At ResourceLocation: JsonObject
[04Mar2025 21:58:02.025] [main/WARN] [io.github.apace100.apoli.Apoli/]: Power "medievalorigins:high_elf/mana_ars" will only be partially loaded: Failed to read fields: At Attribute: Identifier "ars_nouveau:ars_nouveau.perk.max_mana" was not registered in registry "minecraft:attribute"., At Attribute: Identifier "ars_nouveau:ars_nouveau.perk.mana_regen" was not registered in registry "minecraft:attribute".
[04Mar2025 21:58:02.046] [main/WARN] [io.github.apace100.apoli.Apoli/]: Power "strictly:withers_immunity" will only be partially loaded: At MobEffect: Identifier "orcz:stunspam" was not registered in registry "minecraft:mob_effect".; At MobEffect: Identifier "orcz:stunlock" was not registered in registry "minecraft:mob_effect".
[04Mar2025 21:58:02.076] [main/WARN] [io.github.apace100.apoli.Apoli/]: Power "strictly:shaman_hood" will only be partially loaded: At Item: Identifier "skillcloaks:slayer_hood" was not registered in registry "minecraft:item"., At ResourceLocation: JsonObject, At ResourceLocation: JsonObject
[04Mar2025 21:58:02.085] [main/WARN] [io.github.apace100.apoli.Apoli/]: Power "medievalorigins:valkyrie/vanquisher" will only be partially loaded: Failed to read fields: At Attribute: Identifier "spell_power:healing" was not registered in registry "minecraft:attribute".
[04Mar2025 21:58:02.100] [main/ERROR] [io.github.apace100.origins.Origins/]: There was a problem reading Origin file strictly:orcs_shaman (skipping): Identifier "orcz:skullwand" was not registered in registry "minecraft:item".
[04Mar2025 21:58:02.100] [main/ERROR] [io.github.apace100.origins.Origins/]: All instances of origin strictly:orcs_shaman failed to load. Skipped
[04Mar2025 21:58:02.108] [main/ERROR] [io.github.apace100.origins.Origins/]: There was a problem reading Origin file strictly:priest (skipping): At Item: Identifier "relics:holy_locket" was not registered in registry "minecraft:item".
[04Mar2025 21:58:02.108] [main/ERROR] [io.github.apace100.origins.Origins/]: All instances of origin strictly:priest failed to load. Skipped
[04Mar2025 21:58:02.137] [main/ERROR] [io.github.apace100.origins.Origins/]: Removed 1 missing powers from medievalorigins:revenant
[04Mar2025 21:58:02.137] [main/ERROR] [io.github.apace100.origins.Origins/]: Removed 1 missing powers from medievalorigins:gorgon
[04Mar2025 21:58:02.140] [main/ERROR] [io.github.apace100.origins.Origins/]: Removed 4 missing powers from medievalorigins:high_elf
[04Mar2025 21:58:02.140] [main/ERROR] [io.github.apace100.origins.Origins/]: Removed 1 missing powers from medievalorigins:banshee
[04Mar2025 21:58:02.141] [main/ERROR] [io.github.apace100.origins.Origins/]: Removed 1 missing powers from strictly:birdofparadise
[04Mar2025 21:58:02.142] [main/ERROR] [io.github.apace100.origins.Origins/]: Removed 1 missing powers from medievalorigins:ogre
[04Mar2025 21:58:02.142] [main/ERROR] [io.github.apace100.origins.Origins/]: Removed 1 missing powers from strictly:umvuthi
[04Mar2025 21:58:02.145] [main/ERROR] [io.github.apace100.origins.Origins/]: Removed 5 missing powers from medievalorigins:siren
[04Mar2025 21:58:02.145] [main/ERROR] [io.github.apace100.origins.Origins/]: Removed 7 missing powers from medievalorigins:incubus
[04Mar2025 21:58:02.145] [main/ERROR] [io.github.apace100.origins.Origins/]: Removed 2 missing powers from strictly:otter
[04Mar2025 21:58:02.146] [main/ERROR] [io.github.apace100.origins.Origins/]: Removed 4 missing powers from medievalorigins:troll
[04Mar2025 21:58:02.146] [main/ERROR] [io.github.apace100.origins.Origins/]: Removed 1 missing powers from medievalorigins:plague_victim
[04Mar2025 21:58:02.147] [main/ERROR] [io.github.apace100.origins.Origins/]: Removed 1 missing powers from medievalorigins:valkyrie
[04Mar2025 21:58:02.147] [main/ERROR] [io.github.apace100.origins.Origins/]: Removed 1 missing powers from strictly:adapted_raccoon
[04Mar2025 21:58:02.148] [main/ERROR] [io.github.apace100.origins.Origins/]: Removed 2 missing powers from medievalorigins:wood_elf
[04Mar2025 21:58:02.148] [main/ERROR] [io.github.apace100.origins.Origins/]: Removed 1 missing powers from medievalorigins:moon_elf
[04Mar2025 21:58:02.149] [main/ERROR] [io.github.apace100.origins.Origins/]: Removed 4 missing powers from medievalorigins:yeti
[04Mar2025 21:58:02.370] [main/INFO] [slimeknights.mantle.fluid.transfer.FluidContainerTransferManager/]: Loaded 0 dynamic modifiers in 0.400868 ms
[04Mar2025 21:58:02.672] [Server thread/INFO] [net.minecraft.server.dedicated.DedicatedServer/]: Starting minecraft server version 1.20.1
[04Mar2025 21:58:02.672] [Server thread/INFO] [net.minecraft.server.dedicated.DedicatedServer/]: Loading properties
[04Mar2025 21:58:02.672] [Server thread/INFO] [net.minecraft.server.dedicated.DedicatedServer/]: Default game type: SURVIVAL
[04Mar2025 21:58:02.672] [Server thread/INFO] [net.minecraft.server.MinecraftServer/]: Generating keypair
[04Mar2025 21:58:02.794] [Server thread/INFO] [net.minecraft.server.dedicated.DedicatedServer/]: Starting Minecraft server on *:25565
[04Mar2025 21:58:02.862] [Server thread/INFO] [net.minecraft.server.network.ServerConnectionListener/]: Using epoll channel type
[04Mar2025 21:58:02.959] [Server thread/WARN] [net.minecraft.server.dedicated.DedicatedServer/]: **** SERVER IS RUNNING IN OFFLINE/INSECURE MODE!
[04Mar2025 21:58:02.960] [Server thread/WARN] [net.minecraft.server.dedicated.DedicatedServer/]: The server will make no attempt to authenticate usernames. Beware.
[04Mar2025 21:58:02.961] [Server thread/WARN] [net.minecraft.server.dedicated.DedicatedServer/]: While this makes the game possible to play without internet access, it also opens up the ability for hackers to connect with any username they choose.
[04Mar2025 21:58:02.961] [Server thread/WARN] [net.minecraft.server.dedicated.DedicatedServer/]: To change this, set "online-mode" to "true" in the server.properties file.
[04Mar2025 21:58:03.285] [Server thread/INFO] [spark/]: Starting background profiler...
[04Mar2025 21:58:04.282] [Server thread/INFO] [xaero.pac.OpenPartiesAndClaims/]: Initializing Open Parties and Claims for the server...
[04Mar2025 21:58:04.306] [Server thread/INFO] [xaero.pac.OpenPartiesAndClaims/]: Loading server info!
[04Mar2025 21:58:04.420] [Server thread/INFO] [xaero.pac.OpenPartiesAndClaims/]: Loading player configs...
[04Mar2025 21:58:04.462] [Server thread/INFO] [xaero.pac.OpenPartiesAndClaims/]: Loaded player configs!
[04Mar2025 21:58:04.463] [Server thread/INFO] [xaero.pac.OpenPartiesAndClaims/]: Loading parties...
[04Mar2025 21:58:04.464] [Server thread/INFO] [xaero.pac.OpenPartiesAndClaims/]: Loaded parties!
[04Mar2025 21:58:04.465] [Server thread/INFO] [xaero.pac.OpenPartiesAndClaims/]: Fixing party inconsistencies...
[04Mar2025 21:58:04.511] [Server thread/INFO] [xaero.pac.OpenPartiesAndClaims/]: Registered party system for OPAC: default
[04Mar2025 21:58:04.512] [Server thread/INFO] [xaero.pac.OpenPartiesAndClaims/]: Registered permission system for OPAC: permission_api
[04Mar2025 21:58:04.515] [Server thread/INFO] [net.minecraft.server.dedicated.DedicatedServer/]: Preparing level "world"
[04Mar2025 21:58:05.240] [Server thread/INFO] [net.minecraft.server.MinecraftServer/]: Preparing start region for dimension minecraft:overworld
[04Mar2025 21:58:08.580] [Server thread/INFO] [net.minecraft.server.level.progress.LoggerChunkProgressListener/]: Preparing spawn area: 0%
[04Mar2025 21:58:08.580] [Server thread/INFO] [net.minecraft.server.level.progress.LoggerChunkProgressListener/]: Preparing spawn area: 0%
[04Mar2025 21:58:08.581] [Server thread/INFO] [net.minecraft.server.level.progress.LoggerChunkProgressListener/]: Preparing spawn area: 0%
[04Mar2025 21:58:08.581] [Server thread/INFO] [net.minecraft.server.level.progress.LoggerChunkProgressListener/]: Preparing spawn area: 0%
[04Mar2025 21:58:08.581] [Server thread/INFO] [net.minecraft.server.level.progress.LoggerChunkProgressListener/]: Preparing spawn area: 0%
[04Mar2025 21:58:08.581] [Server thread/INFO] [net.minecraft.server.level.progress.LoggerChunkProgressListener/]: Preparing spawn area: 0%
[04Mar2025 21:58:08.582] [Server thread/INFO] [net.minecraft.server.level.progress.LoggerChunkProgressListener/]: Preparing spawn area: 0%
[04Mar2025 21:58:08.742] [Server thread/INFO] [net.minecraft.server.level.progress.LoggerChunkProgressListener/]: Preparing spawn area: 0%
[04Mar2025 21:58:09.242] [Server thread/INFO] [net.minecraft.server.level.progress.LoggerChunkProgressListener/]: Preparing spawn area: 0%
[04Mar2025 21:58:09.499] [Server thread/INFO] [Easy NPC/]: Define custom server-side data for Humanoid['entity.easy_npc.humanoid'/1, l='ServerLevel[Mundo nuevo]', x=0.00, y=0.00, z=0.00] ...
[04Mar2025 21:58:09.570] [Server thread/INFO] [Easy NPC/]: Register default handler for Humanoid['entity.easy_npc.humanoid'/1, l='ServerLevel[Mundo nuevo]', x=0.00, y=0.00, z=0.00] with variant STEVE ...
[04Mar2025 21:58:09.596] [Server thread/INFO] [Easy NPC/]: Easy NPC Data version 3 for Humanoid['Willy'/1, l='ServerLevel[Mundo nuevo]', x=-10.50, y=255.00, z=-14.50].
[04Mar2025 21:58:09.600] [Server thread/INFO] [Easy NPC/]: Loading trading offers [net.minecraft.world.item.trading.MerchantOffer@458eac5, net.minecraft.world.item.trading.MerchantOffer@3bd7d995, net.minecraft.world.item.trading.MerchantOffer@3570fef8, net.minecraft.world.item.trading.MerchantOffer@2f99c252, net.minecraft.world.item.trading.MerchantOffer@6c540ba6, net.minecraft.world.item.trading.MerchantOffer@69ca7cc8, net.minecraft.world.item.trading.MerchantOffer@5b7fc837, net.minecraft.world.item.trading.MerchantOffer@3a151a58, net.minecraft.world.item.trading.MerchantOffer@76503f87, net.minecraft.world.item.trading.MerchantOffer@4c4631b9, net.minecraft.world.item.trading.MerchantOffer@69dd6676] for Humanoid['Willy'/1, l='ServerLevel[Mundo nuevo]', x=-10.50, y=255.00, z=-14.50]
[04Mar2025 21:58:09.622] [Server thread/INFO] [Easy NPC/]: Define custom server-side data for Humanoid['entity.easy_npc.humanoid'/4, l='ServerLevel[Mundo nuevo]', x=0.00, y=0.00, z=0.00] ...
[04Mar2025 21:58:09.623] [Server thread/INFO] [Easy NPC/]: Register default handler for Humanoid['entity.easy_npc.humanoid'/4, l='ServerLevel[Mundo nuevo]', x=0.00, y=0.00, z=0.00] with variant STEVE ...
[04Mar2025 21:58:09.624] [Server thread/INFO] [Easy NPC/]: Easy NPC Data version 3 for Humanoid['Mercoro'/4, l='ServerLevel[Mundo nuevo]', x=-25.50, y=262.00, z=-19.50].
[04Mar2025 21:58:09.624] [Server thread/INFO] [Easy NPC/]: Loading trading offers [net.minecraft.world.item.trading.MerchantOffer@652dfe1a, net.minecraft.world.item.trading.MerchantOffer@46ce7ef4, net.minecraft.world.item.trading.MerchantOffer@4c902add, net.minecraft.world.item.trading.MerchantOffer@5992b7a8, net.minecraft.world.item.trading.MerchantOffer@53454fae, net.minecraft.world.item.trading.MerchantOffer@6649a2ec, net.minecraft.world.item.trading.MerchantOffer@2bc2aa3a, net.minecraft.world.item.trading.MerchantOffer@6721771d] for Humanoid['Mercoro'/4, l='ServerLevel[Mundo nuevo]', x=-25.50, y=262.00, z=-19.50]
[04Mar2025 21:58:09.627] [Server thread/INFO] [Easy NPC/]: Define custom server-side data for Humanoid['entity.easy_npc.humanoid'/5, l='ServerLevel[Mundo nuevo]', x=0.00, y=0.00, z=0.00] ...
[04Mar2025 21:58:09.628] [Server thread/INFO] [Easy NPC/]: Register default handler for Humanoid['entity.easy_npc.humanoid'/5, l='ServerLevel[Mundo nuevo]', x=0.00, y=0.00, z=0.00] with variant STEVE ...
[04Mar2025 21:58:09.630] [Server thread/INFO] [Easy NPC/]: Easy NPC Data version 3 for Humanoid['Pepin'/5, l='ServerLevel[Mundo nuevo]', x=-25.50, y=262.00, z=-21.50].
[04Mar2025 21:58:09.630] [Server thread/INFO] [Easy NPC/]: Loading trading offers [net.minecraft.world.item.trading.MerchantOffer@299eafec, net.minecraft.world.item.trading.MerchantOffer@2ad566ba, net.minecraft.world.item.trading.MerchantOffer@5eb4b6d1, net.minecraft.world.item.trading.MerchantOffer@7ae70d80, net.minecraft.world.item.trading.MerchantOffer@265a2cff, net.minecraft.world.item.trading.MerchantOffer@273b7e38, net.minecraft.world.item.trading.MerchantOffer@5cc25630, net.minecraft.world.item.trading.MerchantOffer@1e0bdb25, net.minecraft.world.item.trading.MerchantOffer@69c131cf, net.minecraft.world.item.trading.MerchantOffer@15775871, net.minecraft.world.item.trading.MerchantOffer@5b4aef39] for Humanoid['Pepin'/5, l='ServerLevel[Mundo nuevo]', x=-25.50, y=262.00, z=-21.50]
[04Mar2025 21:58:09.636] [Server thread/INFO] [Easy NPC/]: Define custom server-side data for Humanoid['entity.easy_npc.humanoid'/7, l='ServerLevel[Mundo nuevo]', x=0.00, y=0.00, z=0.00] ...
[04Mar2025 21:58:09.637] [Server thread/INFO] [Easy NPC/]: Register default handler for Humanoid['entity.easy_npc.humanoid'/7, l='ServerLevel[Mundo nuevo]', x=0.00, y=0.00, z=0.00] with variant STEVE ...
[04Mar2025 21:58:09.639] [Server thread/INFO] [Easy NPC/]: Easy NPC Data version 3 for Humanoid['entity.easy_npc.humanoid'/7, l='ServerLevel[Mundo nuevo]', x=-18.50, y=262.00, z=-23.50].
[04Mar2025 21:58:09.640] [Server thread/INFO] [Easy NPC/]: Loading trading offers [net.minecraft.world.item.trading.MerchantOffer@2a189810, net.minecraft.world.item.trading.MerchantOffer@53ddb3ae, net.minecraft.world.item.trading.MerchantOffer@e9232b2, net.minecraft.world.item.trading.MerchantOffer@7fb122c, net.minecraft.world.item.trading.MerchantOffer@69cdd2db, net.minecraft.world.item.trading.MerchantOffer@57b34c8f, net.minecraft.world.item.trading.MerchantOffer@48abf369, net.minecraft.world.item.trading.MerchantOffer@171ef222, net.minecraft.world.item.trading.MerchantOffer@10c2a110, net.minecraft.world.item.trading.MerchantOffer@5d5850b3, net.minecraft.world.item.trading.MerchantOffer@4affc0ca, net.minecraft.world.item.trading.MerchantOffer@2a90a455] for Humanoid['entity.easy_npc.humanoid'/7, l='ServerLevel[Mundo nuevo]', x=-18.50, y=262.00, z=-23.50]
[04Mar2025 21:58:09.647] [Server thread/INFO] [Easy NPC/]: Define custom server-side data for Humanoid['entity.easy_npc.humanoid'/9, l='ServerLevel[Mundo nuevo]', x=0.00, y=0.00, z=0.00] ...
[04Mar2025 21:58:09.649] [Server thread/INFO] [Easy NPC/]: Register default handler for Humanoid['entity.easy_npc.humanoid'/9, l='ServerLevel[Mundo nuevo]', x=0.00, y=0.00, z=0.00] with variant STEVE ...
[04Mar2025 21:58:09.650] [Server thread/INFO] [Easy NPC/]: Easy NPC Data version 3 for Humanoid['Alberto'/9, l='ServerLevel[Mundo nuevo]', x=-10.50, y=255.00, z=-22.50].
[04Mar2025 21:58:09.651] [Server thread/INFO] [Easy NPC/]: Loading trading offers [net.minecraft.world.item.trading.MerchantOffer@536b697, net.minecraft.world.item.trading.MerchantOffer@16c74f4a, net.minecraft.world.item.trading.MerchantOffer@7d785f3, net.minecraft.world.item.trading.MerchantOffer@51109a4b, net.minecraft.world.item.trading.MerchantOffer@61221cf0, net.minecraft.world.item.trading.MerchantOffer@4d33a281, net.minecraft.world.item.trading.MerchantOffer@76f04ec9, net.minecraft.world.item.trading.MerchantOffer@23e7409e, net.minecraft.world.item.trading.MerchantOffer@52d30d8e, net.minecraft.world.item.trading.MerchantOffer@2248aff] for Humanoid['Alberto'/9, l='ServerLevel[Mundo nuevo]', x=-10.50, y=255.00, z=-22.50]
[04Mar2025 21:58:09.672] [Server thread/INFO] [Easy NPC/]: Define custom server-side data for Humanoid['entity.easy_npc.humanoid'/13, l='ServerLevel[Mundo nuevo]', x=0.00, y=0.00, z=0.00] ...
[04Mar2025 21:58:09.673] [Server thread/INFO] [Easy NPC/]: Register default handler for Humanoid['entity.easy_npc.humanoid'/13, l='ServerLevel[Mundo nuevo]', x=0.00, y=0.00, z=0.00] with variant STEVE ...
[04Mar2025 21:58:09.674] [Server thread/INFO] [Easy NPC/]: Easy NPC Data version 3 for Humanoid['Experiencer'/13, l='ServerLevel[Mundo nuevo]', x=26.50, y=250.00, z=24.50].
[04Mar2025 21:58:09.675] [Server thread/INFO] [Easy NPC/]: Loading trading offers [net.minecraft.world.item.trading.MerchantOffer@75fdd242, net.minecraft.world.item.trading.MerchantOffer@1fc91f6a] for Humanoid['Experiencer'/13, l='ServerLevel[Mundo nuevo]', x=26.50, y=250.00, z=24.50]
[04Mar2025 21:58:09.677] [Server thread/INFO] [Easy NPC/]: Define custom server-side data for Humanoid['entity.easy_npc.humanoid'/17, l='ServerLevel[Mundo nuevo]', x=0.00, y=0.00, z=0.00] ...
[04Mar2025 21:58:09.678] [Server thread/INFO] [Easy NPC/]: Register default handler for Humanoid['entity.easy_npc.humanoid'/17, l='ServerLevel[Mundo nuevo]', x=0.00, y=0.00, z=0.00] with variant STEVE ...
[04Mar2025 21:58:09.680] [Server thread/INFO] [Easy NPC/]: Easy NPC Data version 3 for Humanoid['Experiencer 2'/17, l='ServerLevel[Mundo nuevo]', x=29.50, y=250.00, z=17.50].
[04Mar2025 21:58:09.680] [Server thread/INFO] [Easy NPC/]: Loading trading offers [net.minecraft.world.item.trading.MerchantOffer@7744f5a7] for Humanoid['Experiencer 2'/17, l='ServerLevel[Mundo nuevo]', x=29.50, y=250.00, z=17.50]
[04Mar2025 21:58:10.036] [Server thread/INFO] [net.minecraft.server.level.progress.LoggerChunkProgressListener/]: Time elapsed: 4796 ms
[04Mar2025 21:58:10.037] [Server thread/INFO] [net.minecraft.server.dedicated.DedicatedServer/]: Done (7.033s)! For help, type "help"
[04Mar2025 21:58:10.355] [Server thread/INFO] [net.minecraftforge.server.permission.PermissionAPI/]: Successfully initialized permission handler forge:default_handler
[04Mar2025 21:58:10.358] [Server thread/INFO] [Easy NPC/]: 🗣 Register Easy NPC Server is starting Events ...
[04Mar2025 21:58:10.358] [Server thread/INFO] [Easy NPC/]: 🗣 Register Easy NPC Server data folders ...
[04Mar2025 21:58:10.358] [Server thread/INFO] [Easy NPC/]: 🗣 Register Easy NPC Pose data folders ...
[04Mar2025 21:58:10.359] [Server thread/INFO] [Easy NPC/]: 🗣 Register Easy NPC custom pose data ...
[04Mar2025 21:58:10.399] [Server thread/WARN] [Easy NPC/]: Skin model pose file /workspaces/mamahuevi/servidor_minecraft/config/easy_npc/pose/humanoid_slim/humanoid_slim_poses.json already exists, skipping copy!
[04Mar2025 21:58:10.455] [Server thread/INFO] [Easy NPC/]: 🗣 Register Easy NPC custom poses from /workspaces/mamahuevi/servidor_minecraft/config/easy_npc/pose ...
[04Mar2025 21:58:10.457] [Server thread/INFO] [Easy NPC/]: Found custom pose file /workspaces/mamahuevi/servidor_minecraft/config/easy_npc/pose/humanoid_slim/humanoid_slim_poses.json ...
[04Mar2025 21:58:10.461] [Server thread/INFO] [Easy NPC/]: [Pose Manager] Registering pose data easy_npc:pose/humanoid_slim/crouching with Animation{name='Crouching', loop='hold_on_last_frame', animation_length=null, bones={Head=Bone{position=[0.0, -4.2, 0.0], rotation=[-7.5, 0.0, 0.0], scale=null, keyframePosition=null, keyframeRotation=null}, Body=Bone{position=[0.0, -3.2, 0.0], rotation=[20.0, 0.0, 0.0], scale=null, keyframePosition=null, keyframeRotation=null}, RightArm=Bone{position=[0.0, -3.2, 1.0], rotation=[40.0, 0.0, 0.0], scale=null, keyframePosition=null, keyframeRotation=null}, LeftArm=Bone{position=[0.0, -3.2, 1.0], rotation=[40.0, 0.0, 0.0], scale=null, keyframePosition=null, keyframeRotation=null}, RightLeg=Bone{position=[0.0, 0.0, 4.0], rotation=[-25.0, 0.0, 0.0], scale=null, keyframePosition=null, keyframeRotation=null}, LeftLeg=Bone{position=[0.0, 0.0, 3.0], rotation=[-10.0, 0.0, 0.0], scale=null, keyframePosition=null, keyframeRotation=null}}}
[04Mar2025 21:58:10.461] [Server thread/INFO] [Easy NPC/]: [Pose Manager] Registering pose data easy_npc:pose/humanoid_slim/standing with Animation{name='Standing', loop='hold_on_last_frame', animation_length=null, bones={Head=Bone{position=[0.0, 0.0, 0.0], rotation=[0.0, 0.0, 0.0], scale=null, keyframePosition=null, keyframeRotation=null}, Body=Bone{position=[0.0, 0.0, 0.0], rotation=[0.0, 0.0, 0.0], scale=null, keyframePosition=null, keyframeRotation=null}, RightArm=Bone{position=[0.0, 0.0, 0.0], rotation=[0.0, 0.0, 0.0], scale=null, keyframePosition=null, keyframeRotation=null}, LeftArm=Bone{position=[0.0, 0.0, 0.0], rotation=[0.0, 0.0, 0.0], scale=null, keyframePosition=null, keyframeRotation=null}, RightLeg=Bone{position=[0.0, 0.0, 0.0], rotation=[0.0, 0.0, 0.0], scale=null, keyframePosition=null, keyframeRotation=null}, LeftLeg=Bone{position=[0.0, 0.0, 0.0], rotation=[0.0, 0.0, 0.0], scale=null, keyframePosition=null, keyframeRotation=null}}}
[04Mar2025 21:58:10.461] [Server thread/INFO] [Easy NPC/]: [Pose Manager] Registering pose data easy_npc:pose/humanoid_slim/sitting with Animation{name='Sitting', loop='hold_on_last_frame', animation_length=null, bones={Head=Bone{position=[0.0, -10.5, 0.0], rotation=[0.0, 0.0, -2.5], scale=null, keyframePosition=null, keyframeRotation=null}, Body=Bone{position=[0.0, -10.5, 0.0], rotation=null, scale=null, keyframePosition=null, keyframeRotation=null}, RightArm=Bone{position=[0.0, -10.5, 0.0], rotation=[-35.0, 0.0, 0.0], scale=null, keyframePosition=null, keyframeRotation=null}, LeftArm=Bone{position=[0.0, -10.5, 0.0], rotation=[-35.0, 0.0, 0.0], scale=null, keyframePosition=null, keyframeRotation=null}, RightLeg=Bone{position=[0.0, -10.0, 0.0], rotation=[-90.0, 15.0, 0.0], scale=null, keyframePosition=null, keyframeRotation=null}, LeftLeg=Bone{position=[0.0, -10.0, 0.0], rotation=[-90.0, -10.5, 0.0], scale=null, keyframePosition=null, keyframeRotation=null}}}
[04Mar2025 21:58:10.462] [Server thread/INFO] [Easy NPC/]: [Pose Manager] Registering pose data easy_npc:pose/humanoid_slim/chilling with Animation{name='Chilling', loop='hold_on_last_frame', animation_length=null, bones={Head=Bone{position=[0.0, -12.5, 2.0], rotation=[-2.5, 0.0, 2.5], scale=null, keyframePosition=null, keyframeRotation=null}, Body=Bone{position=[0.0, -12.25, 3.0], rotation=[-20.0, 0.0, 0.0], scale=null, keyframePosition=null, keyframeRotation=null}, RightArm=Bone{position=[0.0, -12.5, 2.0], rotation=[17.5, 0.0, 0.0], scale=null, keyframePosition=null, keyframeRotation=null}, LeftArm=Bone{position=[0.0, -12.5, 2.0], rotation=[20.0, 0.0, 0.0], scale=null, keyframePosition=null, keyframeRotation=null}, RightLeg=Bone{position=[0.0, -10.0, 0.0], rotation=[-90.0, 15.0, -5.0], scale=null, keyframePosition=null, keyframeRotation=null}, LeftLeg=Bone{position=[0.0, -10.0, 0.75], rotation=[-90.0, -10.5, 5.0], scale=null, keyframePosition=null, keyframeRotation=null}}}
[04Mar2025 21:58:10.462] [Server thread/INFO] [Easy NPC/]: [Pose Manager] Registering pose data easy_npc:pose/humanoid_slim/rest with Animation{name='Rest', loop='hold_on_last_frame', animation_length=null, bones={Head=Bone{position=[0.0, -12.0, 0.0], rotation=[5.0, 0.0, 5.0], scale=null, keyframePosition=null, keyframeRotation=null}, Body=Bone{position=[0.0, -12.0, 0.0], rotation=[0.0, 0.0, 2.5], scale=null, keyframePosition=null, keyframeRotation=null}, RightArm=Bone{position=[-1.0, -11.0, 0.0], rotation=[-75.0, -30.0, 0.0], scale=null, keyframePosition=null, keyframeRotation=null}, LeftArm=Bone{position=[0.0, -12.0, 0.0], rotation=[-52.5, -5.0, 0.0], scale=null, keyframePosition=null, keyframeRotation=null}, RightLeg=Bone{position=[-3.0, -2.0, -2.0], rotation=[-32.5, -20.0, 0.0], scale=null, keyframePosition=null, keyframeRotation=null}, LeftLeg=Bone{position=[6.75, -10.0, 0.0], rotation=[-90.0, 40.0, 0.0], scale=null, keyframePosition=null, keyframeRotation=null}}}
[04Mar2025 21:58:10.463] [Server thread/INFO] [Easy NPC/]: 🗣 Register Easy NPC Backup data folders ...
[04Mar2025 21:58:10.464] [Server thread/INFO] [Easy NPC/]: Creating backup folder 2025-03-04 at /workspaces/mamahuevi/servidor_minecraft/easy_npc/backup ...
[04Mar2025 21:58:10.472] [Server thread/INFO] [net.tejty.lemoned.Lemoned/]: HELLO from server starting
[04Mar2025 21:58:10.475] [Server thread/INFO] [com.jkvin114.displaydelight.DisplayDelight/]: HELLO from server starting
[04Mar2025 21:58:10.479] [Server thread/INFO] [xaero.pac.OpenPartiesAndClaims/]: Loading claims...
[04Mar2025 21:58:10.557] [Server thread/INFO] [xaero.pac.OpenPartiesAndClaims/]: Loaded claims in 78ms
[04Mar2025 21:58:10.558] [Server thread/WARN] [xaero.pac.OpenPartiesAndClaims/]: The configured permission system "prometheus" isn't registered!
[04Mar2025 21:58:10.558] [Server thread/INFO] [xaero.pac.OpenPartiesAndClaims/]: Configured OPAC to use the following permission system: permission_api
[04Mar2025 21:58:10.558] [Server thread/WARN] [xaero.pac.OpenPartiesAndClaims/]: The configured primary party system "argonauts_guilds" isn't registered!
[04Mar2025 21:58:10.558] [Server thread/INFO] [xaero.pac.OpenPartiesAndClaims/]: Configured OPAC to use the following party system as primary: default
[04Mar2025 21:58:14.630] [Server thread/INFO] [com.cupboard.Cupboard/]: Loaded config for: smoothchunk.json
[04Mar2025 21:58:14.631] [Server thread/INFO] [patchouli/]: Sending reload packet to clients
[04Mar2025 21:58:14.633] [Server thread/WARN] [ModernFix/]: Dedicated server took 74.186 seconds to load
[04Mar2025 21:58:27.439] [Netty Epoll Server IO #3/INFO] [Calio/]: Received acknowledgment for login packet with id 0
[04Mar2025 21:58:27.440] [Netty Epoll Server IO #3/INFO] [Calio/]: Received acknowledgment for login packet with id 1
[04Mar2025 21:58:27.441] [Netty Epoll Server IO #3/INFO] [Calio/]: Received acknowledgment for login packet with id 2
[04Mar2025 21:58:27.442] [Netty Epoll Server IO #3/INFO] [Calio/]: Received acknowledgment for login packet with id 3
[04Mar2025 21:58:27.442] [Netty Epoll Server IO #3/INFO] [Calio/]: Received acknowledgment for login packet with id 4
[04Mar2025 21:58:27.444] [Netty Epoll Server IO #3/INFO] [Calio/]: Received acknowledgment for login packet with id 5
[04Mar2025 21:58:27.480] [Netty Epoll Server IO #3/INFO] [Calio/]: Received acknowledgment for login packet with id 6
[04Mar2025 21:58:27.523] [Netty Epoll Server IO #3/INFO] [Calio/]: Received acknowledgment for login packet with id 7
[04Mar2025 21:58:27.592] [Netty Epoll Server IO #3/INFO] [Calio/]: Received acknowledgment for login packet with id 8
[04Mar2025 21:58:27.639] [Netty Epoll Server IO #3/INFO] [Calio/]: Received acknowledgment for login packet with id 9
[04Mar2025 21:58:27.691] [Netty Epoll Server IO #3/INFO] [Calio/]: Received acknowledgment for login packet with id 10
[04Mar2025 21:58:27.736] [Netty Epoll Server IO #3/INFO] [Calio/]: Received acknowledgment for login packet with id 11
[04Mar2025 21:58:28.722] [Netty Epoll Server IO #3/INFO] [Calio/]: Received acknowledgment for login packet with id 12
[04Mar2025 21:58:29.156] [Netty Epoll Server IO #3/INFO] [Calio/]: Received acknowledgment for login packet with id 13
[04Mar2025 21:58:29.244] [Netty Epoll Server IO #3/INFO] [Calio/]: Received acknowledgment for login packet with id 14
[04Mar2025 21:58:29.248] [Netty Epoll Server IO #3/INFO] [Calio/]: Received acknowledgment for login packet with id 15
[04Mar2025 21:58:29.294] [Netty Epoll Server IO #3/INFO] [Calio/]: Received acknowledgment for login packet with id 16
[04Mar2025 21:58:29.312] [Netty Epoll Server IO #3/INFO] [Calio/]: Received acknowledgment for login packet with id 17
[04Mar2025 21:58:32.263] [Server thread/INFO] [net.minecraft.server.players.PlayerList/]: Royce004[/127.62.241.54:40121] logged in with entity id 146 at (548.5874351180754, 79.0, -1079.1344940855756)
[04Mar2025 21:58:32.955] [Server thread/INFO] [net.minecraft.server.MinecraftServer/]: Royce004 joined the game
[04Mar2025 21:58:33.120] [Server thread/INFO] [Jade/]: Syncing config to Royce004 (5c345bee-dcd0-3adb-bd8c-b3c2ced58387)
[04Mar2025 21:58:33.161] [Server thread/INFO] [xaero.pac.OpenPartiesAndClaims/]: Updating all forceload tickets for 5c345bee-dcd0-3adb-bd8c-b3c2ced58387
[04Mar2025 21:58:34.260] [Server thread/WARN] [net.minecraft.server.MinecraftServer/]: Can't keep up! Is the server overloaded? Running 2124ms or 42 ticks behind
[04Mar2025 21:58:51.540] [Server thread/WARN] [net.minecraft.server.MinecraftServer/]: Can't keep up! Is the server overloaded? Running 2304ms or 46 ticks behind
[04Mar2025 22:07:33.534] [Server thread/INFO] [net.minecraft.server.MinecraftServer/]: Royce004 has made the advancement [The Copper Age]
[04Mar2025 22:08:01.658] [Server thread/INFO] [net.minecraft.server.MinecraftServer/]: Royce004 has made the advancement [Spirit Taking]
[04Mar2025 22:09:12.322] [Server thread/WARN] [net.minecraft.server.level.ServerPlayerGameMode/]: Mismatch in destroy block pos: BlockPos{x=563, y=60, z=-1228} BlockPos{x=566, y=59, z=-1228}
[04Mar2025 22:09:12.333] [Server thread/WARN] [net.minecraft.server.level.ServerPlayerGameMode/]: Mismatch in destroy block pos: BlockPos{x=563, y=60, z=-1228} BlockPos{x=566, y=59, z=-1228}
[04Mar2025 22:26:34.007] [Server thread/INFO] [net.minecraft.server.network.ServerGamePacketListenerImpl/]: Royce004 lost connection: Disconnected
[04Mar2025 22:26:34.122] [Server thread/INFO] [net.minecraft.server.MinecraftServer/]: Royce004 left the game
[04Mar2025 22:26:34.124] [Server thread/INFO] [xaero.pac.OpenPartiesAndClaims/]: Updating all forceload tickets for 5c345bee-dcd0-3adb-bd8c-b3c2ced58387
[04Mar2025 22:30:50.665] [Netty Epoll Server IO #1/INFO] [Calio/]: Received acknowledgment for login packet with id 0
[04Mar2025 22:30:50.695] [Netty Epoll Server IO #1/INFO] [Calio/]: Received acknowledgment for login packet with id 1
[04Mar2025 22:30:50.738] [Netty Epoll Server IO #1/INFO] [Calio/]: Received acknowledgment for login packet with id 2
[04Mar2025 22:30:50.976] [Netty Epoll Server IO #1/INFO] [Calio/]: Received acknowledgment for login packet with id 3
[04Mar2025 22:30:50.990] [Netty Epoll Server IO #1/INFO] [Calio/]: Received acknowledgment for login packet with id 4
[04Mar2025 22:30:50.990] [Netty Epoll Server IO #1/INFO] [Calio/]: Received acknowledgment for login packet with id 5
[04Mar2025 22:30:50.990] [Netty Epoll Server IO #1/INFO] [Calio/]: Received acknowledgment for login packet with id 6
[04Mar2025 22:30:51.034] [Netty Epoll Server IO #1/INFO] [Calio/]: Received acknowledgment for login packet with id 7
[04Mar2025 22:30:51.080] [Netty Epoll Server IO #1/INFO] [Calio/]: Received acknowledgment for login packet with id 8
[04Mar2025 22:30:51.131] [Netty Epoll Server IO #1/INFO] [Calio/]: Received acknowledgment for login packet with id 9
[04Mar2025 22:30:51.141] [Netty Epoll Server IO #1/INFO] [Calio/]: Received acknowledgment for login packet with id 10
[04Mar2025 22:30:51.509] [Netty Epoll Server IO #1/INFO] [Calio/]: Received acknowledgment for login packet with id 11
[04Mar2025 22:30:53.535] [Netty Epoll Server IO #1/INFO] [Calio/]: Received acknowledgment for login packet with id 12
[04Mar2025 22:30:53.536] [Netty Epoll Server IO #1/INFO] [Calio/]: Received acknowledgment for login packet with id 13
[04Mar2025 22:30:53.839] [Netty Epoll Server IO #1/INFO] [Calio/]: Received acknowledgment for login packet with id 14
[04Mar2025 22:30:53.840] [Netty Epoll Server IO #1/INFO] [Calio/]: Received acknowledgment for login packet with id 15
[04Mar2025 22:30:54.735] [Netty Epoll Server IO #1/INFO] [Calio/]: Received acknowledgment for login packet with id 16
[04Mar2025 22:30:54.735] [Netty Epoll Server IO #1/INFO] [Calio/]: Received acknowledgment for login packet with id 17
[04Mar2025 22:30:55.792] [Server thread/INFO] [net.minecraft.server.players.PlayerList/]: Royce004[/127.62.241.54:34089] logged in with entity id 6552 at (406.24000000953674, 104.0, -1015.7895032488462)
[04Mar2025 22:30:55.978] [Server thread/INFO] [net.minecraft.server.MinecraftServer/]: Royce004 joined the game
[04Mar2025 22:30:55.991] [Server thread/INFO] [Jade/]: Syncing config to Royce004 (5c345bee-dcd0-3adb-bd8c-b3c2ced58387)
[04Mar2025 22:30:56.001] [Server thread/INFO] [xaero.pac.OpenPartiesAndClaims/]: Updating all forceload tickets for 5c345bee-dcd0-3adb-bd8c-b3c2ced58387
[04Mar2025 22:35:11.824] [Server thread/INFO] [net.minecraft.server.MinecraftServer/]: Royce004 tried to swim in lava
[04Mar2025 22:35:11.845] [Server thread/INFO] [com.lothrazar.simpletomb.ModTomb/]: simpletomb.message.new_grave(430, 120, -857) minecraft:overworld
[04Mar2025 22:35:21.617] [Server thread/INFO] [net.minecraft.server.MinecraftServer/]: [Royce004: Set own game mode to Creative Mode]
[04Mar2025 22:35:26.781] [Server thread/INFO] [net.minecraft.server.MinecraftServer/]: [Royce004: Set the weather to clear]
[04Mar2025 22:35:31.757] [Server thread/WARN] [net.minecraft.server.network.ServerGamePacketListenerImpl/]: Royce004 moved too quickly! -5.1667651078244035,3.3737880335330317,8.255319228915141
[04Mar2025 22:35:33.908] [Server thread/WARN] [net.minecraft.server.network.ServerGamePacketListenerImpl/]: Royce004 moved too quickly! -5.447768247794386,1.7828226159111864,8.685645714220186
[04Mar2025 22:35:35.873] [Server thread/WARN] [net.minecraft.server.network.ServerGamePacketListenerImpl/]: Royce004 moved too quickly! -2.673886537441774,3.749995733639423,9.099004771246314
[04Mar2025 22:35:37.725] [Server thread/WARN] [net.minecraft.server.network.ServerGamePacketListenerImpl/]: Royce004 moved too quickly! -4.794653733095856,3.7499878840888528,8.535465016724743
[04Mar2025 22:35:39.307] [Server thread/WARN] [net.minecraft.server.network.ServerGamePacketListenerImpl/]: Royce004 moved too quickly! -5.604303052613943,0.33173769592639246,8.935216877082553
[04Mar2025 22:35:49.210] [Server thread/INFO] [com.lothrazar.simpletomb.ModTomb/]: 0 result 0 air
[04Mar2025 22:35:49.210] [Server thread/INFO] [com.lothrazar.simpletomb.ModTomb/]: 0 result 0 air
[04Mar2025 22:35:55.553] [Server thread/INFO] [net.minecraft.server.MinecraftServer/]: [Royce004: Set own game mode to Survival Mode]
[04Mar2025 22:50:44.957] [Server thread/INFO] [net.minecraft.server.MinecraftServer/]: [Royce004: Set own game mode to Spectator Mode]
[04Mar2025 22:51:07.157] [Server thread/INFO] [net.minecraft.server.MinecraftServer/]: [Royce004: Set own game mode to Survival Mode]
[04Mar2025 22:56:58.161] [Server thread/INFO] [net.minecraft.server.MinecraftServer/]: Royce004 has made the advancement [Bonk!]
[04Mar2025 23:03:51.809] [Server thread/INFO] [net.minecraft.server.MinecraftServer/]: [Royce004: Set own game mode to Creative Mode]
[04Mar2025 23:04:32.058] [Server thread/INFO] [net.minecraft.server.MinecraftServer/]: Royce004 has made the advancement [Bonfire Lit]
[04Mar2025 23:05:46.124] [Server thread/INFO] [net.minecraft.server.MinecraftServer/]: [Royce004: Set own game mode to Survival Mode]
[04Mar2025 23:05:55.565] [Server thread/INFO] [net.minecraft.server.MinecraftServer/]: [Royce004: Set own game mode to Creative Mode]
[04Mar2025 23:05:59.322] [Server thread/INFO] [net.minecraft.server.MinecraftServer/]: [Royce004: Set own game mode to Survival Mode]
[04Mar2025 23:08:42.040] [Server thread/INFO] [net.minecraft.server.MinecraftServer/]: Royce004 has made the advancement [We Need to Go Deeper]
[04Mar2025 23:08:44.009] [Server thread/WARN] [net.minecraft.server.MinecraftServer/]: Can't keep up! Is the server overloaded? Running 2074ms or 41 ticks behind
[04Mar2025 23:18:19.125] [Server thread/INFO] [net.minecraft.server.MinecraftServer/]: Royce004 has made the advancement [Nightmare Fuel]
[04Mar2025 23:21:41.658] [Server thread/INFO] [net.minecraft.server.MinecraftServer/]: Royce004 blew up
[04Mar2025 23:21:41.662] [Server thread/INFO] [com.lothrazar.simpletomb.ModTomb/]: simpletomb.message.new_grave(158, 38, -101) minecraft:the_nether
[04Mar2025 23:22:26.110] [Server thread/INFO] [net.minecraft.server.MinecraftServer/]: [Royce004: Gave 1 [Ender Pearl] to Royce004]
[04Mar2025 23:22:48.557] [Server thread/INFO] [net.minecraft.server.MinecraftServer/]: [Royce004: Set own game mode to Creative Mode]
[04Mar2025 23:23:40.751] [Server thread/INFO] [com.lothrazar.simpletomb.ModTomb/]: 0 result 0 air
[04Mar2025 23:23:40.752] [Server thread/INFO] [com.lothrazar.simpletomb.ModTomb/]: 0 result 0 air
[04Mar2025 23:24:31.673] [Server thread/INFO] [net.minecraft.server.MinecraftServer/]: [Royce004: Set own game mode to Survival Mode]
[04Mar2025 23:29:53.514] [Server thread/WARN] [net.minecraft.server.level.ServerPlayerGameMode/]: Mismatch in destroy block pos: BlockPos{x=-7, y=71, z=191} BlockPos{x=-7, y=70, z=190}
[04Mar2025 23:29:53.564] [Server thread/WARN] [net.minecraft.server.level.ServerPlayerGameMode/]: Mismatch in destroy block pos: BlockPos{x=-7, y=71, z=191} BlockPos{x=-7, y=70, z=190}
[04Mar2025 23:29:53.617] [Server thread/WARN] [net.minecraft.server.level.ServerPlayerGameMode/]: Mismatch in destroy block pos: BlockPos{x=-7, y=71, z=191} BlockPos{x=-7, y=70, z=190}
[04Mar2025 23:29:53.668] [Server thread/WARN] [net.minecraft.server.level.ServerPlayerGameMode/]: Mismatch in destroy block pos: BlockPos{x=-7, y=71, z=191} BlockPos{x=-7, y=70, z=190}
[04Mar2025 23:29:53.722] [Server thread/WARN] [net.minecraft.server.level.ServerPlayerGameMode/]: Mismatch in destroy block pos: BlockPos{x=-7, y=71, z=191} BlockPos{x=-7, y=70, z=190}
[04Mar2025 23:29:53.756] [Server thread/WARN] [net.minecraft.server.level.ServerPlayerGameMode/]: Mismatch in destroy block pos: BlockPos{x=-7, y=71, z=191} BlockPos{x=-7, y=70, z=190}
[04Mar2025 23:29:53.808] [Server thread/WARN] [net.minecraft.server.level.ServerPlayerGameMode/]: Mismatch in destroy block pos: BlockPos{x=-7, y=71, z=191} BlockPos{x=-7, y=70, z=190}
[04Mar2025 23:29:56.220] [Server thread/WARN] [net.minecraft.server.level.ServerPlayerGameMode/]: Mismatch in destroy block pos: BlockPos{x=-8, y=74, z=194} BlockPos{x=-8, y=74, z=193}
[04Mar2025 23:30:10.505] [Server thread/INFO] [net.minecraft.server.MinecraftServer/]: [Royce004: Set own game mode to Spectator Mode]
[04Mar2025 23:30:24.584] [Server thread/INFO] [net.minecraft.server.MinecraftServer/]: [Royce004: Set own game mode to Survival Mode]
[04Mar2025 23:33:28.404] [Server thread/INFO] [net.minecraft.server.MinecraftServer/]: Royce004 tried to swim in lava
[04Mar2025 23:33:28.407] [Server thread/INFO] [com.lothrazar.simpletomb.ModTomb/]: simpletomb.message.new_grave(-5, 61, 232) minecraft:the_nether
[04Mar2025 23:33:51.667] [Server thread/INFO] [net.minecraft.server.MinecraftServer/]: [Royce004: Set own game mode to Spectator Mode]
[04Mar2025 23:34:06.458] [Server thread/WARN] [net.minecraft.server.network.ServerGamePacketListenerImpl/]: Royce004 moved too quickly! -1.6572300130198698,0.0,10.336807670660036
[04Mar2025 23:34:09.764] [Server thread/WARN] [net.minecraft.server.network.ServerGamePacketListenerImpl/]: Royce004 moved too quickly! -2.5012877456135385,0.0,10.541418649710891
[04Mar2025 23:34:12.111] [Server thread/WARN] [net.minecraft.server.network.ServerGamePacketListenerImpl/]: Royce004 moved too quickly! -2.4380386222140054,0.0,10.274861757105882
[04Mar2025 23:34:27.701] [Netty Epoll Server IO #4/INFO] [Calio/]: Received acknowledgment for login packet with id 0
[04Mar2025 23:34:27.702] [Netty Epoll Server IO #4/INFO] [Calio/]: Received acknowledgment for login packet with id 1
[04Mar2025 23:34:27.702] [Netty Epoll Server IO #4/INFO] [Calio/]: Received acknowledgment for login packet with id 2
[04Mar2025 23:34:27.702] [Netty Epoll Server IO #4/INFO] [Calio/]: Received acknowledgment for login packet with id 3
[04Mar2025 23:34:27.702] [Netty Epoll Server IO #4/INFO] [Calio/]: Received acknowledgment for login packet with id 4
[04Mar2025 23:34:27.817] [Netty Epoll Server IO #4/INFO] [Calio/]: Received acknowledgment for login packet with id 5
[04Mar2025 23:34:27.819] [Netty Epoll Server IO #4/INFO] [Calio/]: Received acknowledgment for login packet with id 6
[04Mar2025 23:34:27.821] [Netty Epoll Server IO #4/INFO] [Calio/]: Received acknowledgment for login packet with id 7
[04Mar2025 23:34:27.825] [Netty Epoll Server IO #4/INFO] [Calio/]: Received acknowledgment for login packet with id 8
[04Mar2025 23:34:27.827] [Netty Epoll Server IO #4/INFO] [Calio/]: Received acknowledgment for login packet with id 9
[04Mar2025 23:34:27.828] [Netty Epoll Server IO #4/INFO] [Calio/]: Received acknowledgment for login packet with id 10
[04Mar2025 23:34:28.024] [Netty Epoll Server IO #4/INFO] [Calio/]: Received acknowledgment for login packet with id 11
[04Mar2025 23:34:28.981] [Netty Epoll Server IO #4/INFO] [Calio/]: Received acknowledgment for login packet with id 12
[04Mar2025 23:34:29.089] [Netty Epoll Server IO #4/INFO] [Calio/]: Received acknowledgment for login packet with id 13
[04Mar2025 23:34:29.121] [Netty Epoll Server IO #4/INFO] [Calio/]: Received acknowledgment for login packet with id 14
[04Mar2025 23:34:29.150] [Netty Epoll Server IO #4/INFO] [Calio/]: Received acknowledgment for login packet with id 15
[04Mar2025 23:34:29.150] [Netty Epoll Server IO #4/INFO] [Calio/]: Received acknowledgment for login packet with id 16
[04Mar2025 23:34:29.194] [Netty Epoll Server IO #4/INFO] [Calio/]: Received acknowledgment for login packet with id 17
[04Mar2025 23:34:29.456] [Server thread/INFO] [net.minecraft.server.network.ServerLoginPacketListenerImpl/]: com.mojang.authlib.GameProfile@1e8d8048[id=<null>,name=Kytsune,properties={},legacy=false] (/127.62.241.54:42739) lost connection: Timed out
[04Mar2025 23:34:32.376] [Server thread/WARN] [net.minecraft.server.network.ServerGamePacketListenerImpl/]: Royce004 moved too quickly! -0.7541315553522754,-2.5383245409279453,10.010687890970871
[04Mar2025 23:34:32.504] [Server thread/INFO] [net.minecraft.server.players.PlayerList/]: Kytsune[/127.62.241.54:41293] logged in with entity id 21279 at (-3831.5, 76.5, -4502.5)
[04Mar2025 23:34:32.681] [Server thread/INFO] [net.minecraft.server.MinecraftServer/]: Kytsune joined the game
[04Mar2025 23:34:32.698] [Server thread/INFO] [Jade/]: Syncing config to Kytsune (7bf33e8c-4ad9-39a5-ac9a-63b09fa6c4d7)
[04Mar2025 23:34:32.705] [Server thread/INFO] [xaero.pac.OpenPartiesAndClaims/]: Updating all forceload tickets for 7bf33e8c-4ad9-39a5-ac9a-63b09fa6c4d7
[04Mar2025 23:34:33.930] [Server thread/WARN] [net.minecraft.server.network.ServerGamePacketListenerImpl/]: Royce004 moved too quickly! -0.9797160094974267,-0.009294054728343326,10.501647116391553
[04Mar2025 23:34:35.848] [Server thread/WARN] [net.minecraft.server.network.ServerGamePacketListenerImpl/]: Royce004 moved too quickly! -1.7023949079888159,0.0,10.707254806311454
[04Mar2025 23:34:42.365] [Server thread/INFO] [net.minecraft.server.MinecraftServer/]: [Royce004: Set own game mode to Survival Mode]
[04Mar2025 23:34:43.500] [Server thread/INFO] [com.lothrazar.simpletomb.ModTomb/]: 0 result 0 air
[04Mar2025 23:34:43.500] [Server thread/INFO] [com.lothrazar.simpletomb.ModTomb/]: 0 result 0 air
[04Mar2025 23:35:12.693] [Server thread/INFO] [net.minecraft.server.MinecraftServer/]: [Kytsune: Teleported Kytsune to -5007.500000, 84.907601, -5595.500000]
[04Mar2025 23:35:12.693] [Server thread/WARN] [net.minecraft.server.MinecraftServer/]: Can't keep up! Is the server overloaded? Running 7507ms or 150 ticks behind
[04Mar2025 23:35:12.749] [Server thread/WARN] [net.minecraft.server.network.ServerGamePacketListenerImpl/]: Royce004 moved too quickly! -6.691012622838675,-0.5,7.4353970884790215
[04Mar2025 23:35:29.440] [Server thread/INFO] [net.minecraft.server.MinecraftServer/]: [Kytsune: Set own game mode to Survival Mode]
[04Mar2025 23:35:46.916] [Server thread/INFO] [net.minecraft.server.network.ServerGamePacketListenerImpl/]: Royce004 lost connection: Timed out
[04Mar2025 23:35:46.916] [Server thread/INFO] [net.minecraft.server.MinecraftServer/]: Royce004 left the game
[04Mar2025 23:35:46.916] [Server thread/INFO] [xaero.pac.OpenPartiesAndClaims/]: Updating all forceload tickets for 5c345bee-dcd0-3adb-bd8c-b3c2ced58387
[04Mar2025 23:35:46.959] [Server thread/WARN] [net.minecraft.network.Connection/]: handleDisconnection() called twice
[04Mar2025 23:35:47.722] [Server thread/INFO] [net.minecraft.server.network.ServerGamePacketListenerImpl/]: Kytsune lost connection: Timed out
[04Mar2025 23:35:47.723] [Server thread/INFO] [net.minecraft.server.MinecraftServer/]: Kytsune left the game
[04Mar2025 23:35:47.723] [Server thread/INFO] [xaero.pac.OpenPartiesAndClaims/]: Updating all forceload tickets for 7bf33e8c-4ad9-39a5-ac9a-63b09fa6c4d7
[04Mar2025 23:35:55.396] [Netty Epoll Server IO #6/INFO] [Calio/]: Received acknowledgment for login packet with id 0
[04Mar2025 23:35:55.449] [Netty Epoll Server IO #6/INFO] [Calio/]: Received acknowledgment for login packet with id 1
[04Mar2025 23:35:55.498] [Netty Epoll Server IO #6/INFO] [Calio/]: Received acknowledgment for login packet with id 2
[04Mar2025 23:35:55.547] [Netty Epoll Server IO #6/INFO] [Calio/]: Received acknowledgment for login packet with id 3
[04Mar2025 23:35:55.608] [Netty Epoll Server IO #6/INFO] [Calio/]: Received acknowledgment for login packet with id 4
[04Mar2025 23:35:55.665] [Netty Epoll Server IO #6/INFO] [Calio/]: Received acknowledgment for login packet with id 5
[04Mar2025 23:35:55.715] [Netty Epoll Server IO #6/INFO] [Calio/]: Received acknowledgment for login packet with id 6
[04Mar2025 23:35:55.764] [Netty Epoll Server IO #6/INFO] [Calio/]: Received acknowledgment for login packet with id 7
[04Mar2025 23:35:55.842] [Netty Epoll Server IO #6/INFO] [Calio/]: Received acknowledgment for login packet with id 8
[04Mar2025 23:35:55.893] [Netty Epoll Server IO #6/INFO] [Calio/]: Received acknowledgment for login packet with id 9
[04Mar2025 23:35:55.893] [Netty Epoll Server IO #6/INFO] [Calio/]: Received acknowledgment for login packet with id 10
[04Mar2025 23:35:55.943] [Netty Epoll Server IO #6/INFO] [Calio/]: Received acknowledgment for login packet with id 11
[04Mar2025 23:35:56.409] [Netty Epoll Server IO #6/INFO] [Calio/]: Received acknowledgment for login packet with id 12
[04Mar2025 23:35:56.524] [Netty Epoll Server IO #6/INFO] [Calio/]: Received acknowledgment for login packet with id 13
[04Mar2025 23:35:56.622] [Netty Epoll Server IO #6/INFO] [Calio/]: Received acknowledgment for login packet with id 14
[04Mar2025 23:35:56.639] [Netty Epoll Server IO #6/INFO] [Calio/]: Received acknowledgment for login packet with id 15
[04Mar2025 23:35:56.639] [Netty Epoll Server IO #6/INFO] [Calio/]: Received acknowledgment for login packet with id 16
[04Mar2025 23:35:56.706] [Netty Epoll Server IO #6/INFO] [Calio/]: Received acknowledgment for login packet with id 17
[04Mar2025 23:36:00.272] [Server thread/INFO] [net.minecraft.server.players.PlayerList/]: Kytsune[/127.62.241.54:60509] logged in with entity id 22147 at (-4965.952433686434, 107.1212968405392, -5594.325325505377)
[04Mar2025 23:36:00.388] [Server thread/INFO] [net.minecraft.server.MinecraftServer/]: Kytsune joined the game
[04Mar2025 23:36:00.400] [Server thread/INFO] [Jade/]: Syncing config to Kytsune (7bf33e8c-4ad9-39a5-ac9a-63b09fa6c4d7)
[04Mar2025 23:36:00.407] [Server thread/INFO] [xaero.pac.OpenPartiesAndClaims/]: Updating all forceload tickets for 7bf33e8c-4ad9-39a5-ac9a-63b09fa6c4d7
[04Mar2025 23:36:13.622] [Netty Epoll Server IO #0/INFO] [Calio/]: Received acknowledgment for login packet with id 0
[04Mar2025 23:36:14.007] [Netty Epoll Server IO #0/INFO] [Calio/]: Received acknowledgment for login packet with id 1
[04Mar2025 23:36:14.007] [Netty Epoll Server IO #0/INFO] [Calio/]: Received acknowledgment for login packet with id 2
[04Mar2025 23:36:14.008] [Netty Epoll Server IO #0/INFO] [Calio/]: Received acknowledgment for login packet with id 3
[04Mar2025 23:36:14.008] [Netty Epoll Server IO #0/INFO] [Calio/]: Received acknowledgment for login packet with id 4
[04Mar2025 23:36:14.008] [Netty Epoll Server IO #0/INFO] [Calio/]: Received acknowledgment for login packet with id 5
[04Mar2025 23:36:14.008] [Netty Epoll Server IO #0/INFO] [Calio/]: Received acknowledgment for login packet with id 6
[04Mar2025 23:36:14.009] [Netty Epoll Server IO #0/INFO] [Calio/]: Received acknowledgment for login packet with id 7
[04Mar2025 23:36:14.009] [Netty Epoll Server IO #0/INFO] [Calio/]: Received acknowledgment for login packet with id 8
[04Mar2025 23:36:14.012] [Netty Epoll Server IO #0/INFO] [Calio/]: Received acknowledgment for login packet with id 9
[04Mar2025 23:36:14.062] [Netty Epoll Server IO #0/INFO] [Calio/]: Received acknowledgment for login packet with id 10
[04Mar2025 23:36:14.063] [Netty Epoll Server IO #0/INFO] [Calio/]: Received acknowledgment for login packet with id 11
[04Mar2025 23:36:15.821] [Netty Epoll Server IO #0/INFO] [Calio/]: Received acknowledgment for login packet with id 12
[04Mar2025 23:36:16.119] [Netty Epoll Server IO #0/INFO] [Calio/]: Received acknowledgment for login packet with id 13
[04Mar2025 23:36:16.412] [Netty Epoll Server IO #0/INFO] [Calio/]: Received acknowledgment for login packet with id 14
[04Mar2025 23:36:16.413] [Netty Epoll Server IO #0/INFO] [Calio/]: Received acknowledgment for login packet with id 15
[04Mar2025 23:36:16.413] [Netty Epoll Server IO #0/INFO] [Calio/]: Received acknowledgment for login packet with id 16
[04Mar2025 23:36:16.492] [Netty Epoll Server IO #0/INFO] [Calio/]: Received acknowledgment for login packet with id 17
[04Mar2025 23:36:18.474] [Server thread/INFO] [net.minecraft.server.players.PlayerList/]: Royce004[/127.62.241.54:33123] logged in with entity id 22596 at (30.36037232476354, 60.0, 229.1994729996971)
[04Mar2025 23:36:18.679] [Server thread/INFO] [net.minecraft.server.MinecraftServer/]: Royce004 joined the game
[04Mar2025 23:36:18.688] [Server thread/INFO] [Jade/]: Syncing config to Royce004 (5c345bee-dcd0-3adb-bd8c-b3c2ced58387)
[04Mar2025 23:36:18.694] [Server thread/INFO] [xaero.pac.OpenPartiesAndClaims/]: Updating all forceload tickets for 5c345bee-dcd0-3adb-bd8c-b3c2ced58387
[04Mar2025 23:36:56.228] [Server thread/INFO] [net.minecraft.server.network.ServerGamePacketListenerImpl/]: Royce004 lost connection: Disconnected
[04Mar2025 23:36:56.228] [Server thread/INFO] [net.minecraft.server.MinecraftServer/]: Royce004 left the game
[04Mar2025 23:36:56.228] [Server thread/INFO] [xaero.pac.OpenPartiesAndClaims/]: Updating all forceload tickets for 5c345bee-dcd0-3adb-bd8c-b3c2ced58387
[04Mar2025 23:37:00.239] [Netty Epoll Server IO #3/INFO] [Calio/]: Received acknowledgment for login packet with id 0
[04Mar2025 23:37:00.297] [Netty Epoll Server IO #3/INFO] [Calio/]: Received acknowledgment for login packet with id 1
[04Mar2025 23:37:00.351] [Netty Epoll Server IO #3/INFO] [Calio/]: Received acknowledgment for login packet with id 2
[04Mar2025 23:37:00.407] [Netty Epoll Server IO #3/INFO] [Calio/]: Received acknowledgment for login packet with id 3
[04Mar2025 23:37:00.461] [Netty Epoll Server IO #3/INFO] [Calio/]: Received acknowledgment for login packet with id 4
[04Mar2025 23:37:00.734] [Netty Epoll Server IO #3/INFO] [Calio/]: Received acknowledgment for login packet with id 5
[04Mar2025 23:37:00.734] [Netty Epoll Server IO #3/INFO] [Calio/]: Received acknowledgment for login packet with id 6
[04Mar2025 23:37:00.754] [Netty Epoll Server IO #3/INFO] [Calio/]: Received acknowledgment for login packet with id 7
[04Mar2025 23:37:00.757] [Netty Epoll Server IO #3/INFO] [Calio/]: Received acknowledgment for login packet with id 8
[04Mar2025 23:37:00.757] [Netty Epoll Server IO #3/INFO] [Calio/]: Received acknowledgment for login packet with id 9
[04Mar2025 23:37:00.758] [Netty Epoll Server IO #3/INFO] [Calio/]: Received acknowledgment for login packet with id 10
[04Mar2025 23:37:00.822] [Netty Epoll Server IO #3/INFO] [Calio/]: Received acknowledgment for login packet with id 11
[04Mar2025 23:37:02.302] [Netty Epoll Server IO #3/INFO] [Calio/]: Received acknowledgment for login packet with id 12
[04Mar2025 23:37:02.303] [Netty Epoll Server IO #3/INFO] [Calio/]: Received acknowledgment for login packet with id 13
[04Mar2025 23:37:03.067] [Netty Epoll Server IO #3/INFO] [Calio/]: Received acknowledgment for login packet with id 14
[04Mar2025 23:37:03.068] [Netty Epoll Server IO #3/INFO] [Calio/]: Received acknowledgment for login packet with id 15
[04Mar2025 23:37:03.068] [Netty Epoll Server IO #3/INFO] [Calio/]: Received acknowledgment for login packet with id 16
[04Mar2025 23:37:03.068] [Netty Epoll Server IO #3/INFO] [Calio/]: Received acknowledgment for login packet with id 17
[04Mar2025 23:37:05.364] [Server thread/INFO] [net.minecraft.server.players.PlayerList/]: Royce004[/127.62.241.54:51953] logged in with entity id 23798 at (27.295455606455498, 58.0, 227.01535205569277)
[04Mar2025 23:37:05.478] [Server thread/INFO] [net.minecraft.server.MinecraftServer/]: Royce004 joined the game
[04Mar2025 23:37:05.484] [Server thread/INFO] [Jade/]: Syncing config to Royce004 (5c345bee-dcd0-3adb-bd8c-b3c2ced58387)
[04Mar2025 23:37:05.489] [Server thread/INFO] [xaero.pac.OpenPartiesAndClaims/]: Updating all forceload tickets for 5c345bee-dcd0-3adb-bd8c-b3c2ced58387
[04Mar2025 23:37:15.338] [Server thread/WARN] [net.minecraft.server.network.ServerGamePacketListenerImpl/]: Kytsune moved too quickly! 0.0,-11.044307518861984,0.0
[04Mar2025 23:37:16.898] [Server thread/INFO] [net.minecraft.server.MinecraftServer/]: Kytsune has reached the goal [Opposites Attract]
[04Mar2025 23:37:28.762] [Worker-Main-128/WARN] [lithostitched/]: Non-existent template pool reference: minecraft:
[04Mar2025 23:37:28.763] [Worker-Main-128/WARN] [lithostitched/]: Non-existent template pool reference: minecraft:
[04Mar2025 23:37:42.533] [Worker-Main-97/WARN] [lithostitched/]: Non-existent template pool reference: minecraft:
[04Mar2025 23:37:42.533] [Worker-Main-97/WARN] [lithostitched/]: Non-existent template pool reference: minecraft:
[04Mar2025 23:38:54.284] [Server thread/INFO] [net.minecraft.server.MinecraftServer/]: Kytsune has made the advancement [Teletor's Telecore]
[04Mar2025 23:39:02.913] [Server thread/INFO] [net.minecraft.server.MinecraftServer/]: Kytsune has reached the goal [Magnetron No More]
[04Mar2025 23:39:28.876] [Server thread/INFO] [net.minecraft.server.MinecraftServer/]: Kytsune has made the advancement [Push and Pull]
[04Mar2025 23:39:49.388] [Server thread/WARN] [net.minecraft.server.MinecraftServer/]: Can't keep up! Is the server overloaded? Running 2052ms or 41 ticks behind
[04Mar2025 23:40:07.897] [Server thread/WARN] [net.minecraft.server.MinecraftServer/]: Can't keep up! Is the server overloaded? Running 2011ms or 40 ticks behind
[04Mar2025 23:40:24.927] [Server thread/WARN] [net.minecraft.server.MinecraftServer/]: Can't keep up! Is the server overloaded? Running 2041ms or 40 ticks behind
[04Mar2025 23:40:42.135] [Server thread/WARN] [net.minecraft.server.MinecraftServer/]: Can't keep up! Is the server overloaded? Running 2250ms or 45 ticks behind
[04Mar2025 23:40:49.264] [Server thread/INFO] [net.minecraft.server.MinecraftServer/]: Kytsune has made the advancement [Publicity Stunt]
[04Mar2025 23:40:59.354] [Server thread/WARN] [net.minecraft.server.MinecraftServer/]: Can't keep up! Is the server overloaded? Running 2218ms or 44 ticks behind
[04Mar2025 23:41:16.534] [Server thread/WARN] [net.minecraft.server.MinecraftServer/]: Can't keep up! Is the server overloaded? Running 2198ms or 43 ticks behind
[04Mar2025 23:41:33.761] [Server thread/WARN] [net.minecraft.server.MinecraftServer/]: Can't keep up! Is the server overloaded? Running 2275ms or 45 ticks behind
[04Mar2025 23:41:50.763] [Server thread/WARN] [net.minecraft.server.MinecraftServer/]: Can't keep up! Is the server overloaded? Running 2027ms or 40 ticks behind
[04Mar2025 23:42:08.338] [Server thread/WARN] [net.minecraft.server.MinecraftServer/]: Can't keep up! Is the server overloaded? Running 2002ms or 40 ticks behind
[04Mar2025 23:42:26.592] [Server thread/WARN] [net.minecraft.server.MinecraftServer/]: Can't keep up! Is the server overloaded? Running 2006ms or 40 ticks behind
[04Mar2025 23:42:45.593] [Server thread/WARN] [net.minecraft.server.MinecraftServer/]: Can't keep up! Is the server overloaded? Running 4007ms or 80 ticks behind
[04Mar2025 23:43:04.568] [Server thread/WARN] [net.minecraft.server.MinecraftServer/]: Can't keep up! Is the server overloaded? Running 3982ms or 79 ticks behind
[04Mar2025 23:43:25.989] [Server thread/WARN] [net.minecraft.server.MinecraftServer/]: Can't keep up! Is the server overloaded? Running 6453ms or 129 ticks behind
[04Mar2025 23:43:42.798] [Server thread/INFO] [net.minecraft.server.MinecraftServer/]: Kytsune has made the advancement [Worthless]
[04Mar2025 23:43:47.751] [Server thread/WARN] [net.minecraft.server.MinecraftServer/]: Can't keep up! Is the server overloaded? Running 6765ms or 135 ticks behind
[04Mar2025 23:44:08.590] [Server thread/WARN] [net.minecraft.server.MinecraftServer/]: Can't keep up! Is the server overloaded? Running 5855ms or 117 ticks behind
[04Mar2025 23:44:26.117] [Server thread/INFO] [net.minecraft.server.MinecraftServer/]: [Kytsune: Set own game mode to Creative Mode]
[04Mar2025 23:44:28.566] [Server thread/WARN] [net.minecraft.server.MinecraftServer/]: Can't keep up! Is the server overloaded? Running 4980ms or 99 ticks behind
